"","ID","Ptt","HistType","Date","Time.Offset","Count","NumBins","Sum","0-1 m","1-2 m","2-4 m","4-5 m","5-6 m","6-10 m","10-20 m","20-50 m","50-100 m","100-200 m","200-300 m","300-500 m","500-700 m",">700 m"
"1",229299,128155,"TAD",42199.95833,28,97,9,100,20,80,0,0,0,0,0,0,0,NA,NA,NA,NA,NA
"2",229300,128155,"TAD",42200,28,44,9,100,17,45.4,34.1,2.8,0,0,0,0,0,NA,NA,NA,NA,NA
"3",229301,128155,"TAD",42200.25,28,33,9,100,17,41.8,27.9,12.5,0.4,0,0,0,0,NA,NA,NA,NA,NA
"4",229302,128155,"TAD",42200.5,28,25,9,100,24,32.4,36.7,6.5,0.2,0,0,0,0,NA,NA,NA,NA,NA
"5",229303,128155,"TAD",42200.75,28,28,9,100,39,44.8,15,0.6,0,0,0,0,0,NA,NA,NA,NA,NA
"6",229304,128155,"TAD",42201,28,15,9,100,40,39.7,19.5,0.2,0,0,0,0,0,NA,NA,NA,NA,NA
"7",229305,128155,"TAD",42201.25,28,19,9,100,36,23.9,39.4,0,0,0,0,0,0,NA,NA,NA,NA,NA
"8",229306,128155,"TAD",42201.5,28,16,9,100,33,18.8,47.7,0,0,0,0,0,0,NA,NA,NA,NA,NA
"9",229307,128155,"TAD",42201.75,28,16,9,100,30,19.4,49.5,0.2,0,0,0,0,0,NA,NA,NA,NA,NA
"10",229308,128155,"TAD",42202,28,9,9,100,24,21.5,48.8,5.3,0,0,0,0,0,NA,NA,NA,NA,NA
"11",229309,128155,"TAD",42202.25,28,9,9,100,24,23.1,50,2.5,0,0,0,0,0,NA,NA,NA,NA,NA
"12",229310,128155,"TAD",42202.5,28,15,9,100,23,22.3,52.7,1.2,0,0,0,0,0,NA,NA,NA,NA,NA
"13",229311,128155,"TAD",42202.75,28,16,9,100,25,24.8,49.1,0.7,0,0,0,0,0,NA,NA,NA,NA,NA
"14",229312,128155,"TAD",42203,28,13,9,100,32,23.5,40.7,3.5,0,0,0,0,0,NA,NA,NA,NA,NA
"15",229313,128155,"TAD",42203.25,28,9,9,100,38,35.9,25.3,0.6,0,0,0,0,0,NA,NA,NA,NA,NA
"16",229314,128155,"TAD",42203.5,28,9,9,100,31,28.6,40.4,0,0,0,0,0,0,NA,NA,NA,NA,NA
"17",229315,128155,"TAD",42203.75,28,8,9,100,28,27.2,44.3,0.2,0,0,0,0,0,NA,NA,NA,NA,NA
"18",229316,128155,"TAD",42204,28,11,9,100,26,25.9,43.9,3.9,0,0,0,0,0,NA,NA,NA,NA,NA
"19",229317,128155,"TAD",42204.25,28,10,9,100,35,30.9,33.3,0.2,0,0,0,0,0,NA,NA,NA,NA,NA
"20",229318,128155,"TAD",42204.5,28,7,9,100,30,35.2,31.2,3.1,0,0,0,0,0,NA,NA,NA,NA,NA
"21",229319,128155,"TAD",42204.75,28,9,9,100,39,33.3,27.5,0.2,0,0,0,0,0,NA,NA,NA,NA,NA
"22",229320,128155,"TAD",42205,28,10,9,100,31,30.8,35.8,1.5,0,0,0,0,0,NA,NA,NA,NA,NA
"23",229321,128155,"TAD",42205.25,28,5,9,100,42,26.7,23.2,7.8,0,0,0,0,0,NA,NA,NA,NA,NA
"24",229322,128155,"TAD",42205.5,28,11,9,100,27,32.7,39,1.1,0,0,0,0,0,NA,NA,NA,NA,NA
"25",229323,128155,"TAD",42205.75,28,9,9,100,27,43.4,28.7,0.2,0,0,0,0,0,NA,NA,NA,NA,NA
"26",229324,128155,"TAD",42206,28,4,9,100,29,32.1,36.2,1.9,0,0,0,0,0,NA,NA,NA,NA,NA
"27",229325,128155,"TAD",42206.25,28,12,9,100,25,36.4,37.5,0.6,0,0,0,0,0,NA,NA,NA,NA,NA
"28",229326,128155,"TAD",42206.5,28,5,9,100,18,27.3,53.6,0.2,0,0,0,0,0,NA,NA,NA,NA,NA
"29",229327,128155,"TAD",42206.75,28,9,9,100,19,30.2,50,0.2,0,0,0,0,0,NA,NA,NA,NA,NA
"30",229328,128155,"TAD",42207,28,8,9,100,28,34.5,35.6,1.5,0,0,0,0,0,NA,NA,NA,NA,NA
"31",229329,128155,"TAD",42207.25,28,6,9,100,26,49.8,21.8,1.9,0,0,0,0,0,NA,NA,NA,NA,NA
"32",229330,128155,"TAD",42207.5,28,10,9,100,14,27.3,58.6,0,0,0,0,0,0,NA,NA,NA,NA,NA
"33",229331,128155,"TAD",42207.75,28,5,9,100,13,34.5,50.9,1.4,0,0,0,0,0,NA,NA,NA,NA,NA
"34",229332,128155,"TAD",42208,28,4,9,100,13,34.5,50.2,1.9,0,0,0,0,0,NA,NA,NA,NA,NA
"35",229333,128155,"TAD",42208.25,28,9,9,100,16,33.6,48.6,0.9,0,0,0,0,0,NA,NA,NA,NA,NA
"36",229334,128155,"TAD",42208.5,28,7,9,100,15,26.2,53.9,4.9,0,0,0,0,0,NA,NA,NA,NA,NA
"37",229335,128155,"TAD",42208.75,28,6,9,100,18,43.4,38.2,0,0,0,0,0,0,NA,NA,NA,NA,NA
"38",229336,128155,"TAD",42209,28,7,9,100,18,25.7,54.9,1.2,0,0,0,0,0,NA,NA,NA,NA,NA
"39",229337,128155,"TAD",42209.25,28,4,9,100,24,32.6,35.1,8.1,0,0,0,0,0,NA,NA,NA,NA,NA
"40",229338,128155,"TAD",42209.5,28,7,9,100,25,28,39.8,6.5,0,0,0,0,0,NA,NA,NA,NA,NA
"41",229339,128155,"TAD",42209.75,28,16,9,100,24,19.4,29.4,26.8,0,0,0,0,0,NA,NA,NA,NA,NA
"42",229340,128155,"TAD",42210,28,13,9,100,27,40.9,27.8,4.1,0,0,0,0,0,NA,NA,NA,NA,NA
"43",229341,128155,"TAD",42210.25,28,11,9,100,26,27.8,45.6,0,0,0,0,0,0,NA,NA,NA,NA,NA
"44",229342,128155,"TAD",42210.5,28,8,9,100,19,30.5,49.7,0,0,0,0,0,0,NA,NA,NA,NA,NA
"45",229343,128155,"TAD",42210.75,28,10,9,100,20,32.8,46.3,0,0,0,0,0,0,NA,NA,NA,NA,NA
"46",229344,128155,"TAD",42211,28,10,9,100,23,48.5,28.1,0,0,0,0,0,0,NA,NA,NA,NA,NA
"47",229345,128155,"TAD",42211.25,28,9,9,100,19,36.9,43.6,0,0,0,0,0,0,NA,NA,NA,NA,NA
"48",229346,128155,"TAD",42211.5,28,9,9,100,25,43,31.2,0.4,0,0,0,0,0,NA,NA,NA,NA,NA
"49",229347,128155,"TAD",42211.75,28,11,9,100,15,35.4,49.5,0,0,0,0,0,0,NA,NA,NA,NA,NA
"50",229348,128155,"TAD",42212,28,11,9,100,17,34,48.6,0,0,0,0,0,0,NA,NA,NA,NA,NA
"51",229349,128155,"TAD",42212.25,28,4,9,100,24,48.8,26.6,0,0,0,0,0,0,NA,NA,NA,NA,NA
"52",229350,128155,"TAD",42212.5,28,8,9,100,18,39.1,42.2,0,0,0,0,0,0,NA,NA,NA,NA,NA
"53",229351,128155,"TAD",42212.75,28,9,9,100,26,45.6,27.6,0,0,0,0,0,0,NA,NA,NA,NA,NA
"54",229352,128155,"TAD",42213,28,8,9,100,22,31.1,46.1,0,0,0,0,0,0,NA,NA,NA,NA,NA
"55",229353,128155,"TAD",42213.25,28,12,9,100,19,38.7,41.7,0,0,0,0,0,0,NA,NA,NA,NA,NA
"56",229354,128155,"TAD",42213.5,28,13,9,100,25,32.6,42.2,0,0,0,0,0,0,NA,NA,NA,NA,NA
"57",229355,128155,"TAD",42213.75,28,7,9,100,26,49.5,23.6,0,0,0,0,0,0,NA,NA,NA,NA,NA
"58",229356,128155,"TAD",42214,28,10,9,100,26,36.7,36.4,0,0,0,0,0,0,NA,NA,NA,NA,NA
"59",229357,128155,"TAD",42214.25,28,10,9,100,22,50.6,26.9,0,0,0,0,0,0,NA,NA,NA,NA,NA
"60",229358,128155,"TAD",42214.5,28,11,9,100,19,43,38,0,0,0,0,0,0,NA,NA,NA,NA,NA
"61",229359,128155,"TAD",42214.75,28,8,9,100,18,46.1,35.9,0,0,0,0,0,0,NA,NA,NA,NA,NA
"62",229360,128155,"TAD",42215,28,5,9,100,15,26.9,58.1,0,0,0,0,0,0,NA,NA,NA,NA,NA
"63",229361,128155,"TAD",42215.25,28,6,9,100,18,29.2,52.1,0.2,0,0,0,0,0,NA,NA,NA,NA,NA
"64",229362,128155,"TAD",42215.5,28,14,9,100,15,18.7,63.8,2.2,0,0,0,0,0,NA,NA,NA,NA,NA
"65",229363,128155,"TAD",42215.75,28,8,9,100,16,17.7,64.8,0.6,0,0,0,0,0,NA,NA,NA,NA,NA
"66",229364,128155,"TAD",42216,28,9,9,100,23,34.6,41.1,0.4,0,0,0,0,0,NA,NA,NA,NA,NA
"67",229365,128155,"TAD",42216.25,28,6,9,100,19,32.4,48.6,0,0,0,0,0,0,NA,NA,NA,NA,NA
"68",229366,128155,"TAD",42216.5,28,9,9,100,14,29.9,56,0,0,0,0,0,0,NA,NA,NA,NA,NA
"69",229367,128155,"TAD",42216.75,28,15,9,100,14,33.6,50.2,1.9,0,0,0,0,0,NA,NA,NA,NA,NA
"70",229368,128155,"TAD",42217,28,9,9,100,20,43,35.7,1.1,0,0,0,0,0,NA,NA,NA,NA,NA
"71",229369,128155,"TAD",42217.25,28,8,9,100,16,30.9,52.9,0,0,0,0,0,0,NA,NA,NA,NA,NA
"72",229370,128155,"TAD",42217.5,28,8,9,100,16,17.8,65.8,0,0,0,0,0,0,NA,NA,NA,NA,NA
"73",229371,128155,"TAD",42217.75,28,12,9,100,13,21.7,62.1,2.2,0,0,0,0,0,NA,NA,NA,NA,NA
"74",229372,128155,"TAD",42218,28,12,9,100,17,17.8,64.2,0.6,0,0,0,0,0,NA,NA,NA,NA,NA
"75",229373,128155,"TAD",42218.25,28,9,9,100,17,37,44.4,1.5,0,0,0,0,0,NA,NA,NA,NA,NA
"76",229374,128155,"TAD",42218.5,28,7,9,100,15,18.3,65.8,0.3,0,0,0,0,0,NA,NA,NA,NA,NA
"77",229375,128155,"TAD",42218.75,28,10,9,100,12,17.5,70.1,0.3,0,0,0,0,0,NA,NA,NA,NA,NA
"78",229376,128155,"TAD",42219,28,10,9,100,17,31.7,50.5,0,0,0,0,0,0,NA,NA,NA,NA,NA
"79",229377,128155,"TAD",42219.25,28,18,9,100,25,38.3,36.5,0.2,0,0,0,0,0,NA,NA,NA,NA,NA
"80",229378,128155,"TAD",42219.5,28,18,9,100,18,30,47.8,4.2,0,0,0,0,0,NA,NA,NA,NA,NA
"81",229379,128155,"TAD",42219.75,28,9,9,100,17,43,39.7,0,0,0,0,0,0,NA,NA,NA,NA,NA
"82",229380,128155,"TAD",42220,28,7,9,100,16,29.9,49.3,4.2,0,0,0,0,0,NA,NA,NA,NA,NA
"83",229381,128155,"TAD",42220.25,28,12,9,100,14,40.2,42.4,2.8,0,0,0,0,0,NA,NA,NA,NA,NA
"84",229382,128155,"TAD",42220.5,28,10,9,100,20,37.8,40.6,0.7,0,0,0,0,0,NA,NA,NA,NA,NA
"85",229383,128155,"TAD",42220.75,28,12,9,100,28,59.2,12.2,0,0,0,0,0,0,NA,NA,NA,NA,NA
"86",229384,128155,"TAD",42221,28,13,9,100,17,32.6,49.3,0.2,0,0,0,0,0,NA,NA,NA,NA,NA
"87",229385,128155,"TAD",42221.25,28,9,9,100,26,35.6,36.9,0.9,0,0,0,0,0,NA,NA,NA,NA,NA
"88",229386,128155,"TAD",42221.5,28,9,9,100,17,38.6,44,0,0,0,0,0,0,NA,NA,NA,NA,NA
"89",229387,128155,"TAD",42221.75,28,7,9,100,14,72.5,12.9,0,0,0,0,0,0,NA,NA,NA,NA,NA
"90",229388,128155,"TAD",42222,28,11,9,100,14,41.9,43.7,0,0,0,0,0,0,NA,NA,NA,NA,NA
"91",229389,128155,"TAD",42222.25,28,6,9,100,18,37,44.8,0.2,0,0,0,0,0,NA,NA,NA,NA,NA
"92",229390,128155,"TAD",42222.5,28,7,9,100,10,46.5,43.1,0,0,0,0,0,0,NA,NA,NA,NA,NA
"93",229391,128155,"TAD",42222.75,28,9,9,100,10,51.9,37.7,0,0,0,0,0,0,NA,NA,NA,NA,NA
"94",229392,128155,"TAD",42223,28,14,9,100,11,40.8,47.3,0,0,0,0,0,0,NA,NA,NA,NA,NA
"95",229393,128155,"TAD",42223.25,28,8,9,100,17,39.1,43.2,0,0,0,0,0,0,NA,NA,NA,NA,NA
"96",229394,128155,"TAD",42223.5,28,7,9,100,35,57.4,7.2,0,0,0,0,0,0,NA,NA,NA,NA,NA
"97",229395,128155,"TAD",42223.75,28,5,9,100,16,58.1,25.2,0,0,0,0,0,0,NA,NA,NA,NA,NA
"98",229396,128155,"TAD",42224,28,13,9,100,13,48.5,38.3,0,0,0,0,0,0,NA,NA,NA,NA,NA
"99",229397,128155,"TAD",42224.25,28,16,9,100,17,31.9,50.2,0,0,0,0,0,0,NA,NA,NA,NA,NA
"100",229398,128155,"TAD",42224.5,28,11,9,100,27,60.4,12.3,0,0,0,0,0,0,NA,NA,NA,NA,NA
"101",229399,128155,"TAD",42224.75,28,7,9,100,31,59.2,9.7,0,0,0,0,0,0,NA,NA,NA,NA,NA
"102",229400,128155,"TAD",42225,28,6,9,100,16,33.6,49.7,0,0,0,0,0,0,NA,NA,NA,NA,NA
"103",229401,128155,"TAD",42225.25,28,9,9,100,15,32.9,49.4,2.6,0,0,0,0,0,NA,NA,NA,NA,NA
"104",229402,128155,"TAD",42225.5,28,6,9,100,17,51.9,30.1,0.2,0,0,0,0,0,NA,NA,NA,NA,NA
"105",229403,128155,"TAD",42225.75,28,12,9,100,22,70,7.2,0,0,0,0,0,0,NA,NA,NA,NA,NA
"106",229404,128155,"TAD",42226,28,11,9,100,14,65.8,19.7,0,0,0,0,0,0,NA,NA,NA,NA,NA
"107",229405,128155,"TAD",42226.25,28,13,9,100,13,49.5,36.3,0.2,0,0,0,0,0,NA,NA,NA,NA,NA
"108",229406,128155,"TAD",42226.5,28,12,9,100,8,56.8,34.3,0,0,0,0,0,0,NA,NA,NA,NA,NA
"109",229407,128155,"TAD",42226.75,28,12,9,100,9,46.1,44.6,0,0,0,0,0,0,NA,NA,NA,NA,NA
"110",229408,128155,"TAD",42227,28,10,9,100,9,42.6,47.5,0.2,0,0,0,0,0,NA,NA,NA,NA,NA
"111",229409,128155,"TAD",42227.25,28,10,9,100,13,51.6,35.2,0,0,0,0,0,0,NA,NA,NA,NA,NA
"112",229410,128155,"TAD",42227.5,28,4,9,100,13,66.4,20,0,0,0,0,0,0,NA,NA,NA,NA,NA
"113",229411,128155,"TAD",42227.75,28,18,9,100,17,71.5,11,0,0,0,0,0,0,NA,NA,NA,NA,NA
"114",229412,128155,"TAD",42228,28,12,9,100,20,66,13.9,0,0,0,0,0,0,NA,NA,NA,NA,NA
"115",229413,128155,"TAD",42228.25,28,13,9,100,13,43,43.7,0,0,0,0,0,0,NA,NA,NA,NA,NA
"116",229414,128155,"TAD",42228.5,28,12,9,100,12,31.2,56.4,0,0,0,0,0,0,NA,NA,NA,NA,NA
"117",229415,128155,"TAD",42228.75,28,10,9,100,12,28.8,56.8,1.6,0,0,0,0,0,NA,NA,NA,NA,NA
"118",229416,128155,"TAD",42229,28,5,9,100,21,62.7,15.9,0,0,0,0,0,0,NA,NA,NA,NA,NA
"119",229417,128155,"TAD",42229.25,28,9,9,100,17,38.2,44,0,0,0,0,0,0,NA,NA,NA,NA,NA
"120",229418,128155,"TAD",42229.5,28,12,9,100,10,55.3,34,0,0,0,0,0,0,NA,NA,NA,NA,NA
"121",229419,128155,"TAD",42229.75,28,11,9,100,12,48.6,39.4,0,0,0,0,0,0,NA,NA,NA,NA,NA
"122",229420,128155,"TAD",42230,28,7,9,100,14,77.3,7.8,0,0,0,0,0,0,NA,NA,NA,NA,NA
"123",229421,128155,"TAD",42230.25,28,8,9,100,11,70,18.6,0,0,0,0,0,0,NA,NA,NA,NA,NA
"124",229422,128155,"TAD",42230.5,28,14,9,100,15,65,19.4,0,0,0,0,0,0,NA,NA,NA,NA,NA
"125",229423,128155,"TAD",42230.75,28,12,9,100,14,43.9,41.3,0,0,0,0,0,0,NA,NA,NA,NA,NA
"126",229424,128155,"TAD",42231,28,9,9,100,10,44.4,44.8,0,0,0,0,0,0,NA,NA,NA,NA,NA
"127",229425,128155,"TAD",42231.25,28,6,9,100,11,65.6,22.5,0,0,0,0,0,0,NA,NA,NA,NA,NA
"128",229426,128155,"TAD",42231.5,28,8,9,100,7,45.7,46.5,0,0,0,0,0,0,NA,NA,NA,NA,NA
"129",229427,128155,"TAD",42231.75,28,12,9,100,11,53.5,35,0,0,0,0,0,0,NA,NA,NA,NA,NA
"130",229428,128155,"TAD",42232,28,9,9,100,9,35,55.5,0.2,0,0,0,0,0,NA,NA,NA,NA,NA
"131",229429,128155,"TAD",42232.25,28,11,9,100,9,30.6,53.5,6.3,0,0,0,0,0,NA,NA,NA,NA,NA
"132",229430,128155,"TAD",42232.5,28,11,9,100,19,43.9,26.5,9.3,0.6,0,0,0,0,NA,NA,NA,NA,NA
"133",229431,128155,"TAD",42232.75,28,12,9,100,10,47.2,38.3,4.4,0,0,0,0,0,NA,NA,NA,NA,NA
"134",229432,128155,"TAD",42233,29,9,9,100,9,40,44.8,6.1,0,0,0,0,0,NA,NA,NA,NA,NA
"135",229433,128155,"TAD",42233.25,29,14,9,100,10,21.3,64,4.7,0,0,0,0,0,NA,NA,NA,NA,NA
"136",229434,128155,"TAD",42233.5,29,10,9,100,10,33.6,55.8,0.2,0,0,0,0,0,NA,NA,NA,NA,NA
"137",229435,128155,"TAD",42233.75,29,8,9,100,20,64.7,14.4,0,0,0,0,0,0,NA,NA,NA,NA,NA
"138",229436,128155,"TAD",42234,29,9,9,100,15,70.9,13.3,0,0,0,0,0,0,NA,NA,NA,NA,NA
"139",229437,128155,"TAD",42234.25,29,11,9,100,12,51.7,36,0,0,0,0,0,0,NA,NA,NA,NA,NA
"140",229438,128155,"TAD",42234.5,29,10,9,100,13,62.1,24,0,0,0,0,0,0,NA,NA,NA,NA,NA
"141",229439,128155,"TAD",42234.75,29,15,9,100,16,41.9,38.1,3.1,0,0,0,0,0,NA,NA,NA,NA,NA
"142",229440,128155,"TAD",42235,29,16,9,100,16,31.3,50.8,1.2,0,0,0,0,0,NA,NA,NA,NA,NA
"143",229441,128155,"TAD",42235.25,29,9,9,100,22,33.3,42.2,2.4,0,0,0,0,0,NA,NA,NA,NA,NA
"144",229442,128155,"TAD",42235.5,29,9,9,100,14,73.5,12.3,0,0,0,0,0,0,NA,NA,NA,NA,NA
"145",229443,128155,"TAD",42235.75,29,7,9,100,33,64.7,2.2,0,0,0,0,0,0,NA,NA,NA,NA,NA
"146",229444,128155,"TAD",42236,29,10,9,100,13,43,42.4,1.1,0,0,0,0,0,NA,NA,NA,NA,NA
"147",229445,128155,"TAD",42236.25,29,9,9,100,12,32.6,55.1,0,0,0,0,0,0,NA,NA,NA,NA,NA
"148",229446,128155,"TAD",42236.5,29,11,9,100,12,38.9,49.1,0,0,0,0,0,0,NA,NA,NA,NA,NA
"149",229447,128155,"TAD",42236.75,29,7,9,100,14,58.1,27.1,0,0,0,0,0,0,NA,NA,NA,NA,NA
"150",229448,128155,"TAD",42237,29,9,9,100,11,39.4,49.4,0,0,0,0,0,0,NA,NA,NA,NA,NA
"151",229449,128155,"TAD",42237.25,29,9,9,100,13,20.4,54.4,11.3,0,0,0,0,0,NA,NA,NA,NA,NA
"152",229450,128155,"TAD",42237.5,29,9,9,100,15,50.3,23.3,10.4,0,0,0,0,0,NA,NA,NA,NA,NA
"153",229451,128155,"TAD",42237.75,29,10,9,100,13,64.7,21.4,0,0,0,0,0,0,NA,NA,NA,NA,NA
"154",229452,128155,"TAD",42238,29,5,9,100,12,47.1,40.1,0.2,0,0,0,0,0,NA,NA,NA,NA,NA
"155",229453,128155,"TAD",42238.25,29,12,9,100,16,44.3,39.1,0.2,0,0,0,0,0,NA,NA,NA,NA,NA
"156",229454,128155,"TAD",42238.5,29,9,9,100,29,27.6,35.4,7.2,0,0,0,0,0,NA,NA,NA,NA,NA
"157",229455,128155,"TAD",42238.75,29,15,9,100,12,30.4,55.9,1.4,0,0,0,0,0,NA,NA,NA,NA,NA
"158",229456,128155,"TAD",42239,29,12,9,100,14,49.5,27.5,7.4,0.7,0,0,0,0,NA,NA,NA,NA,NA
"159",229457,128155,"TAD",42239.25,29,7,9,100,12,23.3,51,13.4,0.2,0,0,0,0,NA,NA,NA,NA,NA
"160",229458,128155,"TAD",42239.5,29,17,9,100,9,34.6,55.4,0,0,0,0,0,0,NA,NA,NA,NA,NA
"161",229459,128155,"TAD",42239.75,29,19,9,100,6,31.1,61.9,0,0,0,0,0,0,NA,NA,NA,NA,NA
"162",229460,128155,"TAD",42240,29,12,9,100,8,22.5,69.4,0,0,0,0,0,0,NA,NA,NA,NA,NA
"163",229461,128155,"TAD",42240.25,29,11,9,100,11,35.6,52.3,0.2,0,0,0,0,0,NA,NA,NA,NA,NA
"164",229462,128155,"TAD",42240.5,29,4,9,100,9,43.7,47,0.2,0,0,0,0,0,NA,NA,NA,NA,NA
"165",229463,128155,"TAD",42240.75,29,5,9,100,8,46,41.6,3.5,0,0,0,0,0,NA,NA,NA,NA,NA
"166",229464,128155,"TAD",42241,29,8,9,100,10,56.5,32.6,0,0,0,0,0,0,NA,NA,NA,NA,NA
"167",229465,128155,"TAD",42241.25,29,12,9,100,12,53.9,34,0,0,0,0,0,0,NA,NA,NA,NA,NA
"168",229466,128155,"TAD",42241.5,29,13,9,100,15,62.1,22.6,0,0,0,0,0,0,NA,NA,NA,NA,NA
"169",229467,128155,"TAD",42241.75,29,13,9,100,13,51.5,35,0,0,0,0,0,0,NA,NA,NA,NA,NA
"170",229468,128155,"TAD",42242,29,9,9,100,14,37.5,48.4,0,0,0,0,0,0,NA,NA,NA,NA,NA
"171",229469,128155,"TAD",42242.25,29,9,9,100,17,35,47.2,0.2,0,0,0,0,0,NA,NA,NA,NA,NA
"172",229470,128155,"TAD",42242.5,29,7,9,100,20,71.8,7.8,0,0,0,0,0,0,NA,NA,NA,NA,NA
"173",229471,128155,"TAD",42242.75,29,10,9,100,11,56,32.6,0,0,0,0,0,0,NA,NA,NA,NA,NA
"174",229472,128155,"TAD",42243,29,14,9,100,14,50.9,35,0,0,0,0,0,0,NA,NA,NA,NA,NA
"175",229473,128155,"TAD",42243.25,29,17,9,100,13,45.6,41.1,0.2,0,0,0,0,0,NA,NA,NA,NA,NA
"176",229474,128155,"TAD",42243.5,29,16,9,100,12,33.1,52.8,2.1,0,0,0,0,0,NA,NA,NA,NA,NA
"177",229475,128155,"TAD",42243.75,29,13,9,100,16,66.9,16.4,0,0,0,0,0,0,NA,NA,NA,NA,NA
"178",229476,128155,"TAD",42244,29,15,9,100,11,47.8,40.4,0,0,0,0,0,0,NA,NA,NA,NA,NA
"179",229477,128155,"TAD",42244.25,29,7,9,100,20,45.2,33.9,0,0,0,0,0,0,NA,NA,NA,NA,NA
"180",229478,128155,"TAD",42244.5,29,10,9,100,27,48.1,24.1,0.2,0,0,0,0,0,NA,NA,NA,NA,NA
"181",229479,128155,"TAD",42244.75,29,9,9,100,26,61.9,11.7,0,0,0,0,0,0,NA,NA,NA,NA,NA
"182",229480,128155,"TAD",42245,29,11,9,100,11,70.6,18.3,0,0,0,0,0,0,NA,NA,NA,NA,NA
"183",229481,128155,"TAD",42245.25,29,12,9,100,13,35.6,51.4,0,0,0,0,0,0,NA,NA,NA,NA,NA
"184",229482,128155,"TAD",42245.5,29,8,9,100,9,39.6,50.7,0.2,0,0,0,0,0,NA,NA,NA,NA,NA
"185",229483,128155,"TAD",42245.75,29,8,9,100,9,41.3,49.2,0,0,0,0,0,0,NA,NA,NA,NA,NA
"186",229484,128155,"TAD",42246,29,12,9,100,6,26.5,67.4,0,0,0,0,0,0,NA,NA,NA,NA,NA
"187",229485,128155,"TAD",42246.25,29,10,9,100,6,35.4,58.3,0,0,0,0,0,0,NA,NA,NA,NA,NA
"188",229486,128155,"TAD",42246.5,29,9,9,100,8,61.9,29.7,0,0,0,0,0,0,NA,NA,NA,NA,NA
"189",229487,128155,"TAD",42246.75,29,16,9,100,7,53.2,39.4,0,0,0,0,0,0,NA,NA,NA,NA,NA
"190",229488,128155,"TAD",42247,29,7,9,100,7,26,65.9,0.3,0,0,0,0,0,NA,NA,NA,NA,NA
"191",229489,128155,"TAD",42247.25,29,9,9,100,8,27.3,64.1,0,0,0,0,0,0,NA,NA,NA,NA,NA
"192",229490,128155,"TAD",42247.5,29,9,9,100,10,35.4,53.7,0,0,0,0,0,0,NA,NA,NA,NA,NA
"193",229491,128155,"TAD",42247.75,29,16,9,100,8,33.1,58.3,0,0,0,0,0,0,NA,NA,NA,NA,NA
"194",229492,128155,"TAD",42248,29,8,9,100,11,25.8,62.5,0,0,0,0,0,0,NA,NA,NA,NA,NA
"195",229493,128155,"TAD",42248.25,29,7,9,100,12,24.4,63.3,0,0,0,0,0,0,NA,NA,NA,NA,NA
"196",229494,128155,"TAD",42248.5,29,9,9,100,13,33.1,53.7,0,0,0,0,0,0,NA,NA,NA,NA,NA
"197",229495,128155,"TAD",42248.75,29,9,9,100,11,29.9,58.6,0,0,0,0,0,0,NA,NA,NA,NA,NA
"198",229496,128155,"TAD",42249,29,8,9,100,11,21.9,66.8,0.3,0,0,0,0,0,NA,NA,NA,NA,NA
"199",229497,128155,"TAD",42249.25,29,16,9,100,14,37,48.6,0,0,0,0,0,0,NA,NA,NA,NA,NA
"200",229498,128155,"TAD",42249.5,29,10,9,100,14,74.4,11.7,0,0,0,0,0,0,NA,NA,NA,NA,NA
"201",229499,128155,"TAD",42249.75,29,11,9,100,23,62.2,14.7,0,0,0,0,0,0,NA,NA,NA,NA,NA
"202",229500,128155,"TAD",42250,29,10,9,100,17,61.9,20.3,0,0,0,0,0,0,NA,NA,NA,NA,NA
"203",229501,128155,"TAD",42250.25,29,6,9,100,28,31.7,39.9,0,0,0,0,0,0,NA,NA,NA,NA,NA
"204",229502,128155,"TAD",42250.5,29,9,9,100,26,55.3,17.8,0,0,0,0,0,0,NA,NA,NA,NA,NA
"205",229503,128155,"TAD",42250.75,29,13,9,100,11,72.4,15.9,0,0,0,0,0,0,NA,NA,NA,NA,NA
"206",229504,128155,"TAD",42251,29,13,9,100,14,37.5,47.5,0.7,0,0,0,0,0,NA,NA,NA,NA,NA
"207",229505,128155,"TAD",42251.25,29,8,9,100,12,18.6,65.6,3.1,0,0,0,0,0,NA,NA,NA,NA,NA
"208",229506,128155,"TAD",42251.5,29,12,9,100,25,38,33.5,2.8,0,0,0,0,0,NA,NA,NA,NA,NA
"209",229507,128155,"TAD",42251.75,29,15,9,100,8,29.2,61.9,0,0,0,0,0,0,NA,NA,NA,NA,NA
"210",229508,128155,"TAD",42252,29,13,9,100,13,26.3,59.3,1.4,0,0,0,0,0,NA,NA,NA,NA,NA
"211",229509,128155,"TAD",42252.25,29,11,9,100,11,32.7,44.5,11.7,0,0,0,0,0,NA,NA,NA,NA,NA
"212",229510,128155,"TAD",42252.5,29,10,9,100,17,24.3,50,8.3,0,0,0,0,0,NA,NA,NA,NA,NA
"213",229511,128155,"TAD",42252.75,29,10,9,100,8,29.5,41.9,20,0,0,0,0,0,NA,NA,NA,NA,NA
"214",229512,128155,"TAD",42253,29,8,9,100,9,18.5,56.7,15,0,0,0,0,0,NA,NA,NA,NA,NA
"215",229513,128155,"TAD",42253.25,29,11,9,100,8,20.8,53.9,16.9,0,0,0,0,0,NA,NA,NA,NA,NA
"216",229514,128155,"TAD",42253.5,29,6,9,100,9,25.2,51.4,13.9,0,0,0,0,0,NA,NA,NA,NA,NA
"217",229515,128155,"TAD",42253.75,29,8,9,100,8,45.6,45.6,0.2,0,0,0,0,0,NA,NA,NA,NA,NA
"218",229516,128155,"TAD",42254,29,9,9,100,8,25,66.4,0.3,0,0,0,0,0,NA,NA,NA,NA,NA
"219",229517,128155,"TAD",42254.25,29,13,9,100,8,20.8,65.6,4.7,0,0,0,0,0,NA,NA,NA,NA,NA
"220",229518,128155,"TAD",42254.5,29,17,9,100,12,27.8,59.4,0,0,0,0,0,0,NA,NA,NA,NA,NA
"221",229519,128155,"TAD",42254.75,29,10,9,100,8,47.3,44,0,0,0,0,0,0,NA,NA,NA,NA,NA
"222",229520,128155,"TAD",42255,29,13,9,100,9,43.4,47.1,0,0,0,0,0,0,NA,NA,NA,NA,NA
"223",229521,128155,"TAD",42255.25,29,11,9,100,8,30.4,61.6,0,0,0,0,0,0,NA,NA,NA,NA,NA
"224",229522,128155,"TAD",42255.5,29,10,9,100,11,51.2,37.3,0,0,0,0,0,0,NA,NA,NA,NA,NA
"225",229523,128155,"TAD",42255.75,29,12,9,100,11,41.7,47.1,0,0,0,0,0,0,NA,NA,NA,NA,NA
"226",229524,128155,"TAD",42256,29,13,9,100,13,72.4,14.3,0,0,0,0,0,0,NA,NA,NA,NA,NA
"227",229525,128155,"TAD",42256.25,29,11,9,100,8,39.4,52.1,0,0,0,0,0,0,NA,NA,NA,NA,NA
"228",229526,128155,"TAD",42256.5,29,6,9,100,10,39.1,50.5,0,0,0,0,0,0,NA,NA,NA,NA,NA
"229",229527,128155,"TAD",42256.75,29,12,9,100,12,34.3,53.5,0,0,0,0,0,0,NA,NA,NA,NA,NA
"230",229528,128155,"TAD",42257,29,13,9,100,11,31.2,57.3,0.5,0,0,0,0,0,NA,NA,NA,NA,NA
"231",229529,128155,"TAD",42257.25,29,10,9,100,9,35,53.7,1.6,0,0,0,0,0,NA,NA,NA,NA,NA
"232",229530,128155,"TAD",42257.5,29,10,9,100,20,41.9,35.8,1.9,0,0,0,0,0,NA,NA,NA,NA,NA
"233",229531,128155,"TAD",42257.75,29,15,9,100,18,47.3,34.3,0.2,0,0,0,0,0,NA,NA,NA,NA,NA
"234",229532,128155,"TAD",42258,29,14,9,100,11,48.8,40,0,0,0,0,0,0,NA,NA,NA,NA,NA
"235",229533,128155,"TAD",42258.25,29,12,9,100,10,37,49,3.7,0,0,0,0,0,NA,NA,NA,NA,NA
"236",229534,128155,"TAD",42258.5,29,17,9,100,15,61.1,23.1,0,0,0,0,0,0,NA,NA,NA,NA,NA
"237",229535,128155,"TAD",42258.75,29,13,9,100,15,53,31.9,0,0,0,0,0,0,NA,NA,NA,NA,NA
"238",229536,128155,"TAD",42259,29,11,9,100,12,34.5,52.5,0.2,0,0,0,0,0,NA,NA,NA,NA,NA
"239",229537,128155,"TAD",42259.25,29,10,9,100,13,61.8,24.8,0,0,0,0,0,0,NA,NA,NA,NA,NA
"240",229538,128155,"TAD",42259.5,29,5,9,100,18,53.5,28,0,0,0,0,0,0,NA,NA,NA,NA,NA
"241",229539,128155,"TAD",42259.75,29,13,9,100,28,26.5,41.7,3.7,0,0,0,0,0,NA,NA,NA,NA,NA
"242",229540,128155,"TAD",42260,29,6,9,100,20,37.1,41.7,0.4,0,0,0,0,0,NA,NA,NA,NA,NA
"243",229541,128155,"TAD",42260.25,29,9,9,100,12,23.3,57.3,6.9,0,0,0,0,0,NA,NA,NA,NA,NA
"244",229542,128155,"TAD",42260.5,29,9,9,100,24,51.2,24.5,0,0,0,0,0,0,NA,NA,NA,NA,NA
"245",229543,128155,"TAD",42260.75,29,10,9,100,12,27.3,55.8,4.2,0,0,0,0,0,NA,NA,NA,NA,NA
"246",229544,128155,"TAD",42261,29,15,9,100,10,19.7,52.1,17.8,0,0,0,0,0,NA,NA,NA,NA,NA
"247",229545,128155,"TAD",42261.25,29,10,9,100,7,19.3,57.8,15.8,0,0,0,0,0,NA,NA,NA,NA,NA
"248",229546,128155,"TAD",42261.5,29,11,9,100,9,18.9,68,3.3,0,0,0,0,0,NA,NA,NA,NA,NA
"249",229547,128155,"TAD",42261.75,29,9,9,100,10,41.2,47.9,0,0,0,0,0,0,NA,NA,NA,NA,NA
"250",229548,128155,"TAD",42262,29,12,9,100,15,32.5,52,0.5,0,0,0,0,0,NA,NA,NA,NA,NA
"251",229549,128155,"TAD",42262.25,29,12,9,100,15,28.9,55.1,0.2,0,0,0,0,0,NA,NA,NA,NA,NA
"252",229550,128155,"TAD",42262.5,29,8,9,100,17,33.3,48.8,0,0,0,0,0,0,NA,NA,NA,NA,NA
"253",229551,128155,"TAD",42262.75,29,10,9,100,10,43.3,46.5,0,0,0,0,0,0,NA,NA,NA,NA,NA
"254",229552,128155,"TAD",42263,29,7,9,100,9,42.4,45.6,2.2,0,0,0,0,0,NA,NA,NA,NA,NA
"255",229553,128155,"TAD",42263.25,29,10,9,100,7,19.1,47.1,26,0,0,0,0,0,NA,NA,NA,NA,NA
"256",229554,128155,"TAD",42263.5,29,10,9,100,7,17.2,74.4,1,0,0,0,0,0,NA,NA,NA,NA,NA
"257",229555,128155,"TAD",42263.75,29,5,9,100,10,29.2,60.8,0,0,0,0,0,0,NA,NA,NA,NA,NA
"258",229556,128155,"TAD",42264,29,14,9,100,12,18,38.7,31.3,0,0,0,0,0,NA,NA,NA,NA,NA
"259",229557,128155,"TAD",42264.25,29,16,9,100,8,17.8,66.6,7,0,0,0,0,0,NA,NA,NA,NA,NA
"260",229558,128155,"TAD",42264.5,29,15,9,100,10,29.4,60.3,0,0,0,0,0,0,NA,NA,NA,NA,NA
"261",229559,128155,"TAD",42264.75,29,8,9,100,9,38,52.3,0,0,0,0,0,0,NA,NA,NA,NA,NA
"262",229560,128155,"TAD",42265,29,11,9,100,9,17.6,55.3,18.1,0,0,0,0,0,NA,NA,NA,NA,NA
"263",229561,128155,"TAD",42265.25,29,12,9,100,9,26.7,62.7,1.1,0,0,0,0,0,NA,NA,NA,NA,NA
"264",229562,128155,"TAD",42265.5,29,14,9,100,10,22.2,67.2,0,0,0,0,0,0,NA,NA,NA,NA,NA
"265",229563,128155,"TAD",42265.75,29,10,9,100,13,12.9,34.7,21,18.3,0,0,0,0,NA,NA,NA,NA,NA
"266",229564,128155,"TAD",42266,29,5,9,100,13,38,40.4,7.6,0.9,0,0,0,0,NA,NA,NA,NA,NA
"267",229565,128155,"TAD",42266.25,30,5,9,100,9,22.2,59.4,8.9,0,0,0,0,0,NA,NA,NA,NA,NA
"268",229566,128155,"TAD",42266.5,30,5,9,100,18,22.2,54.7,2.8,1.4,0,0,0,0,NA,NA,NA,NA,NA
"269",229567,128155,"TAD",42266.75,30,11,9,100,17,13.4,26,36.4,6.7,0,0,0,0,NA,NA,NA,NA,NA
"270",229568,128155,"TAD",42267,30,13,9,100,10,16.5,42.4,26.1,4.4,0,0,0,0,NA,NA,NA,NA,NA
"271",229569,128155,"TAD",42267.25,30,11,9,100,12,9.5,24.8,49.9,3.2,0,0,0,0,NA,NA,NA,NA,NA
"272",229570,128155,"TAD",42267.5,30,13,9,100,9,5.8,43.2,41.4,0.2,0,0,0,0,NA,NA,NA,NA,NA
"273",229571,128155,"TAD",42267.75,30,11,9,100,15,14,60.9,10.1,0,0,0,0,0,NA,NA,NA,NA,NA
"274",229572,128155,"TAD",42268,30,9,9,100,25,29.7,32.1,11.1,2.1,0,0,0,0,NA,NA,NA,NA,NA
"275",229573,128155,"TAD",42268.25,30,12,9,100,14,16.5,25.5,15.4,27.9,0,0,0,0,NA,NA,NA,NA,NA
"276",229574,128155,"TAD",42268.5,30,10,9,100,19,28.2,52.2,0.2,0,0,0,0,0,NA,NA,NA,NA,NA
"277",229575,128155,"TAD",42268.75,30,8,9,100,34,16.4,20,24.2,5.1,0,0,0,0,NA,NA,NA,NA,NA
"278",229576,128155,"TAD",42269,30,13,9,100,13,19.4,47.5,19.9,0.2,0,0,0,0,NA,NA,NA,NA,NA
"279",229577,128155,"TAD",42269.25,30,8,9,100,25,65.8,8.3,0,0,0,0,0,0,NA,NA,NA,NA,NA
"280",229578,128155,"TAD",42269.5,30,7,9,100,18,45.6,35.6,0,0,0,0,0,0,NA,NA,NA,NA,NA
"281",229579,128155,"TAD",42269.75,30,13,9,100,11,13.9,17.8,13.2,43.2,0,0,0,0,NA,NA,NA,NA,NA
"282",229580,128155,"TAD",42270,30,12,9,100,10,9.9,29.4,26.9,23.1,0,0,0,0,NA,NA,NA,NA,NA
"283",229581,128155,"TAD",42270.25,30,15,9,100,9,8.8,49.5,30.1,1.9,0,0,0,0,NA,NA,NA,NA,NA
"284",229582,128155,"TAD",42270.5,30,9,9,100,10,13,26.5,10.9,39.1,0,0,0,0,NA,NA,NA,NA,NA
"285",229583,128155,"TAD",42270.75,30,7,9,100,20,28.9,28.4,14.2,8.5,0,0,0,0,NA,NA,NA,NA,NA
"286",229584,128155,"TAD",42271,30,10,9,100,14,54.1,27.4,3.7,0.2,0,0,0,0,NA,NA,NA,NA,NA
"287",229585,128155,"TAD",42271.25,30,7,9,100,11,50.9,31,6.3,0,0,0,0,0,NA,NA,NA,NA,NA
"288",229586,128155,"TAD",42271.5,30,7,9,100,8,13.2,19.2,51.6,7.4,0,0,0,0,NA,NA,NA,NA,NA
"289",229587,128155,"TAD",42271.75,30,10,9,100,8,21.1,54.1,12.5,3.7,0,0,0,0,NA,NA,NA,NA,NA
"290",229588,128155,"TAD",42272,30,11,9,100,9,32.3,51.5,6.5,0,0,0,0,0,NA,NA,NA,NA,NA
"291",229589,128155,"TAD",42272.25,30,6,9,100,14,35.4,18.2,13.7,18,0,0,0,0,NA,NA,NA,NA,NA
"292",229590,128155,"TAD",42272.5,30,9,9,100,12,23.8,54.2,10,0,0,0,0,0,NA,NA,NA,NA,NA
"293",229591,128155,"TAD",42272.75,30,11,9,100,10,6,57.9,25.7,0,0,0,0,0,NA,NA,NA,NA,NA
"294",229592,128155,"TAD",42273,30,16,9,100,12,15.4,44.9,18.7,8.5,0,0,0,0,NA,NA,NA,NA,NA
"295",229593,128155,"TAD",42273.25,30,14,9,100,7,9.7,59,23.8,0,0,0,0,0,NA,NA,NA,NA,NA
"296",229594,128155,"TAD",42273.5,30,8,9,100,17,41.6,32.7,7.8,0.4,0,0,0,0,NA,NA,NA,NA,NA
"297",229595,128155,"TAD",42273.75,30,12,9,100,13,17.9,30.5,16.4,21.8,0,0,0,0,NA,NA,NA,NA,NA
"298",229596,128155,"TAD",42274,30,11,9,100,15,25.5,59,0.3,0,0,0,0,0,NA,NA,NA,NA,NA
"299",229597,128155,"TAD",42274.25,30,10,9,100,24,51.2,24.5,0,0,0,0,0,0,NA,NA,NA,NA,NA
"300",229598,128155,"TAD",42274.5,30,6,9,100,20,20.2,18.6,16.2,25,0,0,0,0,NA,NA,NA,NA,NA
"301",229599,128155,"TAD",42274.75,30,11,9,100,31,46.3,22,0,0,0,0,0,0,NA,NA,NA,NA,NA
"302",229600,128155,"TAD",42275,30,10,9,100,33,24.4,23.6,18.1,0,0,0,0,0,NA,NA,NA,NA,NA
"303",229601,128155,"TAD",42275.25,30,9,9,100,15,49.8,34.5,0,0,0,0,0,0,NA,NA,NA,NA,NA
"304",229602,128155,"TAD",42275.5,30,8,9,100,14,15,70.6,0.3,0,0,0,0,0,NA,NA,NA,NA,NA
"305",229603,128155,"TAD",42275.75,30,7,9,100,9,10.1,76.6,3.6,0,0,0,0,0,NA,NA,NA,NA,NA
"306",229604,128155,"TAD",42276,30,6,9,100,7,8.7,79.9,3.6,0,0,0,0,0,NA,NA,NA,NA,NA
"307",229605,128155,"TAD",42276.25,30,8,9,100,8,9.4,75.6,6.8,0,0,0,0,0,NA,NA,NA,NA,NA
"308",229606,128155,"TAD",42276.5,30,9,9,100,9,20.9,69.4,0,0,0,0,0,0,NA,NA,NA,NA,NA
"309",229607,128155,"TAD",42276.75,30,8,9,100,12,34.9,52.2,0,0,0,0,0,0,NA,NA,NA,NA,NA
"310",229608,128155,"TAD",42277,30,9,9,100,11,48.8,37.7,1.6,0,0,0,0,0,NA,NA,NA,NA,NA
"311",229609,128155,"TAD",42277.25,30,6,9,100,14,38.4,45.8,0.9,0,0,0,0,0,NA,NA,NA,NA,NA
"312",229610,128155,"TAD",42277.5,30,8,9,100,12,43.3,42.2,2.4,0,0,0,0,0,NA,NA,NA,NA,NA
"313",229611,128155,"TAD",42277.75,30,11,9,100,13,58.6,28.2,0,0,0,0,0,0,NA,NA,NA,NA,NA
"314",229612,128155,"TAD",42278,30,6,9,100,10,55.6,34,0,0,0,0,0,0,NA,NA,NA,NA,NA
"315",229613,128155,"TAD",42278.25,30,5,9,100,13,58,28.4,0,0,0,0,0,0,NA,NA,NA,NA,NA
"316",229614,128155,"TAD",42278.5,30,9,9,100,16,48.3,35.1,0,0,0,0,0,0,NA,NA,NA,NA,NA
"317",229615,128155,"TAD",42278.75,30,8,9,100,18,61.9,19.7,0,0,0,0,0,0,NA,NA,NA,NA,NA
"318",229616,128155,"TAD",42279,30,8,9,100,12,41.9,46,0,0,0,0,0,0,NA,NA,NA,NA,NA
"319",229617,128155,"TAD",42279.25,30,7,9,100,11,31,55.8,1.6,0,0,0,0,0,NA,NA,NA,NA,NA
"320",229618,128155,"TAD",42279.5,30,3,9,100,10,44.4,44.6,0,0,0,0,0,0,NA,NA,NA,NA,NA
"321",229619,128155,"TAD",42279.75,30,5,9,100,12,57.2,30.1,0,0,0,0,0,0,NA,NA,NA,NA,NA
"322",229620,128155,"TAD",42280,30,4,9,100,6,14.1,58.3,20.6,0,0,0,0,0,NA,NA,NA,NA,NA
"323",229621,128155,"TAD",42280.25,30,3,9,100,9,28.1,61.8,0.3,0,0,0,0,0,NA,NA,NA,NA,NA
"324",229622,128155,"TAD",42280.5,30,2,9,100,20,69.1,10.3,0,0,0,0,0,0,NA,NA,NA,NA,NA
"325",229623,128155,"TAD",42280.75,30,2,9,100,24,72.4,2.9,0,0,0,0,0,0,NA,NA,NA,NA,NA
"326",229624,128155,"TAD",42281,30,5,9,100,8,21.9,42.6,27.2,0,0,0,0,0,NA,NA,NA,NA,NA
"327",229625,128155,"TAD",42281.25,30,2,9,100,7,12.2,69.4,10.6,0,0,0,0,0,NA,NA,NA,NA,NA
"328",229626,128155,"TAD",42281.75,30,3,9,100,10,49.8,39.4,0,0,0,0,0,0,NA,NA,NA,NA,NA
"329",229627,128155,"TAD",42282,30,2,9,100,8,28.1,63.5,0,0,0,0,0,0,NA,NA,NA,NA,NA
"330",229628,128155,"TAD",42282.25,30,1,9,100,8,29.2,62.1,0,0,0,0,0,0,NA,NA,NA,NA,NA
"331",229629,128155,"TAD",42282.5,30,2,9,100,17,49.3,33.3,0,0,0,0,0,0,NA,NA,NA,NA,NA
"332",229630,128155,"TAD",42282.75,30,2,9,100,16,44.3,39.3,0,0,0,0,0,0,NA,NA,NA,NA,NA
"333",229631,128155,"TAD",42283,30,3,9,100,21,39.7,32.5,6.5,0,0,0,0,0,NA,NA,NA,NA,NA
"334",229632,128155,"TAD",42283.5,30,2,9,100,15,18.1,36.1,10.9,19.6,0,0,0,0,NA,NA,NA,NA,NA
"335",229633,128155,"TAD",42283.75,30,3,9,100,13,22.4,35.3,25,3.6,0,0,0,0,NA,NA,NA,NA,NA
"336",229634,128155,"TAD",42284,30,3,9,100,18,37.9,43.6,0.2,0,0,0,0,0,NA,NA,NA,NA,NA
"337",229635,128155,"TAD",42284.25,30,2,9,100,13,13.6,27.8,16.4,28.6,0,0,0,0,NA,NA,NA,NA,NA
"338",229636,128155,"TAD",42284.5,30,4,9,100,17,33.5,36.3,9.4,3.1,0,0,0,0,NA,NA,NA,NA,NA
"339",229637,128155,"TAD",42284.75,30,4,9,100,15,13.7,46,20,4.5,0,0,0,0,NA,NA,NA,NA,NA
"340",229638,128155,"TAD",42285,30,5,9,100,19,21.2,9.8,6.1,39.9,3.3,0,0,0,NA,NA,NA,NA,NA
"341",229639,128155,"TAD",42285.25,30,4,9,100,21,39.4,21.7,6.1,11.1,0,0,0,0,NA,NA,NA,NA,NA
"342",229640,128155,"TAD",42285.5,30,2,9,100,17,17.1,41.9,3,15,5.8,0,0,0,NA,NA,NA,NA,NA
"343",229641,128155,"TAD",42285.75,30,3,9,100,21,42.7,15.4,1.3,4.6,14.1,0,0,0,NA,NA,NA,NA,NA
"344",229642,128155,"TAD",42286.25,30,1,9,100,21,46.4,21.7,6.7,3.7,0,0,0,0,NA,NA,NA,NA,NA
"345",229643,128155,"TAD",42286.5,30,3,9,100,17,18.9,56.6,6.5,0.2,0,0,0,0,NA,NA,NA,NA,NA
"346",229644,128155,"TAD",42286.75,30,2,9,100,17,26.5,46.3,8.9,0.7,0,0,0,0,NA,NA,NA,NA,NA
"347",229645,128155,"TAD",42287,30,4,9,100,20,28.8,29.7,11.1,9.9,0,0,0,0,NA,NA,NA,NA,NA
"348",229646,128155,"TAD",42287.25,30,2,9,100,34,51.4,14.6,0,0,0,0,0,0,NA,NA,NA,NA,NA
"349",229647,128155,"TAD",42287.5,30,2,9,100,23,38,38.9,0,0,0,0,0,0,NA,NA,NA,NA,NA
"350",229648,128155,"TAD",42288,30,2,9,100,22,27.8,20.3,12.5,14,2.6,0,0,0,NA,NA,NA,NA,NA
"351",229649,128155,"TAD",42288.25,30,5,9,100,24,27.4,23.5,1.8,6.7,16,0,0,0,NA,NA,NA,NA,NA
"352",229650,128155,"TAD",42288.5,30,5,9,100,19,15,48.1,1.6,3,12.5,0,0,0,NA,NA,NA,NA,NA
"353",229651,128155,"TAD",42288.75,30,4,9,100,24,42.9,26.5,0.4,0.7,2.8,1,0,0,NA,NA,NA,NA,NA
"354",229652,128155,"TAD",42289,30,3,9,100,31,57.4,6.7,0.2,0.7,2.1,1,0,0,NA,NA,NA,NA,NA
"355",229653,128155,"TAD",42289.25,30,4,9,100,36,41.6,7.1,2,2.8,9.6,0,0,0,NA,NA,NA,NA,NA
"356",229654,128155,"TAD",42289.5,30,3,9,100,13,2.8,12.2,8.9,35,27.2,0,0,0,NA,NA,NA,NA,NA
"357",229655,128155,"TAD",42289.75,30,2,9,100,14,4.1,7.6,36,38,0,0,0,0,NA,NA,NA,NA,NA
"358",229656,128155,"TAD",42290,30,7,9,100,15,10.3,26,24.2,23.8,0,0,0,0,NA,NA,NA,NA,NA
"359",229657,128155,"TAD",42290.25,30,4,9,100,18,7.6,18.2,7.2,48.7,0,0,0,0,NA,NA,NA,NA,NA
"360",229658,128155,"TAD",42290.5,30,2,9,100,18,13.1,25.8,17.2,25.8,0,0,0,0,NA,NA,NA,NA,NA
"361",229659,128155,"TAD",42290.75,30,1,9,100,40,12.8,9.4,5.6,32.2,0,0,0,0,NA,NA,NA,NA,NA
"362",229660,128155,"TAD",42291,30,3,9,100,16,6.7,16.9,21,38.8,0,0,0,0,NA,NA,NA,NA,NA
"363",229661,128155,"TAD",42291.5,30,1,9,100,22,24.6,25.6,2.2,24.2,1.4,0,0,0,NA,NA,NA,NA,NA
"364",229662,128155,"TAD",42291.75,30,1,9,100,20,21.4,14,1.3,3.2,34.9,4,0,0,NA,NA,NA,NA,NA
"365",229663,128155,"TAD",42292,30,1,9,100,41,40.2,5.4,0.7,1.7,10.4,0,0,0,NA,NA,NA,NA,NA
"366",229664,128155,"TAD",42292.25,30,1,9,100,27,58.1,8.5,0.2,0.5,5.8,0,0,0,NA,NA,NA,NA,NA
"367",229665,128155,"TAD",42292.75,30,1,9,100,24,57.6,13.9,0.2,0.2,0.7,2,0,0,NA,NA,NA,NA,NA
"368",229666,128155,"TAD",42293,30,4,9,100,24,65.5,4.2,0.3,0.6,3.3,2,0,0,NA,NA,NA,NA,NA
"369",229667,128155,"TAD",42293.25,30,3,9,100,28,60.6,5.6,0.6,1.1,2.5,1,0,0,NA,NA,NA,NA,NA
"370",229668,128155,"TAD",42293.5,30,3,9,100,22,59.9,6.4,0.3,0.8,1.9,7,0,0,NA,NA,NA,NA,NA
"371",229669,128155,"TAD",42293.75,30,2,9,100,24,51.2,4.9,0.7,1.9,5.3,11,0,0,NA,NA,NA,NA,NA
"372",229670,128155,"TAD",42294,30,4,9,100,24,39.1,12.2,0.7,2,3.5,17,0,0,NA,NA,NA,NA,NA
"373",229671,128155,"TAD",42294.25,30,4,9,100,24,64.9,7.8,0.3,0.3,2.8,0,0,0,NA,NA,NA,NA,NA
"374",229672,128155,"TAD",42294.5,30,4,9,100,18,39.7,22.1,1.1,1.9,10.9,5,0,0,NA,NA,NA,NA,NA
"375",229673,128155,"TAD",42294.75,30,2,9,100,17,20,15.8,2.8,5.6,23.8,14,0,0,NA,NA,NA,NA,NA
"376",229674,128155,"TAD",42295,30,5,9,100,15,3,3,3,17.4,54.9,3,0,0,NA,NA,NA,NA,NA
"377",229675,128155,"TAD",42295.25,30,2,9,100,25,22.7,10.7,1.5,14,25.9,0,0,0,NA,NA,NA,NA,NA
"378",229676,128155,"TAD",42295.5,30,2,9,100,21,23.3,47.8,1.6,1.2,4.2,0,0,0,NA,NA,NA,NA,NA
"379",229677,128155,"TAD",42295.75,30,6,9,100,23,44.3,17.4,0.7,1.9,9.1,2,0,0,NA,NA,NA,NA,NA
"380",229678,128155,"TAD",42296,30,2,9,100,23,19.3,37.5,0.7,0.9,10.6,7,0,0,NA,NA,NA,NA,NA
"381",229679,128155,"TAD",42296.25,30,1,9,100,20,10,9.8,1.5,3.9,12.4,42,0,0,NA,NA,NA,NA,NA
"382",229680,128155,"TAD",42296.5,30,1,9,100,19,13.1,55.5,0.7,1.4,3.2,6,0,0,NA,NA,NA,NA,NA
"383",229681,128155,"TAD",42296.75,30,4,9,100,25,28.4,38.6,1.7,0.9,1.5,3,0,0,NA,NA,NA,NA,NA
"384",229682,128155,"TAD",42297,30,2,9,100,26,45.6,19.5,0.2,0.6,1.1,7,0,0,NA,NA,NA,NA,NA
"385",229683,128155,"TAD",42297.25,30,1,9,100,23,20.8,7.8,0.7,2.8,5.4,38,0,0,NA,NA,NA,NA,NA
"386",229684,128155,"TAD",42297.5,30,1,9,100,28,39.1,9.1,0.9,1.9,4.1,16,0,0,NA,NA,NA,NA,NA
"387",229685,128155,"TAD",42297.75,30,1,9,100,21,9.4,5.4,2.6,5.9,12.6,42,0,0,NA,NA,NA,NA,NA
"388",229686,128155,"TAD",42298,30,1,9,100,20,5.5,16.2,5.8,15.7,19.3,17,0,0,NA,NA,NA,NA,NA
"389",229687,128155,"TAD",42298.25,30,1,9,100,25,10.3,11.5,18.6,29.3,4.9,0,0,0,NA,NA,NA,NA,NA
"390",229688,128155,"TAD",42298.75,30,2,9,100,27,5,9.6,10.2,41.9,5.9,0,0,0,NA,NA,NA,NA,NA
"391",229689,128155,"TAD",42299.5,30,1,9,100,17,4.3,15.2,24.3,38.9,0.2,0,0,0,NA,NA,NA,NA,NA
"392",229690,128155,"TAD",42299.75,31,1,9,100,19,19.7,25.7,7.5,22.6,4.9,0,0,0,NA,NA,NA,NA,NA
"393",229691,128155,"TAD",42300.5,31,2,9,100,17,8.8,11.8,7.6,54,0.7,0,0,0,NA,NA,NA,NA,NA
"394",229692,128155,"TAD",42301,31,2,9,100,46,29.7,7.4,0.2,1.1,4.6,10,0,0,NA,NA,NA,NA,NA
"395",229693,128155,"TAD",42301.25,31,1,9,100,27,24.1,9,1,2.4,6.7,29,0,0,NA,NA,NA,NA,NA
"396",229694,128155,"TAD",42301.5,31,3,9,100,31,28.2,17.5,0.6,1.8,2.9,17,0,0,NA,NA,NA,NA,NA
"397",229695,128155,"TAD",42301.75,31,1,9,100,27,17.4,43,0.4,0.9,1.5,9,0,0,NA,NA,NA,NA,NA
"398",229696,128155,"TAD",42302.75,31,2,9,100,42,38,13.7,0.2,0.6,1.1,4,0,0,NA,NA,NA,NA,NA
"399",229697,128155,"TAD",42303,31,1,9,100,39,28.5,22.4,0.6,1.3,2.4,3,1.9,0,NA,NA,NA,NA,NA
"400",229698,128155,"TAD",42303.25,31,2,9,100,41,26.2,24,0.6,1.1,1.7,3,1.5,0,NA,NA,NA,NA,NA
"401",229699,128155,"TAD",42303.5,31,4,9,100,39,31.4,18.4,0.4,0.7,1.3,2,6.5,0,NA,NA,NA,NA,NA
"402",229700,128155,"TAD",42303.75,31,4,9,100,42,28.2,16.3,0.9,1.3,1.9,6,1.9,0,NA,NA,NA,NA,NA
"403",229701,128155,"TAD",42304,31,3,9,100,28,21.9,38,0.7,1.1,2.2,7,0,0,NA,NA,NA,NA,NA
"404",229702,128155,"TAD",42304.25,31,1,9,100,20,12.6,61.5,1.1,0.6,0.6,1,1.4,0,NA,NA,NA,NA,NA
"405",229703,128155,"TAD",42304.5,31,2,9,100,30,24.5,36.2,0.7,0.7,1.3,1,4.3,0,NA,NA,NA,NA,NA
"406",229704,128155,"TAD",42304.75,31,4,9,100,35,31.5,27.9,0.4,0.6,0.7,1,1.8,0.8,NA,NA,NA,NA,NA
"407",229705,128155,"TAD",42305,31,4,9,100,29,43,21.5,1.3,2,1.3,1,0,0,NA,NA,NA,NA,NA
"408",229706,128155,"TAD",42305.25,31,4,9,100,19,13,44,10.6,7.4,4.3,1,0,0,NA,NA,NA,NA,NA
"409",229707,128155,"TAD",42305.5,31,5,9,100,22,12.8,43.7,8.4,6.7,2.6,1,1.1,0.9,NA,NA,NA,NA,NA
"410",229708,128155,"TAD",42305.75,31,3,9,100,37,42.2,12.8,0.4,0.7,1.3,1,1.9,1.3,NA,NA,NA,NA,NA
"411",229709,128155,"TAD",42306,31,2,9,100,26,37.7,23.4,2.4,8.9,1.3,0,0,0,NA,NA,NA,NA,NA
"412",229710,128155,"TAD",42306.25,31,3,9,100,40,31.8,23,0.4,0.6,0.9,1,2,0,NA,NA,NA,NA,NA
"413",229711,128155,"TAD",42306.5,31,4,9,100,43,25.5,21.7,0.6,0.6,1.1,2,4.1,0,NA,NA,NA,NA,NA
"414",229712,128155,"TAD",42306.75,31,3,9,100,42,26.5,26.3,1.1,1.5,0.9,1,0,0,NA,NA,NA,NA,NA
"415",229713,128155,"TAD",42307,31,4,9,100,33,22.9,23.6,1.4,1.7,2.5,14,0,0,NA,NA,NA,NA,NA
"416",229714,128155,"TAD",42307.25,31,1,9,100,24,11.5,50.8,0.7,1.6,3,8,0,0,NA,NA,NA,NA,NA
"417",229715,128155,"TAD",42307.5,31,4,9,100,26,13,49.5,3,2.3,1.4,3,0,0,NA,NA,NA,NA,NA
"418",229716,128155,"TAD",42307.75,31,3,9,100,28,12.4,22.7,4.7,3.3,4.3,24,0,0,NA,NA,NA,NA,NA
"419",229717,128155,"TAD",42308,31,2,9,100,23,5.8,5.6,1.4,3.9,9,51,0,0,NA,NA,NA,NA,NA
"420",229718,128155,"TAD",42308.25,31,5,9,100,20,5.8,5.1,1.6,4.2,7.7,54,0,0,NA,NA,NA,NA,NA
"421",229719,128155,"TAD",42308.5,31,6,9,100,29,20.4,31.8,0.7,1.8,4.2,11,0,0,NA,NA,NA,NA,NA
"422",229720,128155,"TAD",42308.75,31,6,9,100,22,6.1,10,8.3,5,12.4,35,0,0,NA,NA,NA,NA,NA
"423",229721,128155,"TAD",42309,31,1,9,100,24,11.7,8.9,1.7,5.4,8.3,39,0,0,NA,NA,NA,NA,NA
"424",229722,128155,"TAD",42309.25,31,4,9,100,24,4.5,2.4,1.7,4.1,7.8,18,37.1,0,NA,NA,NA,NA,NA
"425",229723,128155,"TAD",42309.5,31,2,9,100,29,33.5,18.6,0.4,1.5,2.6,2,11.3,0,NA,NA,NA,NA,NA
"426",229724,128155,"TAD",42309.75,31,6,9,100,23,15.4,39.1,0.7,2,3.9,14,1.3,0,NA,NA,NA,NA,NA
"427",229725,128155,"TAD",42310,31,3,9,100,27,17.9,27.5,0.7,1.5,3.2,21,0,0,NA,NA,NA,NA,NA
"428",229726,128155,"TAD",42310.25,31,2,9,100,18,1.7,1.4,1.4,4.2,7.5,64,0.8,0,NA,NA,NA,NA,NA
"429",229727,128155,"TAD",42310.5,31,1,9,100,28,14.7,26.8,1.8,2.9,5.7,19,0,0,NA,NA,NA,NA,NA
"430",229728,128155,"TAD",42310.75,31,2,9,100,24,4.4,26.2,3.6,3.7,4.9,31,1,0,NA,NA,NA,NA,NA
"431",229729,128155,"TAD",42311,31,2,9,100,25,9.7,3.7,1.6,3.9,6.2,49,0,0,NA,NA,NA,NA,NA
"432",229730,128155,"TAD",42311.5,31,6,9,100,21,5,17.8,1.3,3.5,6.7,43,0,0,NA,NA,NA,NA,NA
"433",229731,128155,"TAD",42311.75,31,2,9,100,21,5,29.8,1.3,3.1,8.8,30,0,0,NA,NA,NA,NA,NA
"434",229732,128155,"TAD",42312,31,1,9,100,21,6.5,7.6,1.5,6.1,35.8,21,0,0,NA,NA,NA,NA,NA
"435",229733,128155,"TAD",42312.25,31,4,9,100,27,10.2,9.1,1.7,3,8.5,40,0,0,NA,NA,NA,NA,NA
"436",229734,128155,"TAD",42312.5,31,4,9,100,25,9.4,10.7,1.3,3.9,8,41,0,0,NA,NA,NA,NA,NA
"437",229735,128155,"TAD",42312.75,31,7,9,100,29,10.7,8.6,1.4,5.3,17,27,0,0,NA,NA,NA,NA,NA
"438",229736,128155,"TAD",42313.25,31,1,9,100,24,8.7,7.4,1.3,6.3,42.1,9,0,0,NA,NA,NA,NA,NA
"439",229737,128155,"TAD",42313.5,31,2,9,100,22,4.2,29.4,3.1,4.2,17.5,19,0,0,NA,NA,NA,NA,NA
"440",229738,128155,"TAD",42313.75,31,4,9,100,23,1.4,2.9,2.2,6.5,28.7,35,0,0,NA,NA,NA,NA,NA
"441",229739,128155,"TAD",42314,31,1,9,100,34,17.5,3.1,1.9,12.1,11.1,19,0,0,NA,NA,NA,NA,NA
"442",229740,128155,"TAD",42314.25,31,2,9,100,21,5.2,14.5,8.3,3.9,10.2,36,0,0,NA,NA,NA,NA,NA
"443",229741,128155,"TAD",42314.5,31,1,9,100,18,4.4,18.1,11.9,2.6,5.4,39,0,0,NA,NA,NA,NA,NA
"444",229742,128155,"TAD",42315,31,1,9,100,21,1.7,3,2.4,9.3,41.7,20,0,0,NA,NA,NA,NA,NA
"445",229743,128155,"TAD",42315.5,31,3,9,100,22,3.9,13.2,8.9,3.5,7.2,41,0,0,NA,NA,NA,NA,NA
"446",229744,128155,"TAD",42316,31,1,9,100,36,36.3,4.8,1.5,3,2.8,14,0,0,NA,NA,NA,NA,NA
"447",229745,128155,"TAD",42316.5,31,1,9,100,27,5.2,13,3,3.5,6.9,41,0,0,NA,NA,NA,NA,NA
"448",231249,128156,"TAD",42200.04167,12,29,8,100,0,62.1,37.4,0.5,0,0,0,0,NA,NA,NA,NA,NA,NA
"449",231250,128156,"TAD",42200.25,12,21,8,100,0,57.2,42.6,0.2,0,0,0,0,NA,NA,NA,NA,NA,NA
"450",231251,128156,"TAD",42200.5,12,18,8,100,0,73.5,25.2,1,0,0,0,0,NA,NA,NA,NA,NA,NA
"451",231252,128156,"TAD",42200.75,12,20,8,100,0,43.2,50.8,6,0,0,0,0,NA,NA,NA,NA,NA,NA
"452",231253,128156,"TAD",42201,12,25,8,100,0,36.4,60.3,3.3,0,0,0,0,NA,NA,NA,NA,NA,NA
"453",231254,128156,"TAD",42201.25,12,21,8,100,0,24.4,75.6,0,0,0,0,0,NA,NA,NA,NA,NA,NA
"454",231255,128156,"TAD",42201.5,12,12,8,100,0,65.8,33.3,0.3,0,0,0,0,NA,NA,NA,NA,NA,NA
"455",231256,128156,"TAD",42201.75,12,13,8,100,0,52.7,42.3,4.8,0,0,0,0,NA,NA,NA,NA,NA,NA
"456",231257,128156,"TAD",42202,12,14,8,100,0,35.4,50.2,13,1.4,0,0,0,NA,NA,NA,NA,NA,NA
"457",231258,128156,"TAD",42202.25,12,13,8,100,0,26.5,66.9,6.4,0.3,0,0,0,NA,NA,NA,NA,NA,NA
"458",231259,128156,"TAD",42202.5,12,9,8,100,0,51.7,46.7,1.4,0,0,0,0,NA,NA,NA,NA,NA,NA
"459",231260,128156,"TAD",42202.75,12,8,8,100,0,41.3,53.8,4.6,0,0,0,0,NA,NA,NA,NA,NA,NA
"460",231261,128156,"TAD",42203,12,11,8,100,0,29.9,58.1,12,0,0,0,0,NA,NA,NA,NA,NA,NA
"461",231262,128156,"TAD",42203.25,12,5,8,100,0,27.5,71.8,0.6,0,0,0,0,NA,NA,NA,NA,NA,NA
"462",231263,128156,"TAD",42203.5,12,4,8,100,0,28.3,62.5,9.2,0,0,0,0,NA,NA,NA,NA,NA,NA
"463",231264,128156,"TAD",42203.75,12,1,8,100,0,46.9,52.7,0.2,0,0,0,0,NA,NA,NA,NA,NA,NA
"464",231265,128156,"TAD",42204,12,7,8,100,0,30.6,48.6,20.8,0,0,0,0,NA,NA,NA,NA,NA,NA
"465",231266,128156,"TAD",42204.25,12,6,8,100,0,41.4,58.1,0.5,0,0,0,0,NA,NA,NA,NA,NA,NA
"466",231267,128156,"TAD",42204.5,12,8,8,100,0,30.4,46.7,23,0,0,0,0,NA,NA,NA,NA,NA,NA
"467",231268,128156,"TAD",42204.75,12,9,8,100,0,38.1,60.6,1.1,0,0,0,0,NA,NA,NA,NA,NA,NA
"468",231269,128156,"TAD",42205,12,6,8,100,0,41.1,43.7,15.2,0,0,0,0,NA,NA,NA,NA,NA,NA
"469",231270,128156,"TAD",42205.25,12,4,8,100,0,49.9,47.3,2.8,0,0,0,0,NA,NA,NA,NA,NA,NA
"470",231271,128156,"TAD",42205.5,12,6,8,100,0,25.7,47.5,26.9,0,0,0,0,NA,NA,NA,NA,NA,NA
"471",231272,128156,"TAD",42205.75,12,5,8,100,0,55.3,35.4,9,0,0,0,0,NA,NA,NA,NA,NA,NA
"472",231273,128156,"TAD",42206,12,9,8,100,0,72.5,27.2,0,0,0,0,0,NA,NA,NA,NA,NA,NA
"473",231274,128156,"TAD",42206.25,12,8,8,100,0,27.3,56.3,13.4,3,0,0,0,NA,NA,NA,NA,NA,NA
"474",231275,128156,"TAD",42206.5,12,4,8,100,0,84.1,15.6,0,0,0,0,0,NA,NA,NA,NA,NA,NA
"475",231276,128156,"TAD",42206.75,12,5,8,100,1,79.5,19.5,0,0,0,0,0,NA,NA,NA,NA,NA,NA
"476",231277,128156,"TAD",42207,12,7,8,100,0,78.3,21.4,0,0,0,0,0,NA,NA,NA,NA,NA,NA
"477",231278,128156,"TAD",42207.25,12,8,8,100,0,43.5,53.9,2.3,0,0,0,0,NA,NA,NA,NA,NA,NA
"478",231279,128156,"TAD",42207.5,12,8,8,100,0,81.2,18.5,0,0,0,0,0,NA,NA,NA,NA,NA,NA
"479",231280,128156,"TAD",42207.75,12,8,8,100,1,90,8.9,0,0,0,0,0,NA,NA,NA,NA,NA,NA
"480",231281,128156,"TAD",42208,12,12,8,100,0,79.6,20.1,0,0,0,0,0,NA,NA,NA,NA,NA,NA
"481",231282,128156,"TAD",42208.25,12,4,8,100,0,37,55.8,7.2,0,0,0,0,NA,NA,NA,NA,NA,NA
"482",231283,128156,"TAD",42208.5,12,8,8,100,0,66.8,33,0,0,0,0,0,NA,NA,NA,NA,NA,NA
"483",231284,128156,"TAD",42208.75,12,8,8,100,0,20.7,71.8,7.1,0.3,0,0,0,NA,NA,NA,NA,NA,NA
"484",231285,128156,"TAD",42209,12,5,8,100,0,19.7,51.9,26.2,2.3,0,0,0,NA,NA,NA,NA,NA,NA
"485",231286,128156,"TAD",42209.25,12,10,8,100,0,31.5,66,2.5,0,0,0,0,NA,NA,NA,NA,NA,NA
"486",231287,128156,"TAD",42209.5,12,9,8,100,0,59.6,38.5,1.7,0,0,0,0,NA,NA,NA,NA,NA,NA
"487",231288,128156,"TAD",42209.75,12,6,8,100,0,20.8,46.6,29.9,2.6,0,0,0,NA,NA,NA,NA,NA,NA
"488",231289,128156,"TAD",42210,12,7,8,100,0,18.9,67.7,12.3,1.1,0,0,0,NA,NA,NA,NA,NA,NA
"489",231290,128156,"TAD",42210.25,12,6,8,100,0,38.1,61.9,0,0,0,0,0,NA,NA,NA,NA,NA,NA
"490",231291,128156,"TAD",42210.5,12,6,8,100,0,65.7,33.1,0.6,0,0,0,0,NA,NA,NA,NA,NA,NA
"491",231292,128156,"TAD",42210.75,12,6,8,100,0,38.4,39.5,22.1,0,0,0,0,NA,NA,NA,NA,NA,NA
"492",231293,128156,"TAD",42211,12,11,8,100,0,16.4,53.2,28.7,1.4,0,0,0,NA,NA,NA,NA,NA,NA
"493",231294,128156,"TAD",42211.25,12,4,8,100,0,25.7,44.6,25.9,3.5,0,0,0,NA,NA,NA,NA,NA,NA
"494",231295,128156,"TAD",42211.5,12,11,8,100,0,70.8,26.9,1.9,0,0,0,0,NA,NA,NA,NA,NA,NA
"495",231296,128156,"TAD",42211.75,12,7,8,100,2,91.1,6.7,0,0,0,0,0,NA,NA,NA,NA,NA,NA
"496",231297,128156,"TAD",42212,12,8,8,100,0,21.9,53.1,23.6,1.2,0,0,0,NA,NA,NA,NA,NA,NA
"497",231298,128156,"TAD",42212.25,12,10,8,100,0,24.8,48.8,24.5,1.9,0,0,0,NA,NA,NA,NA,NA,NA
"498",231299,128156,"TAD",42212.5,12,8,8,100,0,66.1,33.1,0,0,0,0,0,NA,NA,NA,NA,NA,NA
"499",231300,128156,"TAD",42212.75,12,9,8,100,2,91.5,6.3,0,0,0,0,0,NA,NA,NA,NA,NA,NA
"500",231301,128156,"TAD",42213,12,7,8,100,0,53.6,38.6,4.6,3,0,0,0,NA,NA,NA,NA,NA,NA
"501",231302,128156,"TAD",42213.25,12,3,8,100,0,32.2,59.2,8.3,0.3,0,0,0,NA,NA,NA,NA,NA,NA
"502",231303,128156,"TAD",42213.5,12,9,8,100,0,27.8,54.4,13.9,3.9,0,0,0,NA,NA,NA,NA,NA,NA
"503",231304,128156,"TAD",42213.75,12,14,8,100,2,96.7,1.3,0,0,0,0,0,NA,NA,NA,NA,NA,NA
"504",231305,128156,"TAD",42214,12,10,8,100,0,23.6,64.2,11.9,0,0,0,0,NA,NA,NA,NA,NA,NA
"505",231306,128156,"TAD",42214.25,12,10,8,100,0,16.9,49.3,33.8,0,0,0,0,NA,NA,NA,NA,NA,NA
"506",231307,128156,"TAD",42214.5,12,4,8,100,0,35.4,46.6,10.8,7.2,0,0,0,NA,NA,NA,NA,NA,NA
"507",231308,128156,"TAD",42214.75,12,9,8,100,0,19.2,71.8,9.1,0,0,0,0,NA,NA,NA,NA,NA,NA
"508",231309,128156,"TAD",42215,12,10,8,100,0,17.8,77.7,4.5,0,0,0,0,NA,NA,NA,NA,NA,NA
"509",231310,128156,"TAD",42215.25,12,9,8,100,0,20,67.2,12.8,0,0,0,0,NA,NA,NA,NA,NA,NA
"510",231311,128156,"TAD",42215.5,12,5,8,100,0,28.9,70,1.1,0,0,0,0,NA,NA,NA,NA,NA,NA
"511",231312,128156,"TAD",42215.75,12,8,8,100,0,21,72.8,6.1,0,0,0,0,NA,NA,NA,NA,NA,NA
"512",231313,128156,"TAD",42216,12,8,8,100,0,40.4,43.5,16.1,0,0,0,0,NA,NA,NA,NA,NA,NA
"513",231314,128156,"TAD",42216.25,12,9,8,100,0,21.4,64.7,13.9,0,0,0,0,NA,NA,NA,NA,NA,NA
"514",231315,128156,"TAD",42216.5,12,9,8,100,0,24.2,67.2,8.6,0,0,0,0,NA,NA,NA,NA,NA,NA
"515",231316,128156,"TAD",42216.75,12,14,8,100,0,22.7,65.1,11.9,0,0,0,0,NA,NA,NA,NA,NA,NA
"516",231317,128156,"TAD",42217,12,12,8,100,0,20.7,73.1,6.1,0,0,0,0,NA,NA,NA,NA,NA,NA
"517",231318,128156,"TAD",42217.25,12,11,8,100,0,18.1,76.7,5.2,0,0,0,0,NA,NA,NA,NA,NA,NA
"518",231319,128156,"TAD",42217.5,12,13,8,100,0,20.1,72.2,7.8,0,0,0,0,NA,NA,NA,NA,NA,NA
"519",231320,128156,"TAD",42217.75,12,7,8,100,0,17.8,68.6,13.6,0,0,0,0,NA,NA,NA,NA,NA,NA
"520",231321,128156,"TAD",42218,12,10,8,100,0,18.8,54.9,26.4,0,0,0,0,NA,NA,NA,NA,NA,NA
"521",231322,128156,"TAD",42218.25,12,9,8,100,0,14.5,77.1,8.1,0,0,0,0,NA,NA,NA,NA,NA,NA
"522",231323,128156,"TAD",42218.5,12,10,8,100,0,21.1,70.8,8.1,0,0,0,0,NA,NA,NA,NA,NA,NA
"523",231324,128156,"TAD",42218.75,12,12,8,100,0,27.4,59.3,13,0.3,0,0,0,NA,NA,NA,NA,NA,NA
"524",231325,128156,"TAD",42219,12,9,8,100,0,15.6,64.3,20.1,0,0,0,0,NA,NA,NA,NA,NA,NA
"525",231326,128156,"TAD",42219.25,12,9,8,100,0,20,65.6,14.4,0,0,0,0,NA,NA,NA,NA,NA,NA
"526",231327,128156,"TAD",42219.5,12,8,8,100,0,21.9,70,8.1,0,0,0,0,NA,NA,NA,NA,NA,NA
"527",231328,128156,"TAD",42219.75,12,10,8,100,0,21.1,78.9,0,0,0,0,0,NA,NA,NA,NA,NA,NA
"528",231329,128156,"TAD",42220,12,11,8,100,0,19.3,42.3,38.4,0,0,0,0,NA,NA,NA,NA,NA,NA
"529",231330,128156,"TAD",42220.25,12,11,8,100,0,16.5,55.7,27.8,0,0,0,0,NA,NA,NA,NA,NA,NA
"530",231331,128156,"TAD",42220.5,12,12,8,100,0,17,83,0,0,0,0,0,NA,NA,NA,NA,NA,NA
"531",231332,128156,"TAD",42220.75,12,9,8,100,0,26.2,71.8,1.9,0,0,0,0,NA,NA,NA,NA,NA,NA
"532",231333,128156,"TAD",42221,12,12,8,100,0,22.2,42.4,34.3,1.1,0,0,0,NA,NA,NA,NA,NA,NA
"533",231334,128156,"TAD",42221.25,12,9,8,100,0,21.7,73.5,4.9,0,0,0,0,NA,NA,NA,NA,NA,NA
"534",231335,128156,"TAD",42221.5,12,10,8,100,0,31.1,66.1,2.8,0,0,0,0,NA,NA,NA,NA,NA,NA
"535",231336,128156,"TAD",42221.75,12,13,8,100,0,27.6,68.8,3.6,0,0,0,0,NA,NA,NA,NA,NA,NA
"536",231337,128156,"TAD",42222,12,17,8,100,0,22.1,77.3,0.6,0,0,0,0,NA,NA,NA,NA,NA,NA
"537",231338,128156,"TAD",42222.25,12,8,8,100,0,29,58,13,0,0,0,0,NA,NA,NA,NA,NA,NA
"538",231339,128156,"TAD",42222.5,12,6,8,100,0,21.4,78.2,0.3,0,0,0,0,NA,NA,NA,NA,NA,NA
"539",231340,128156,"TAD",42222.75,12,7,8,100,0,18.4,81.6,0,0,0,0,0,NA,NA,NA,NA,NA,NA
"540",231341,128156,"TAD",42223,12,5,8,100,0,15.6,83.3,1.1,0,0,0,0,NA,NA,NA,NA,NA,NA
"541",231342,128156,"TAD",42223.25,12,9,8,100,0,16.6,71.8,11.7,0,0,0,0,NA,NA,NA,NA,NA,NA
"542",231343,128156,"TAD",42223.5,12,8,8,100,0,9.9,52.2,34.2,3.7,0,0,0,NA,NA,NA,NA,NA,NA
"543",231344,128156,"TAD",42223.75,12,7,8,100,0,16.7,69.2,14.2,0,0,0,0,NA,NA,NA,NA,NA,NA
"544",231345,128156,"TAD",42224,12,9,8,100,0,18.1,63.9,17.5,0.6,0,0,0,NA,NA,NA,NA,NA,NA
"545",231346,128156,"TAD",42224.25,12,6,8,100,0,30.3,61.9,7.8,0,0,0,0,NA,NA,NA,NA,NA,NA
"546",231347,128156,"TAD",42224.5,12,8,8,100,0,20.4,79.3,0.3,0,0,0,0,NA,NA,NA,NA,NA,NA
"547",231348,128156,"TAD",42224.75,12,12,8,100,0,21.7,78.3,0,0,0,0,0,NA,NA,NA,NA,NA,NA
"548",231349,128156,"TAD",42225,12,9,8,100,0,23.4,76.6,0,0,0,0,0,NA,NA,NA,NA,NA,NA
"549",231350,128156,"TAD",42225.25,12,8,8,100,0,26.5,73.5,0,0,0,0,0,NA,NA,NA,NA,NA,NA
"550",231351,128156,"TAD",42225.5,12,8,8,100,0,20.4,79.6,0,0,0,0,0,NA,NA,NA,NA,NA,NA
"551",231352,128156,"TAD",42225.75,12,17,8,100,0,21,79,0,0,0,0,0,NA,NA,NA,NA,NA,NA
"552",231353,128156,"TAD",42226,12,9,8,100,0,25.2,74.8,0,0,0,0,0,NA,NA,NA,NA,NA,NA
"553",231354,128156,"TAD",42226.25,12,12,8,100,0,23,77,0,0,0,0,0,NA,NA,NA,NA,NA,NA
"554",231355,128156,"TAD",42226.5,12,5,8,100,0,19.5,80.5,0,0,0,0,0,NA,NA,NA,NA,NA,NA
"555",231356,128156,"TAD",42226.75,12,10,8,100,0,20.4,79,0.6,0,0,0,0,NA,NA,NA,NA,NA,NA
"556",231357,128156,"TAD",42227,12,12,8,100,0,26.2,70.9,2.9,0,0,0,0,NA,NA,NA,NA,NA,NA
"557",231358,128156,"TAD",42227.25,12,8,8,100,0,20.1,79.5,0.3,0,0,0,0,NA,NA,NA,NA,NA,NA
"558",231359,128156,"TAD",42227.5,12,10,8,100,0,27.6,72.4,0,0,0,0,0,NA,NA,NA,NA,NA,NA
"559",231360,128156,"TAD",42227.75,12,7,8,100,0,26.9,73.1,0,0,0,0,0,NA,NA,NA,NA,NA,NA
"560",231361,128156,"TAD",42228,12,8,8,100,0,44.2,55.3,0.5,0,0,0,0,NA,NA,NA,NA,NA,NA
"561",231362,128156,"TAD",42228.25,12,8,8,100,0,16.8,79.6,3.6,0,0,0,0,NA,NA,NA,NA,NA,NA
"562",231363,128156,"TAD",42228.5,12,11,8,100,0,29.1,70.6,0.3,0,0,0,0,NA,NA,NA,NA,NA,NA
"563",231364,128156,"TAD",42228.75,12,9,8,100,0,40.4,59.3,0,0,0,0,0,NA,NA,NA,NA,NA,NA
"564",231365,128156,"TAD",42229,13,13,8,100,0,36.7,61.9,1.4,0,0,0,0,NA,NA,NA,NA,NA,NA
"565",231366,128156,"TAD",42229.25,13,13,8,100,0,37.9,61.8,0.3,0,0,0,0,NA,NA,NA,NA,NA,NA
"566",231367,128156,"TAD",42229.5,13,11,8,100,0,32.8,67.2,0,0,0,0,0,NA,NA,NA,NA,NA,NA
"567",231368,128156,"TAD",42229.75,13,9,8,100,0,20.7,79.3,0,0,0,0,0,NA,NA,NA,NA,NA,NA
"568",231369,128156,"TAD",42230,13,8,8,100,0,23,75.1,1.9,0,0,0,0,NA,NA,NA,NA,NA,NA
"569",231370,128156,"TAD",42230.25,13,4,8,100,0,23,76.1,1,0,0,0,0,NA,NA,NA,NA,NA,NA
"570",231371,128156,"TAD",42230.5,13,7,8,100,0,25.2,74.8,0,0,0,0,0,NA,NA,NA,NA,NA,NA
"571",231372,128156,"TAD",42230.75,13,11,8,100,0,19.7,80.3,0,0,0,0,0,NA,NA,NA,NA,NA,NA
"572",231373,128156,"TAD",42231,13,13,8,100,0,12.6,74.1,13.3,0,0,0,0,NA,NA,NA,NA,NA,NA
"573",231374,128156,"TAD",42231.25,13,16,8,100,0,17.2,67.2,15.6,0,0,0,0,NA,NA,NA,NA,NA,NA
"574",231375,128156,"TAD",42231.5,13,11,8,100,0,15.2,83.3,1.5,0,0,0,0,NA,NA,NA,NA,NA,NA
"575",231376,128156,"TAD",42231.75,13,11,8,100,0,13,74.4,12.7,0,0,0,0,NA,NA,NA,NA,NA,NA
"576",231377,128156,"TAD",42232,13,11,8,100,0,20.1,78.2,1.6,0,0,0,0,NA,NA,NA,NA,NA,NA
"577",231378,128156,"TAD",42232.25,13,7,8,100,0,25.8,73.9,0.3,0,0,0,0,NA,NA,NA,NA,NA,NA
"578",231379,128156,"TAD",42232.5,13,10,8,100,0,21,79,0,0,0,0,0,NA,NA,NA,NA,NA,NA
"579",231380,128156,"TAD",42232.75,13,12,8,100,0,17.5,82.5,0,0,0,0,0,NA,NA,NA,NA,NA,NA
"580",231381,128156,"TAD",42233,13,13,8,100,0,19.4,79,1.6,0,0,0,0,NA,NA,NA,NA,NA,NA
"581",231382,128156,"TAD",42233.25,13,3,8,100,0,20.8,74.7,4.5,0,0,0,0,NA,NA,NA,NA,NA,NA
"582",231383,128156,"TAD",42233.5,13,9,8,100,0,18.3,57.1,22.7,1.9,0,0,0,NA,NA,NA,NA,NA,NA
"583",231384,128156,"TAD",42233.75,13,7,8,100,0,30,70,0,0,0,0,0,NA,NA,NA,NA,NA,NA
"584",231385,128156,"TAD",42234,13,5,8,100,0,20.8,70.3,5.6,3.3,0,0,0,NA,NA,NA,NA,NA,NA
"585",231386,128156,"TAD",42234.25,13,5,8,100,0,16.9,66.4,15.6,1.1,0,0,0,NA,NA,NA,NA,NA,NA
"586",231387,128156,"TAD",42234.5,13,9,8,100,0,12.2,86.3,1.5,0,0,0,0,NA,NA,NA,NA,NA,NA
"587",231388,128156,"TAD",42234.75,13,10,8,100,0,34.4,65.6,0,0,0,0,0,NA,NA,NA,NA,NA,NA
"588",231389,128156,"TAD",42235,13,9,8,100,0,16.2,71.8,11,1,0,0,0,NA,NA,NA,NA,NA,NA
"589",231390,128156,"TAD",42235.25,13,7,8,100,0,17.8,70,12.2,0,0,0,0,NA,NA,NA,NA,NA,NA
"590",231391,128156,"TAD",42235.5,13,9,8,100,0,12.9,76.4,10.7,0,0,0,0,NA,NA,NA,NA,NA,NA
"591",231392,128156,"TAD",42235.75,13,6,8,100,0,27.8,59.2,12.1,0.9,0,0,0,NA,NA,NA,NA,NA,NA
"592",231393,128156,"TAD",42236,13,9,8,100,0,14.4,83.3,2.2,0,0,0,0,NA,NA,NA,NA,NA,NA
"593",231394,128156,"TAD",42236.25,13,5,8,100,0,15.5,71.2,11.7,1.6,0,0,0,NA,NA,NA,NA,NA,NA
"594",231395,128156,"TAD",42236.5,13,7,8,100,0,31.3,62.9,5.8,0,0,0,0,NA,NA,NA,NA,NA,NA
"595",231396,128156,"TAD",42236.75,13,11,8,100,0,37.7,62,0.3,0,0,0,0,NA,NA,NA,NA,NA,NA
"596",231397,128156,"TAD",42237,13,7,8,100,0,11.7,69.4,18.3,0.6,0,0,0,NA,NA,NA,NA,NA,NA
"597",231398,128156,"TAD",42237.25,13,7,8,100,0,15.5,53,30.1,1.4,0,0,0,NA,NA,NA,NA,NA,NA
"598",231399,128156,"TAD",42237.5,13,6,8,100,0,22.2,66.8,10.8,0.3,0,0,0,NA,NA,NA,NA,NA,NA
"599",231400,128156,"TAD",42237.75,13,11,8,100,0,37.5,59.7,2.8,0,0,0,0,NA,NA,NA,NA,NA,NA
"600",231401,128156,"TAD",42238,13,7,8,100,0,18.7,59.9,20.3,1.1,0,0,0,NA,NA,NA,NA,NA,NA
"601",231402,128156,"TAD",42238.25,13,10,8,100,0,21.2,70.2,8.6,0,0,0,0,NA,NA,NA,NA,NA,NA
"602",231403,128156,"TAD",42238.5,13,9,8,100,0,17.4,41.9,29.1,11.7,0,0,0,NA,NA,NA,NA,NA,NA
"603",231404,128156,"TAD",42238.75,13,8,8,100,0,18.1,64.3,10.6,7,0,0,0,NA,NA,NA,NA,NA,NA
"604",231405,128156,"TAD",42239,13,16,8,100,0,15,70.5,14.5,0,0,0,0,NA,NA,NA,NA,NA,NA
"605",231406,128156,"TAD",42239.25,13,11,8,100,0,21.4,75.4,3.2,0,0,0,0,NA,NA,NA,NA,NA,NA
"606",231407,128156,"TAD",42239.5,13,8,8,100,0,16.5,72.8,10.7,0,0,0,0,NA,NA,NA,NA,NA,NA
"607",231408,128156,"TAD",42239.75,13,6,8,100,0,15.3,82.8,1.9,0,0,0,0,NA,NA,NA,NA,NA,NA
"608",231409,128156,"TAD",42240,13,4,8,100,0,14.2,70.8,15,0,0,0,0,NA,NA,NA,NA,NA,NA
"609",231410,128156,"TAD",42240.25,13,8,8,100,0,15.6,76.9,7.5,0,0,0,0,NA,NA,NA,NA,NA,NA
"610",231411,128156,"TAD",42240.5,13,7,8,100,0,19.1,73.8,7.1,0,0,0,0,NA,NA,NA,NA,NA,NA
"611",231412,128156,"TAD",42240.75,13,5,8,100,0,17.5,80.5,1.9,0,0,0,0,NA,NA,NA,NA,NA,NA
"612",231413,128156,"TAD",42241,13,8,8,100,0,28.9,54.6,16.2,0.2,0,0,0,NA,NA,NA,NA,NA,NA
"613",231414,128156,"TAD",42241.25,13,9,8,100,0,26.2,66.6,7,0.3,0,0,0,NA,NA,NA,NA,NA,NA
"614",231415,128156,"TAD",42241.5,13,4,8,100,0,13.7,56,30.3,0,0,0,0,NA,NA,NA,NA,NA,NA
"615",231416,128156,"TAD",42241.75,13,2,8,100,0,12.5,60.4,27,0,0,0,0,NA,NA,NA,NA,NA,NA
"616",231417,128156,"TAD",42242,13,8,8,100,0,23.4,71.1,5.5,0,0,0,0,NA,NA,NA,NA,NA,NA
"617",231418,128156,"TAD",42242.25,13,11,8,100,0,27.7,68.4,3.6,0.3,0,0,0,NA,NA,NA,NA,NA,NA
"618",231419,128156,"TAD",42242.5,13,9,8,100,0,15.5,71.8,12.3,0.3,0,0,0,NA,NA,NA,NA,NA,NA
"619",231420,128156,"TAD",42242.75,13,10,8,100,0,14.3,82.1,3.6,0,0,0,0,NA,NA,NA,NA,NA,NA
"620",231421,128156,"TAD",42243,13,9,8,100,0,18.1,69.4,12.2,0.3,0,0,0,NA,NA,NA,NA,NA,NA
"621",231422,128156,"TAD",42243.25,13,9,8,100,0,20.9,64.1,15,0,0,0,0,NA,NA,NA,NA,NA,NA
"622",231423,128156,"TAD",42243.5,13,7,8,100,0,23.4,74.7,1.9,0,0,0,0,NA,NA,NA,NA,NA,NA
"623",231424,128156,"TAD",42243.75,13,11,8,100,0,27.3,72.1,0.6,0,0,0,0,NA,NA,NA,NA,NA,NA
"624",231425,128156,"TAD",42244,13,8,8,100,0,18.2,74,7.1,0.6,0,0,0,NA,NA,NA,NA,NA,NA
"625",231426,128156,"TAD",42244.25,13,8,8,100,0,19.4,61.1,19.4,0,0,0,0,NA,NA,NA,NA,NA,NA
"626",231427,128156,"TAD",42244.5,13,8,8,100,0,16.6,76,7.5,0,0,0,0,NA,NA,NA,NA,NA,NA
"627",231428,128156,"TAD",42244.75,13,11,8,100,0,40.9,57.5,1.4,0.2,0,0,0,NA,NA,NA,NA,NA,NA
"628",231429,128156,"TAD",42245,13,6,8,100,0,19.7,62.2,18.1,0,0,0,0,NA,NA,NA,NA,NA,NA
"629",231430,128156,"TAD",42245.25,13,2,8,100,0,24.7,68.9,5,1.4,0,0,0,NA,NA,NA,NA,NA,NA
"630",231431,128156,"TAD",42245.5,13,9,8,100,0,20.6,69.2,10,0.3,0,0,0,NA,NA,NA,NA,NA,NA
"631",231432,128156,"TAD",42245.75,13,7,8,100,0,9.7,76.1,14.2,0,0,0,0,NA,NA,NA,NA,NA,NA
"632",231433,128156,"TAD",42246,13,9,8,100,0,14.6,75.3,9.4,0.6,0,0,0,NA,NA,NA,NA,NA,NA
"633",231434,128156,"TAD",42246.25,13,7,8,100,0,13.6,79.9,5.8,0.6,0,0,0,NA,NA,NA,NA,NA,NA
"634",231435,128156,"TAD",42246.5,13,2,8,100,0,10,61.9,28.1,0,0,0,0,NA,NA,NA,NA,NA,NA
"635",231436,128156,"TAD",42246.75,13,8,8,100,0,9.2,69.4,21.4,0,0,0,0,NA,NA,NA,NA,NA,NA
"636",231437,128156,"TAD",42247,13,11,8,100,0,11.9,59.2,28.9,0,0,0,0,NA,NA,NA,NA,NA,NA
"637",231438,128156,"TAD",42247.25,13,11,8,100,0,19.5,71.4,9.1,0,0,0,0,NA,NA,NA,NA,NA,NA
"638",231439,128156,"TAD",42247.5,13,9,8,100,0,45.4,54.6,0,0,0,0,0,NA,NA,NA,NA,NA,NA
"639",231440,128156,"TAD",42247.75,13,14,8,100,0,14.6,82.5,2.9,0,0,0,0,NA,NA,NA,NA,NA,NA
"640",231441,128156,"TAD",42248,13,8,8,100,0,15.2,82.5,2.3,0,0,0,0,NA,NA,NA,NA,NA,NA
"641",231442,128156,"TAD",42248.25,13,5,8,100,0,17.2,79,3.6,0.3,0,0,0,NA,NA,NA,NA,NA,NA
"642",231443,128156,"TAD",42248.5,13,8,8,100,0,18.8,80.8,0.3,0,0,0,0,NA,NA,NA,NA,NA,NA
"643",231444,128156,"TAD",42248.75,13,8,8,100,0,22.4,77.6,0,0,0,0,0,NA,NA,NA,NA,NA,NA
"644",231445,128156,"TAD",42249,13,8,8,100,0,14.8,84.1,1.1,0,0,0,0,NA,NA,NA,NA,NA,NA
"645",231446,128156,"TAD",42249.25,13,4,8,100,0,11.9,87.8,0.4,0,0,0,0,NA,NA,NA,NA,NA,NA
"646",231447,128156,"TAD",42249.5,13,9,8,100,0,12.6,87.4,0,0,0,0,0,NA,NA,NA,NA,NA,NA
"647",231448,128156,"TAD",42249.75,13,8,8,100,0,33.6,66.4,0,0,0,0,0,NA,NA,NA,NA,NA,NA
"648",231449,128156,"TAD",42250,13,11,8,100,0,17,83,0,0,0,0,0,NA,NA,NA,NA,NA,NA
"649",231450,128156,"TAD",42250.25,13,7,8,100,0,25.6,73.4,1,0,0,0,0,NA,NA,NA,NA,NA,NA
"650",231451,128156,"TAD",42250.5,13,5,8,100,0,25.3,65.5,9.2,0,0,0,0,NA,NA,NA,NA,NA,NA
"651",231452,128156,"TAD",42250.75,13,8,8,100,0,24,76,0,0,0,0,0,NA,NA,NA,NA,NA,NA
"652",231453,128156,"TAD",42251,13,8,8,100,0,15.5,82.5,1.9,0,0,0,0,NA,NA,NA,NA,NA,NA
"653",231454,128156,"TAD",42251.25,13,5,8,100,0,12.3,85.9,1.9,0,0,0,0,NA,NA,NA,NA,NA,NA
"654",231455,128156,"TAD",42251.5,13,10,8,100,0,21.8,74.4,3.9,0,0,0,0,NA,NA,NA,NA,NA,NA
"655",231456,128156,"TAD",42251.75,13,10,8,100,0,19.5,80.5,0,0,0,0,0,NA,NA,NA,NA,NA,NA
"656",231457,128156,"TAD",42252,13,10,8,100,0,15.3,75.3,9.4,0,0,0,0,NA,NA,NA,NA,NA,NA
"657",231458,128156,"TAD",42252.25,13,15,8,100,0,9.6,85.2,5.2,0,0,0,0,NA,NA,NA,NA,NA,NA
"658",231459,128156,"TAD",42252.5,13,3,8,100,0,17.2,77.9,4.9,0,0,0,0,NA,NA,NA,NA,NA,NA
"659",231460,128156,"TAD",42252.75,13,9,8,100,0,17.2,79,3.9,0,0,0,0,NA,NA,NA,NA,NA,NA
"660",231461,128156,"TAD",42253,13,8,8,100,0,12.6,80.9,6.5,0,0,0,0,NA,NA,NA,NA,NA,NA
"661",231462,128156,"TAD",42253.25,13,5,8,100,0,13,86.2,0.7,0,0,0,0,NA,NA,NA,NA,NA,NA
"662",231463,128156,"TAD",42253.5,13,3,8,100,0,13,86.7,0.4,0,0,0,0,NA,NA,NA,NA,NA,NA
"663",231464,128156,"TAD",42253.75,13,8,8,100,0,16.5,77,6.5,0,0,0,0,NA,NA,NA,NA,NA,NA
"664",231465,128156,"TAD",42254,13,6,8,100,0,16.2,79.6,4.2,0,0,0,0,NA,NA,NA,NA,NA,NA
"665",231466,128156,"TAD",42254.25,13,7,8,100,0,12,68.5,19.5,0,0,0,0,NA,NA,NA,NA,NA,NA
"666",231467,128156,"TAD",42254.5,13,5,8,100,0,8.1,84.8,7,0,0,0,0,NA,NA,NA,NA,NA,NA
"667",231468,128156,"TAD",42254.75,13,7,8,100,0,11.7,80.3,8.1,0,0,0,0,NA,NA,NA,NA,NA,NA
"668",231469,128156,"TAD",42255,13,5,8,100,0,12,82.1,5.8,0,0,0,0,NA,NA,NA,NA,NA,NA
"669",231470,128156,"TAD",42255.25,13,6,8,100,0,11,73.5,15.5,0,0,0,0,NA,NA,NA,NA,NA,NA
"670",231471,128156,"TAD",42255.5,13,14,8,100,0,15.2,80.3,4.5,0,0,0,0,NA,NA,NA,NA,NA,NA
"671",231472,128156,"TAD",42255.75,13,7,8,100,0,13,80.8,6.2,0,0,0,0,NA,NA,NA,NA,NA,NA
"672",231473,128156,"TAD",42256,13,11,8,100,0,14.1,85.2,0.7,0,0,0,0,NA,NA,NA,NA,NA,NA
"673",231474,128156,"TAD",42256.25,13,10,8,100,0,11.3,78,10.7,0,0,0,0,NA,NA,NA,NA,NA,NA
"674",231475,128156,"TAD",42256.5,13,12,8,100,0,14.6,80.9,4.2,0.3,0,0,0,NA,NA,NA,NA,NA,NA
"675",231476,128156,"TAD",42256.75,13,7,8,100,0,17.8,62.4,16.7,3.1,0,0,0,NA,NA,NA,NA,NA,NA
"676",231477,128156,"TAD",42257,13,12,8,100,0,24,63.5,11.1,1.4,0,0,0,NA,NA,NA,NA,NA,NA
"677",231478,128156,"TAD",42257.25,13,4,8,100,0,20.7,79,0.3,0,0,0,0,NA,NA,NA,NA,NA,NA
"678",231479,128156,"TAD",42257.5,13,8,8,100,0,23.3,74.8,1.9,0,0,0,0,NA,NA,NA,NA,NA,NA
"679",231480,128156,"TAD",42257.75,13,11,8,100,0,16.6,74,9.4,0,0,0,0,NA,NA,NA,NA,NA,NA
"680",231481,128156,"TAD",42258,13,5,8,100,0,16.2,82.5,1.3,0,0,0,0,NA,NA,NA,NA,NA,NA
"681",231482,128156,"TAD",42258.25,13,9,8,100,0,23.3,69.7,6.9,0,0,0,0,NA,NA,NA,NA,NA,NA
"682",231483,128156,"TAD",42258.5,13,8,8,100,0,28.5,71.2,0.3,0,0,0,0,NA,NA,NA,NA,NA,NA
"683",231484,128156,"TAD",42258.75,13,11,8,100,0,17.8,82.2,0,0,0,0,0,NA,NA,NA,NA,NA,NA
"684",231485,128156,"TAD",42259,13,6,8,100,0,21,75.1,3.9,0,0,0,0,NA,NA,NA,NA,NA,NA
"685",231486,128156,"TAD",42259.25,13,6,8,100,0,14.4,84.4,1.1,0,0,0,0,NA,NA,NA,NA,NA,NA
"686",231487,128156,"TAD",42259.5,13,6,8,100,0,22.7,76.3,1,0,0,0,0,NA,NA,NA,NA,NA,NA
"687",231488,128156,"TAD",42259.75,13,10,8,100,0,34.4,60.8,4.7,0,0,0,0,NA,NA,NA,NA,NA,NA
"688",231489,128156,"TAD",42260,13,6,8,100,0,36.4,59.4,3.3,0.8,0,0,0,NA,NA,NA,NA,NA,NA
"689",231490,128156,"TAD",42260.25,13,7,8,100,0,36.1,63.9,0,0,0,0,0,NA,NA,NA,NA,NA,NA
"690",231491,128156,"TAD",42260.5,13,7,8,100,0,35.8,64.2,0,0,0,0,0,NA,NA,NA,NA,NA,NA
"691",231492,128156,"TAD",42260.75,13,8,8,100,0,21.4,67.1,11.4,0,0,0,0,NA,NA,NA,NA,NA,NA
"692",231493,128156,"TAD",42261,13,4,8,100,0,20.8,77.6,1.6,0,0,0,0,NA,NA,NA,NA,NA,NA
"693",231494,128156,"TAD",42261.25,13,2,8,100,0,24.4,73.7,1.9,0,0,0,0,NA,NA,NA,NA,NA,NA
"694",231495,128156,"TAD",42261.5,13,8,8,100,0,27.2,72.5,0.3,0,0,0,0,NA,NA,NA,NA,NA,NA
"695",231496,128156,"TAD",42261.75,13,13,8,100,0,24.7,75.3,0,0,0,0,0,NA,NA,NA,NA,NA,NA
"696",231497,128156,"TAD",42262,13,4,8,100,0,21.8,73.7,4.5,0,0,0,0,NA,NA,NA,NA,NA,NA
"697",231498,128156,"TAD",42262.25,13,2,8,100,0,20.1,75.4,4.2,0.3,0,0,0,NA,NA,NA,NA,NA,NA
"698",231499,128156,"TAD",42262.5,13,8,8,100,0,23.4,51.4,21.1,4.2,0,0,0,NA,NA,NA,NA,NA,NA
"699",231500,128156,"TAD",42262.75,13,6,8,100,0,12.3,74,12,1.6,0,0,0,NA,NA,NA,NA,NA,NA
"700",231501,128156,"TAD",42263,13,12,8,100,0,9.7,74.8,15.5,0,0,0,0,NA,NA,NA,NA,NA,NA
"701",231502,128156,"TAD",42263.25,13,8,8,100,0,10.9,49.8,39.4,0,0,0,0,NA,NA,NA,NA,NA,NA
"702",231503,128156,"TAD",42263.5,13,4,8,100,0,10.7,88.5,0.7,0,0,0,0,NA,NA,NA,NA,NA,NA
"703",231504,128156,"TAD",42263.75,13,9,8,100,0,15.2,84.8,0,0,0,0,0,NA,NA,NA,NA,NA,NA
"704",231505,128156,"TAD",42264,13,7,8,100,0,10,88.5,1.5,0,0,0,0,NA,NA,NA,NA,NA,NA
"705",231506,128156,"TAD",42264.25,13,5,8,100,0,8.9,91.1,0,0,0,0,0,NA,NA,NA,NA,NA,NA
"706",231507,128156,"TAD",42264.5,13,5,8,100,0,10,83.7,6.3,0,0,0,0,NA,NA,NA,NA,NA,NA
"707",231508,128156,"TAD",42264.75,13,5,8,100,0,10.7,89.3,0,0,0,0,0,NA,NA,NA,NA,NA,NA
"708",231509,128156,"TAD",42265,13,5,8,100,0,9.1,79.2,11,0.6,0,0,0,NA,NA,NA,NA,NA,NA
"709",231510,128156,"TAD",42265.25,13,8,8,100,0,10.4,83,5.6,1.1,0,0,0,NA,NA,NA,NA,NA,NA
"710",231511,128156,"TAD",42265.5,13,9,8,100,0,14.9,77.3,7.4,0.3,0,0,0,NA,NA,NA,NA,NA,NA
"711",231512,128156,"TAD",42265.75,13,12,8,100,0,23.9,66.7,9.4,0,0,0,0,NA,NA,NA,NA,NA,NA
"712",231513,128156,"TAD",42266,13,11,8,100,0,27.1,51.6,18.1,3.2,0,0,0,NA,NA,NA,NA,NA,NA
"713",231514,128156,"TAD",42266.25,13,9,8,100,0,13.3,63.7,16.9,6.1,0,0,0,NA,NA,NA,NA,NA,NA
"714",231515,128156,"TAD",42266.5,13,4,8,100,0,32.8,59.7,7.5,0,0,0,0,NA,NA,NA,NA,NA,NA
"715",231516,128156,"TAD",42266.75,13,6,8,100,0,17.9,81.2,1,0,0,0,0,NA,NA,NA,NA,NA,NA
"716",231517,128156,"TAD",42267,13,7,8,100,0,17.3,70.5,8.9,3.3,0,0,0,NA,NA,NA,NA,NA,NA
"717",231518,128156,"TAD",42267.25,13,11,8,100,0,10,89.3,0.7,0,0,0,0,NA,NA,NA,NA,NA,NA
"718",231519,128156,"TAD",42267.5,13,11,8,100,0,15,56.3,28.7,0,0,0,0,NA,NA,NA,NA,NA,NA
"719",231520,128156,"TAD",42267.75,13,3,8,100,0,19.8,75,5.2,0,0,0,0,NA,NA,NA,NA,NA,NA
"720",231521,128156,"TAD",42268,13,2,8,100,0,23.3,70.8,5.8,0,0,0,0,NA,NA,NA,NA,NA,NA
"721",231522,128156,"TAD",42268.25,13,3,8,100,0,19.4,80.6,0,0,0,0,0,NA,NA,NA,NA,NA,NA
"722",231523,128156,"TAD",42268.5,13,12,8,100,0,24.3,73.1,2.6,0,0,0,0,NA,NA,NA,NA,NA,NA
"723",231524,128156,"TAD",42268.75,13,12,8,100,0,36.6,60.7,2.5,0,0,0,0,NA,NA,NA,NA,NA,NA
"724",231525,128156,"TAD",42269,13,13,8,100,0,20.7,79.3,0,0,0,0,0,NA,NA,NA,NA,NA,NA
"725",231526,128156,"TAD",42269.25,13,10,8,100,0,9.4,71.8,18.8,0,0,0,0,NA,NA,NA,NA,NA,NA
"726",231527,128156,"TAD",42269.5,13,6,8,100,0,17.2,82.8,0,0,0,0,0,NA,NA,NA,NA,NA,NA
"727",231528,128156,"TAD",42269.75,13,6,8,100,0,13.3,86.3,0.4,0,0,0,0,NA,NA,NA,NA,NA,NA
"728",231529,128156,"TAD",42270,13,7,8,100,0,5.8,69.6,24.5,0,0,0,0,NA,NA,NA,NA,NA,NA
"729",231530,128156,"TAD",42270.25,13,7,8,100,0,9.7,83.3,7.1,0,0,0,0,NA,NA,NA,NA,NA,NA
"730",231531,128156,"TAD",42270.5,13,7,8,100,0,7.4,49.4,42.7,0.5,0,0,0,NA,NA,NA,NA,NA,NA
"731",231532,128156,"TAD",42270.75,13,15,8,100,0,22.6,36.1,17.6,23.7,0,0,0,NA,NA,NA,NA,NA,NA
"732",231533,128156,"TAD",42271,13,4,8,100,0,7.6,54.6,14.6,22.7,0.5,0,0,NA,NA,NA,NA,NA,NA
"733",231534,128156,"TAD",42271.25,13,4,8,100,0,16.4,56.7,9.7,16.7,0.5,0,0,NA,NA,NA,NA,NA,NA
"734",231535,128156,"TAD",42271.5,13,12,8,100,0,17.5,62.3,7.2,12.7,0.3,0,0,NA,NA,NA,NA,NA,NA
"735",231536,128156,"TAD",42271.75,13,9,8,100,0,6.5,47.8,41.6,4.2,0,0,0,NA,NA,NA,NA,NA,NA
"736",231537,128156,"TAD",42272,13,7,8,100,0,9.2,62.2,10.3,18.3,0,0,0,NA,NA,NA,NA,NA,NA
"737",231538,128156,"TAD",42272.25,13,7,8,100,0,11.4,66.3,12,10.3,0,0,0,NA,NA,NA,NA,NA,NA
"738",231539,128156,"TAD",42272.5,13,2,8,100,0,18.8,58.7,7.2,12.3,3,0,0,NA,NA,NA,NA,NA,NA
"739",231540,128156,"TAD",42272.75,13,5,8,100,0,15.6,65.7,5.6,6.4,6.7,0,0,NA,NA,NA,NA,NA,NA
"740",231541,128156,"TAD",42273,13,4,8,100,0,6.3,90.4,3.3,0,0,0,0,NA,NA,NA,NA,NA,NA
"741",231542,128156,"TAD",42273.25,13,7,8,100,0,11.9,66.1,17.8,4.2,0,0,0,NA,NA,NA,NA,NA,NA
"742",231543,128156,"TAD",42273.5,13,10,8,100,0,17.8,55.3,15,10,1.9,0,0,NA,NA,NA,NA,NA,NA
"743",231544,128156,"TAD",42273.75,13,7,8,100,0,27.6,31.3,8.6,21.1,11.4,0,0,NA,NA,NA,NA,NA,NA
"744",231545,128156,"TAD",42274,13,7,8,100,0,16.9,68.3,13.6,1.1,0,0,0,NA,NA,NA,NA,NA,NA
"745",231546,128156,"TAD",42274.25,13,6,8,100,0,21.1,65.6,9.4,3.6,0.3,0,0,NA,NA,NA,NA,NA,NA
"746",231547,128156,"TAD",42274.5,13,5,8,100,0,25.1,63,8.9,3.1,0,0,0,NA,NA,NA,NA,NA,NA
"747",231548,128156,"TAD",42274.75,13,4,8,100,0,30.8,66.7,2.5,0,0,0,0,NA,NA,NA,NA,NA,NA
"748",231549,128156,"TAD",42275,13,8,8,100,0,34,57.9,6.7,1.4,0,0,0,NA,NA,NA,NA,NA,NA
"749",231550,128156,"TAD",42275.25,13,2,8,100,0,15.9,81.2,2.9,0,0,0,0,NA,NA,NA,NA,NA,NA
"750",231551,128156,"TAD",42275.5,13,5,8,100,0,16.9,80.8,2.3,0,0,0,0,NA,NA,NA,NA,NA,NA
"751",231552,128156,"TAD",42275.75,13,7,8,100,0,12.8,61.1,25.6,0.6,0,0,0,NA,NA,NA,NA,NA,NA
"752",231553,128156,"TAD",42276,13,9,8,100,0,14.1,84.1,1.9,0,0,0,0,NA,NA,NA,NA,NA,NA
"753",231554,128156,"TAD",42276.25,13,5,8,100,0,18,63.4,18.3,0.3,0,0,0,NA,NA,NA,NA,NA,NA
"754",231555,128156,"TAD",42276.5,13,5,8,100,0,15.3,61.8,15.6,5.3,1.9,0,0,NA,NA,NA,NA,NA,NA
"755",231556,128156,"TAD",42276.75,13,13,8,100,0,11.4,61.4,18.6,8.1,0.6,0,0,NA,NA,NA,NA,NA,NA
"756",231557,128156,"TAD",42277,13,6,8,100,0,11.8,49.4,23.1,15,0.7,0,0,NA,NA,NA,NA,NA,NA
"757",231558,128156,"TAD",42277.25,13,10,8,100,0,18.8,49.8,23.1,4.9,3.5,0,0,NA,NA,NA,NA,NA,NA
"758",231559,128156,"TAD",42277.5,13,8,8,100,0,17.6,53.9,27.3,1.2,0,0,0,NA,NA,NA,NA,NA,NA
"759",231560,128156,"TAD",42277.75,13,10,8,100,0,12.9,71.9,13.2,1.9,0,0,0,NA,NA,NA,NA,NA,NA
"760",231561,128156,"TAD",42278,13,7,8,100,0,11,73.8,14.9,0.3,0,0,0,NA,NA,NA,NA,NA,NA
"761",231562,128156,"TAD",42278.25,13,4,8,100,0,10.8,63.2,25.8,0.3,0,0,0,NA,NA,NA,NA,NA,NA
"762",231563,128156,"TAD",42278.5,13,6,8,100,0,13.3,85.6,1.1,0,0,0,0,NA,NA,NA,NA,NA,NA
"763",231564,128156,"TAD",42278.75,13,10,8,100,0,11.9,87.8,0.4,0,0,0,0,NA,NA,NA,NA,NA,NA
"764",231565,128156,"TAD",42279,13,7,8,100,0,10,89.6,0.4,0,0,0,0,NA,NA,NA,NA,NA,NA
"765",231566,128156,"TAD",42279.25,13,6,8,100,0,10.4,88.5,1.1,0,0,0,0,NA,NA,NA,NA,NA,NA
"766",231567,128156,"TAD",42279.5,13,3,8,100,0,9.3,90.4,0.4,0,0,0,0,NA,NA,NA,NA,NA,NA
"767",231568,128156,"TAD",42279.75,13,4,8,100,0,8.1,91.5,0.4,0,0,0,0,NA,NA,NA,NA,NA,NA
"768",231569,128156,"TAD",42280,13,6,8,100,0,8.1,90.7,1.1,0,0,0,0,NA,NA,NA,NA,NA,NA
"769",231570,128156,"TAD",42280.25,13,9,8,100,0,14.1,85.9,0,0,0,0,0,NA,NA,NA,NA,NA,NA
"770",231571,128156,"TAD",42280.5,13,3,8,100,0,15.6,83.7,0.7,0,0,0,0,NA,NA,NA,NA,NA,NA
"771",231572,128156,"TAD",42280.75,13,7,8,100,0,14.4,85.6,0,0,0,0,0,NA,NA,NA,NA,NA,NA
"772",231573,128156,"TAD",42281,13,9,8,100,0,6.1,82.2,11.3,0.3,0,0,0,NA,NA,NA,NA,NA,NA
"773",231574,128156,"TAD",42281.25,13,7,8,100,0,8.8,57.6,29.6,3.9,0,0,0,NA,NA,NA,NA,NA,NA
"774",231575,128156,"TAD",42281.5,13,5,8,100,0,10.8,88.8,0.4,0,0,0,0,NA,NA,NA,NA,NA,NA
"775",231576,128156,"TAD",42281.75,13,3,8,100,0,9.3,89.6,1.1,0,0,0,0,NA,NA,NA,NA,NA,NA
"776",231577,128156,"TAD",42282,13,3,8,100,0,10,83.3,6.7,0,0,0,0,NA,NA,NA,NA,NA,NA
"777",231578,128156,"TAD",42282.25,13,2,8,100,0,8.7,72.6,15.5,3.2,0,0,0,NA,NA,NA,NA,NA,NA
"778",231579,128156,"TAD",42282.5,13,8,8,100,0,9.6,90,0.4,0,0,0,0,NA,NA,NA,NA,NA,NA
"779",231580,128156,"TAD",42282.75,13,7,8,100,0,12.6,85.2,2.2,0,0,0,0,NA,NA,NA,NA,NA,NA
"780",231581,128156,"TAD",42283,13,4,8,100,0,12.2,68.1,14.4,5.3,0,0,0,NA,NA,NA,NA,NA,NA
"781",231582,128156,"TAD",42283.25,13,3,8,100,0,22.2,60,7.5,10.3,0,0,0,NA,NA,NA,NA,NA,NA
"782",231583,128156,"TAD",42283.5,13,5,8,100,0,14.1,83.7,2.2,0,0,0,0,NA,NA,NA,NA,NA,NA
"783",231584,128156,"TAD",42283.75,13,6,8,100,0,11.4,87.8,0.7,0,0,0,0,NA,NA,NA,NA,NA,NA
"784",231585,128156,"TAD",42284,13,8,8,100,0,12.2,83.7,4.1,0,0,0,0,NA,NA,NA,NA,NA,NA
"785",231586,128156,"TAD",42284.25,13,4,8,100,0,14.2,61.7,23.6,0.6,0,0,0,NA,NA,NA,NA,NA,NA
"786",231587,128156,"TAD",42284.5,13,7,8,100,0,14.4,56,22,7.4,0.2,0,0,NA,NA,NA,NA,NA,NA
"787",231588,128156,"TAD",42284.75,13,4,8,100,0,14.8,52.2,29.1,3.2,0.7,0,0,NA,NA,NA,NA,NA,NA
"788",231589,128156,"TAD",42285,13,5,8,100,0,14.4,44.3,11.3,30,0,0,0,NA,NA,NA,NA,NA,NA
"789",231590,128156,"TAD",42285.25,13,6,8,100,0,9.8,45.8,43,1.3,0,0,0,NA,NA,NA,NA,NA,NA
"790",231591,128156,"TAD",42285.5,13,3,8,100,0,11.8,54.5,32.8,0.9,0,0,0,NA,NA,NA,NA,NA,NA
"791",231592,128156,"TAD",42285.75,13,5,8,100,0,10.4,48.8,40.5,0.2,0,0,0,NA,NA,NA,NA,NA,NA
"792",231593,128156,"TAD",42286,13,8,8,100,0,4.9,48.8,30.3,16,0,0,0,NA,NA,NA,NA,NA,NA
"793",231594,128156,"TAD",42286.25,13,5,8,100,0,6.7,84.8,8.5,0,0,0,0,NA,NA,NA,NA,NA,NA
"794",231595,128156,"TAD",42286.5,13,5,8,100,0,15.2,80.6,2.9,0.6,0.6,0,0,NA,NA,NA,NA,NA,NA
"795",231596,128156,"TAD",42286.75,13,5,8,100,0,20.1,79.3,0.6,0,0,0,0,NA,NA,NA,NA,NA,NA
"796",231597,128156,"TAD",42287,13,3,8,100,0,11.7,78.3,9.1,0.6,0.3,0,0,NA,NA,NA,NA,NA,NA
"797",231598,128156,"TAD",42287.25,13,4,8,100,0,9.2,65.2,19.8,5.8,0,0,0,NA,NA,NA,NA,NA,NA
"798",231599,128156,"TAD",42287.5,13,4,8,100,0,15.2,81.9,2.9,0,0,0,0,NA,NA,NA,NA,NA,NA
"799",231600,128156,"TAD",42287.75,13,7,8,100,0,18.8,78.2,2.3,0.3,0.3,0,0,NA,NA,NA,NA,NA,NA
"800",231601,128156,"TAD",42288,13,1,8,100,0,21.3,48.1,20.4,9.5,0.7,0,0,NA,NA,NA,NA,NA,NA
"801",231602,128156,"TAD",42288.25,13,8,8,100,0,18.4,39.9,31,6.3,4.5,0,0,NA,NA,NA,NA,NA,NA
"802",231603,128156,"TAD",42288.5,13,7,8,100,0,20.8,58.3,17.6,3.2,0,0,0,NA,NA,NA,NA,NA,NA
"803",231604,128156,"TAD",42288.75,13,11,8,100,0,16.7,51.3,15.5,16.2,0.2,0,0,NA,NA,NA,NA,NA,NA
"804",231605,128156,"TAD",42289,13,5,8,100,0,11.4,62.2,20.8,5.6,0,0,0,NA,NA,NA,NA,NA,NA
"805",231606,128156,"TAD",42289.25,13,8,8,100,0,14.6,77.6,4.5,3.2,0,0,0,NA,NA,NA,NA,NA,NA
"806",231607,128156,"TAD",42289.5,13,13,8,100,0,12.3,78.2,9.4,0,0,0,0,NA,NA,NA,NA,NA,NA
"807",231608,128156,"TAD",42289.75,13,13,8,100,0,30.4,43.6,22.3,3.7,0,0,0,NA,NA,NA,NA,NA,NA
"808",231609,128156,"TAD",42290,13,6,8,100,0,10,62.1,16.2,11.4,0.3,0,0,NA,NA,NA,NA,NA,NA
"809",231610,128156,"TAD",42290.25,13,3,8,100,0,16.4,59.6,17,7,0,0,0,NA,NA,NA,NA,NA,NA
"810",231611,128156,"TAD",42290.5,13,3,8,100,0,13.4,61.6,10,13.4,1.7,0,0,NA,NA,NA,NA,NA,NA
"811",231612,128156,"TAD",42290.75,13,5,8,100,0,14.9,78.9,2.3,3.6,0.3,0,0,NA,NA,NA,NA,NA,NA
"812",231613,128156,"TAD",42291,13,7,8,100,0,16.8,81.9,1.3,0,0,0,0,NA,NA,NA,NA,NA,NA
"813",231614,128156,"TAD",42291.25,13,8,8,100,0,19.2,68.8,7.8,4.2,0,0,0,NA,NA,NA,NA,NA,NA
"814",231615,128156,"TAD",42291.5,13,6,8,100,0,27.2,67.2,2.5,1.7,1.4,0,0,NA,NA,NA,NA,NA,NA
"815",231616,128156,"TAD",42291.75,13,4,8,100,0,13.9,38.9,15.4,24.3,7.6,0,0,NA,NA,NA,NA,NA,NA
"816",231617,128156,"TAD",42292,13,3,8,100,0,4.6,37.7,14.3,7.6,35.8,0,0,NA,NA,NA,NA,NA,NA
"817",231618,128156,"TAD",42292.25,13,7,8,100,0,5.3,25,9.2,31.1,29.4,0,0,NA,NA,NA,NA,NA,NA
"818",231619,128156,"TAD",42292.5,13,8,8,100,0,5,59.9,20.1,9.7,5.3,0,0,NA,NA,NA,NA,NA,NA
"819",231620,128156,"TAD",42292.75,13,6,8,100,0,5.9,37.5,9.8,32.7,14.1,0,0,NA,NA,NA,NA,NA,NA
"820",231621,128156,"TAD",42293,13,7,8,100,0,8.7,41.7,10.6,15.2,23.9,0,0,NA,NA,NA,NA,NA,NA
"821",231622,128156,"TAD",42293.25,13,3,8,100,0,5.6,24.6,4.6,10.4,41.1,13,0,NA,NA,NA,NA,NA,NA
"822",231623,128156,"TAD",42293.5,13,1,8,100,0,10.7,81.5,5.2,1.6,0.3,0,0,NA,NA,NA,NA,NA,NA
"823",231624,128156,"TAD",42293.75,13,6,8,100,0,11.3,48.1,5.1,17.1,17.4,0,0,NA,NA,NA,NA,NA,NA
"824",231625,128156,"TAD",42294,13,4,8,100,0,7.6,37.5,21.5,9.1,23.2,1,0,NA,NA,NA,NA,NA,NA
"825",231626,128156,"TAD",42294.25,13,6,8,100,0,6.9,54,14.5,11.8,12.7,0,0,NA,NA,NA,NA,NA,NA
"826",231627,128156,"TAD",42294.5,13,6,8,100,0,10.6,57.9,6.7,6.5,10.4,7,0,NA,NA,NA,NA,NA,NA
"827",231628,128156,"TAD",42294.75,13,3,8,100,0,8.8,52,10.4,9,12.5,7,0,NA,NA,NA,NA,NA,NA
"828",231629,128156,"TAD",42295,13,6,8,100,0,9.9,39,10.2,10.6,27.7,2,0,NA,NA,NA,NA,NA,NA
"829",231630,128156,"TAD",42295.25,13,3,8,100,0,7.4,54.6,2.3,5.3,29.9,0,0,NA,NA,NA,NA,NA,NA
"830",231631,128156,"TAD",42295.5,13,3,8,100,0,9.8,41.9,3.3,8.5,28.7,7,0,NA,NA,NA,NA,NA,NA
"831",231632,128156,"TAD",42295.75,13,9,8,100,0,15.2,43,3.7,8.5,13.7,15,0,NA,NA,NA,NA,NA,NA
"832",231633,128156,"TAD",42296,13,7,8,100,0,12.8,27.4,18.5,8.5,21.7,11,0,NA,NA,NA,NA,NA,NA
"833",231634,128156,"TAD",42296.25,13,3,8,100,0,11.2,27,13,7.8,36.8,4,0,NA,NA,NA,NA,NA,NA
"834",231635,128156,"TAD",42296.5,13,5,8,100,0,12.8,62.4,6.1,4.7,7.5,6,0,NA,NA,NA,NA,NA,NA
"835",231636,128156,"TAD",42296.75,13,3,8,100,0,11,34.2,4.5,9.9,12,28,0,NA,NA,NA,NA,NA,NA
"836",231637,128156,"TAD",42297,13,9,8,100,0,8.6,26.5,60.4,3.1,0.8,0,0,NA,NA,NA,NA,NA,NA
"837",231638,128156,"TAD",42297.25,13,8,8,100,0,8,30.6,7.1,12.2,40.1,2,0,NA,NA,NA,NA,NA,NA
"838",231639,128156,"TAD",42297.5,13,2,8,100,0,8.3,43.2,43.2,3.5,1.7,0,0,NA,NA,NA,NA,NA,NA
"839",231640,128156,"TAD",42297.75,13,4,8,100,0,9.9,35,34.4,7.4,13.3,0,0,NA,NA,NA,NA,NA,NA
"840",231641,128156,"TAD",42298,13,5,8,100,0,13.5,33.9,38.1,3.9,10.6,0,0,NA,NA,NA,NA,NA,NA
"841",231642,128156,"TAD",42298.25,13,8,8,100,0,11.7,74,12,2.3,0,0,0,NA,NA,NA,NA,NA,NA
"842",231643,128156,"TAD",42298.5,13,4,8,100,0,12.2,57.5,21.7,8.5,0,0,0,NA,NA,NA,NA,NA,NA
"843",231644,128156,"TAD",42298.75,13,7,8,100,0,10.3,60.6,18.6,5.6,5,0,0,NA,NA,NA,NA,NA,NA
"844",231645,128156,"TAD",42299,13,3,8,100,0,11.9,31.5,8.8,17.4,30.4,0,0,NA,NA,NA,NA,NA,NA
"845",231646,128156,"TAD",42299.25,13,8,8,100,0,27.8,50.5,8.1,12.7,0.9,0,0,NA,NA,NA,NA,NA,NA
"846",231647,128156,"TAD",42299.5,13,5,8,100,0,13.9,53.9,31.5,0.7,0,0,0,NA,NA,NA,NA,NA,NA
"847",231648,128156,"TAD",42299.75,13,4,8,100,0,10.9,56.7,3.9,5.1,10.2,13,0,NA,NA,NA,NA,NA,NA
"848",231649,128156,"TAD",42300,13,3,8,100,0,8.9,18.2,3.9,9.6,35.8,23,0,NA,NA,NA,NA,NA,NA
"849",231650,128156,"TAD",42300.25,13,3,8,100,0,12.9,33,11.1,9.4,22.1,11,0,NA,NA,NA,NA,NA,NA
"850",231651,128156,"TAD",42300.5,13,5,8,100,0,14.2,72.5,12.3,1,0,0,0,NA,NA,NA,NA,NA,NA
"851",231652,128156,"TAD",42300.75,13,4,8,100,0,13.5,29.8,7.8,10.6,19.1,19,0,NA,NA,NA,NA,NA,NA
"852",231653,128156,"TAD",42301,13,8,8,100,0,20.2,44.3,13.9,6.1,3.5,12,0,NA,NA,NA,NA,NA,NA
"853",231654,128156,"TAD",42301.25,13,7,8,100,0,7.1,19.5,4.3,7.1,14.7,47,0,NA,NA,NA,NA,NA,NA
"854",231655,128156,"TAD",42301.5,13,4,8,100,0,10.8,40.6,16.7,10.6,5.6,15,0,NA,NA,NA,NA,NA,NA
"855",231656,128156,"TAD",42301.75,13,6,8,100,0,8.7,40.3,7.4,10,18.4,15,0,NA,NA,NA,NA,NA,NA
"856",231657,128156,"TAD",42302,13,3,8,100,0,6.9,23.6,3.3,7.4,25.3,33,0,NA,NA,NA,NA,NA,NA
"857",231658,128156,"TAD",42302.25,13,5,8,100,0,6.1,25.8,4.8,6.3,20.6,36,0,NA,NA,NA,NA,NA,NA
"858",231659,128156,"TAD",42302.5,13,5,8,100,0,6.5,51,19.5,9.5,3.5,10,0,NA,NA,NA,NA,NA,NA
"859",231660,128156,"TAD",42302.75,13,2,8,100,0,8.6,53.4,17.2,11.4,4.4,5,0,NA,NA,NA,NA,NA,NA
"860",231661,128156,"TAD",42303,13,2,8,100,0,12.2,50.1,8.8,9,4.6,15,0,NA,NA,NA,NA,NA,NA
"861",231662,128156,"TAD",42303.25,13,1,8,100,0,7.2,22.1,2.5,7.4,25.8,35,0,NA,NA,NA,NA,NA,NA
"862",231663,128156,"TAD",42303.5,13,5,8,100,0,10.4,54.4,21.3,6.3,2.1,5,0,NA,NA,NA,NA,NA,NA
"863",231664,128156,"TAD",42303.75,13,3,8,100,0,11.3,40.2,5,11.7,13,18,0,NA,NA,NA,NA,NA,NA
"864",231665,128156,"TAD",42304,13,7,8,100,0,7.4,34.6,5.7,11.4,14.2,26,0,NA,NA,NA,NA,NA,NA
"865",231666,128156,"TAD",42304.25,13,7,8,100,0,5.6,28.8,8.6,8.5,14.7,33,0,NA,NA,NA,NA,NA,NA
"866",231667,128156,"TAD",42304.5,13,6,8,100,0,8.9,46.8,16.5,9.1,7.2,11,0,NA,NA,NA,NA,NA,NA
"867",231668,128156,"TAD",42304.75,13,5,8,100,0,12.5,40.7,8.9,10.4,17.7,9,0,NA,NA,NA,NA,NA,NA
"868",231669,128156,"TAD",42305,13,4,8,100,0,9.9,32.5,8.3,6.5,17.9,24,0,NA,NA,NA,NA,NA,NA
"869",231670,128156,"TAD",42305.25,13,6,8,100,0,7.2,28,2.6,5.8,14.8,41,0,NA,NA,NA,NA,NA,NA
"870",231671,128156,"TAD",42305.5,13,4,8,100,0,15.8,48.7,1.9,6.5,9,18,0,NA,NA,NA,NA,NA,NA
"871",231672,128156,"TAD",42305.75,13,8,8,100,0,14.4,53.2,7.9,3.5,5.6,15,0,NA,NA,NA,NA,NA,NA
"872",231673,128156,"TAD",42306,13,5,8,100,0,9.6,34.6,2.9,6.4,15,31,0,NA,NA,NA,NA,NA,NA
"873",231674,128156,"TAD",42306.25,13,6,8,100,0,13.2,29.7,13.2,5.7,8.2,30,0,NA,NA,NA,NA,NA,NA
"874",231675,128156,"TAD",42306.5,13,7,8,100,0,20.1,72.1,6.5,1.3,0,0,0,NA,NA,NA,NA,NA,NA
"875",231676,128156,"TAD",42306.75,13,5,8,100,0,10.2,40.3,6.1,7.4,16.3,19,0,NA,NA,NA,NA,NA,NA
"876",231677,128156,"TAD",42307,13,8,8,100,0,11.1,52.3,12.5,4.9,7.2,12,0,NA,NA,NA,NA,NA,NA
"877",231678,128156,"TAD",42307.25,13,4,8,100,0,9.3,40.8,4.5,6.9,20.6,18,0,NA,NA,NA,NA,NA,NA
"878",231679,128156,"TAD",42307.5,13,3,8,100,0,12.1,35.8,8.5,14.1,11.7,17,0,NA,NA,NA,NA,NA,NA
"879",231680,128156,"TAD",42307.75,13,3,8,100,0,9.9,32.2,3.2,8.5,19.3,26,0,NA,NA,NA,NA,NA,NA
"880",231681,128156,"TAD",42308,13,5,8,100,0,10.2,15.6,3,10.2,39.3,21,0,NA,NA,NA,NA,NA,NA
"881",231682,128156,"TAD",42308.25,13,5,8,100,0,7.6,15.5,2.1,6.2,49.7,18,0,NA,NA,NA,NA,NA,NA
"882",231683,128156,"TAD",42308.5,13,7,8,100,0,11.4,65.1,9.4,3.3,10,0,0,NA,NA,NA,NA,NA,NA
"883",231684,128156,"TAD",42308.75,13,4,8,100,0,11.3,34,4.6,12.2,32.9,5,0,NA,NA,NA,NA,NA,NA
"884",231685,128156,"TAD",42309,13,5,8,100,0,10,20.8,3.9,17,24.1,24,0,NA,NA,NA,NA,NA,NA
"885",231686,128156,"TAD",42309.25,13,8,8,100,0,7.4,24.8,3.7,5.8,9.7,48,0,NA,NA,NA,NA,NA,NA
"886",231687,128156,"TAD",42309.5,13,8,8,100,0,20.3,63.3,0.8,3.3,7.2,5,0,NA,NA,NA,NA,NA,NA
"887",231688,128156,"TAD",42309.75,13,2,8,100,0,8.2,33,4.3,6.3,18.4,29,0,NA,NA,NA,NA,NA,NA
"888",231689,128156,"TAD",42310,13,8,8,100,0,10,45.8,7.8,6.1,8.7,21,0,NA,NA,NA,NA,NA,NA
"889",231690,128156,"TAD",42310.25,13,4,8,100,0,6.2,18.9,3,6.2,12,53,0,NA,NA,NA,NA,NA,NA
"890",231691,128156,"TAD",42310.5,13,7,8,100,0,12,44.4,17.6,5.7,12.4,7,0,NA,NA,NA,NA,NA,NA
"891",231692,128156,"TAD",42310.75,13,8,8,100,0,10.2,39.3,19.1,8,20,3,0,NA,NA,NA,NA,NA,NA
"892",231693,128156,"TAD",42311,13,8,8,100,0,9.1,24,3.3,7.8,43.5,12,0,NA,NA,NA,NA,NA,NA
"893",231694,128156,"TAD",42311.25,13,4,8,100,0,7.2,16.4,2.3,7.2,54.2,12,0,NA,NA,NA,NA,NA,NA
"894",231695,128156,"TAD",42311.5,13,6,8,100,0,11.1,56.1,12.9,4.2,6.5,9,0,NA,NA,NA,NA,NA,NA
"895",231696,128156,"TAD",42311.75,13,1,8,100,0,9.7,31.7,4.2,11.5,24.9,18,0,NA,NA,NA,NA,NA,NA
"896",231697,128156,"TAD",42312,13,5,8,100,0,9.4,20.4,4.1,16.5,37.4,12,0,NA,NA,NA,NA,NA,NA
"897",231698,128156,"TAD",42312.25,13,6,8,100,0,8.1,32.5,6,5.8,18.1,29,0,NA,NA,NA,NA,NA,NA
"898",231699,128156,"TAD",42312.5,13,4,8,100,0,8.8,32.5,5.4,9,23.6,20,0,NA,NA,NA,NA,NA,NA
"899",231700,128156,"TAD",42312.75,14,10,8,100,0,10,35.6,4.1,8.3,23.6,18,0,NA,NA,NA,NA,NA,NA
"900",231701,128156,"TAD",42313,14,7,8,100,0,6.1,36.4,5.9,7,14,30,0,NA,NA,NA,NA,NA,NA
"901",231702,128156,"TAD",42313.25,14,10,8,100,0,8.5,18.3,3.3,8.3,25,36,0,NA,NA,NA,NA,NA,NA
"902",231703,128156,"TAD",42313.5,14,7,8,100,0,11,31.9,5.7,8.2,20.3,22,0,NA,NA,NA,NA,NA,NA
"903",231704,128156,"TAD",42313.75,14,6,8,100,0,10.4,38,4.8,11.1,18.9,16,0,NA,NA,NA,NA,NA,NA
"904",231705,128156,"TAD",42314,14,6,8,100,0,11.1,30.4,3.5,12.9,26.5,15,0,NA,NA,NA,NA,NA,NA
"905",231706,128156,"TAD",42314.25,14,5,8,100,0,8.5,23.3,2.8,7.2,15,43,0,NA,NA,NA,NA,NA,NA
"906",231707,128156,"TAD",42314.5,14,3,8,100,0,7.4,58.2,11.1,6,2.6,14,0,NA,NA,NA,NA,NA,NA
"907",231708,128156,"TAD",42314.75,14,5,8,100,0,10.4,23.9,3,7.4,16.1,39,0,NA,NA,NA,NA,NA,NA
"908",231709,128156,"TAD",42315,14,9,8,100,0,9.5,19.7,3.2,10.6,37.5,19,0,NA,NA,NA,NA,NA,NA
"909",231710,128156,"TAD",42315.25,14,5,8,100,0,10.4,28.9,2.9,6,18.4,33,0,NA,NA,NA,NA,NA,NA
"910",231711,128156,"TAD",42315.5,14,6,8,100,0,10.9,44.6,32.8,2.6,4.6,4,0,NA,NA,NA,NA,NA,NA
"911",231712,128156,"TAD",42315.75,14,6,8,100,0,11,32,13.7,11.8,15.7,15,0,NA,NA,NA,NA,NA,NA
"912",231713,128156,"TAD",42316,14,2,8,100,0,17.6,53.2,10.6,3.9,12.3,2,0,NA,NA,NA,NA,NA,NA
"913",231714,128156,"TAD",42316.25,14,9,8,100,0,13.7,51.4,7.4,4.9,6.9,15,0,NA,NA,NA,NA,NA,NA
"914",231715,128156,"TAD",42316.5,14,4,8,100,0,14.8,40.4,2.4,5.2,7.2,20,9.8,NA,NA,NA,NA,NA,NA
"915",231716,128156,"TAD",42316.75,14,6,8,100,0,12.6,25.8,3.6,7.4,12.3,33,5,NA,NA,NA,NA,NA,NA
"916",231717,128156,"TAD",42317,14,6,8,100,0,10.2,20,3.3,6.9,15.2,44,0,NA,NA,NA,NA,NA,NA
"917",231718,128156,"TAD",42317.25,14,9,8,100,0,7.4,22.1,3,6.3,13.2,45,2.4,NA,NA,NA,NA,NA,NA
"918",231719,128156,"TAD",42317.5,14,8,8,100,0,7.5,61.7,4.2,3.6,3.9,14,4.2,NA,NA,NA,NA,NA,NA
"919",231720,128156,"TAD",42317.75,14,5,8,100,0,8.2,32.2,8.8,7.2,17.6,25,0.1,NA,NA,NA,NA,NA,NA
"920",231721,128156,"TAD",42318,14,10,8,100,0,6.3,30.6,6.5,6.1,8,41,0.9,NA,NA,NA,NA,NA,NA
"921",231722,128156,"TAD",42318.25,14,11,8,100,0,7.4,37.8,11.3,5.9,7.2,23,7.2,NA,NA,NA,NA,NA,NA
"922",231723,128156,"TAD",42318.5,14,10,8,100,0,6.1,42.2,2.8,3.9,6.5,36,2.2,NA,NA,NA,NA,NA,NA
"923",231724,128156,"TAD",42318.75,14,4,8,100,0,8.5,36.2,5,7.4,7.1,35,0,NA,NA,NA,NA,NA,NA
"924",231725,128156,"TAD",42319,14,9,8,100,0,8.1,22.2,3.7,5.6,9.3,51,0,NA,NA,NA,NA,NA,NA
"925",231726,128156,"TAD",42319.25,14,2,8,100,0,8.9,25,2.8,5.9,10.6,46,0,NA,NA,NA,NA,NA,NA
"926",231727,128156,"TAD",42319.5,14,4,8,100,0,11.8,50,2.3,3.2,5.6,18,8.6,NA,NA,NA,NA,NA,NA
"927",231728,128156,"TAD",42319.75,14,4,8,100,0,9.6,25.3,4.3,7.4,11.9,20,21.1,NA,NA,NA,NA,NA,NA
"928",231729,128156,"TAD",42320,14,7,8,100,0,10.6,30.7,3.8,8.3,14.9,18,13.6,NA,NA,NA,NA,NA,NA
"929",231730,128156,"TAD",42320.25,14,10,8,100,0,12.2,18.9,2.9,7.4,14.7,34,9.7,NA,NA,NA,NA,NA,NA
"930",231731,128156,"TAD",42320.5,14,3,8,100,0,16.6,47.6,8.5,5.5,4.2,12,5.5,NA,NA,NA,NA,NA,NA
"931",231732,128156,"TAD",42320.75,14,8,8,100,0,12.7,52.1,13,9.7,7.9,4,0,NA,NA,NA,NA,NA,NA
"932",231733,128156,"TAD",42321,14,3,8,100,0,10.5,21.6,2.9,7.4,26.1,31,0,NA,NA,NA,NA,NA,NA
"933",231734,128156,"TAD",42321.25,14,4,8,100,0,10.7,25.2,4.6,6.7,21.3,28,3.5,NA,NA,NA,NA,NA,NA
"934",231735,128156,"TAD",42321.5,14,6,8,100,0,11.9,31.2,25.7,10.4,7.6,13,0.1,NA,NA,NA,NA,NA,NA
"935",231736,128156,"TAD",42321.75,14,8,8,100,0,9.6,35.6,3.9,6.1,13.9,30,0,NA,NA,NA,NA,NA,NA
"936",231737,128156,"TAD",42322,14,5,8,100,0,10.5,20.4,3.6,6.7,15.3,34,8.7,NA,NA,NA,NA,NA,NA
"937",231738,128156,"TAD",42322.25,14,7,8,100,0,15.4,38.2,2.6,4.6,7.1,8,23.2,NA,NA,NA,NA,NA,NA
"938",231739,128156,"TAD",42322.5,14,5,8,100,0,14.6,30,4.3,5.8,9.4,8,27.5,NA,NA,NA,NA,NA,NA
"939",231740,128156,"TAD",42322.75,14,6,8,100,0,12.6,20.3,4.3,6.9,11,15,29,NA,NA,NA,NA,NA,NA
"940",231741,128156,"TAD",42323,14,5,8,100,0,12.7,22.4,4.9,7.2,17.3,20,14.8,NA,NA,NA,NA,NA,NA
"941",231742,128156,"TAD",42323.25,14,7,8,100,0,12.2,17.9,3.3,8.6,24.7,32,0.7,NA,NA,NA,NA,NA,NA
"942",231743,128156,"TAD",42323.5,14,1,8,100,0,13.9,51.7,3,4.2,5.8,12,8.6,NA,NA,NA,NA,NA,NA
"943",231744,128156,"TAD",42323.75,14,5,8,100,0,11.7,27.4,3.2,6.7,16.8,26,8.2,NA,NA,NA,NA,NA,NA
"944",231745,128156,"TAD",42324,14,4,8,100,0,10,18.4,2.2,7.1,12.1,42,7.8,NA,NA,NA,NA,NA,NA
"945",231746,128156,"TAD",42324.25,14,4,8,100,0,9.4,28.8,2.5,5.8,9.7,16,26.8,NA,NA,NA,NA,NA,NA
"946",231747,128156,"TAD",42324.5,14,9,8,100,0,12,60.7,3.9,2.8,3.3,3,14.2,NA,NA,NA,NA,NA,NA
"947",231748,128156,"TAD",42324.75,14,8,8,100,0,9.3,28.5,2.8,5.8,9.4,16,27.6,NA,NA,NA,NA,NA,NA
"948",231749,128156,"TAD",42325,14,9,8,100,0,10.4,34.4,2.9,7.2,10.1,22,12.2,NA,NA,NA,NA,NA,NA
"949",231750,128156,"TAD",42325.25,14,5,8,100,0,11.4,34.3,4.7,6.3,10.8,11,20.8,NA,NA,NA,NA,NA,NA
"950",231751,128156,"TAD",42325.5,14,1,8,100,0,17.1,41.9,11.9,4.3,5.2,4,15,NA,NA,NA,NA,NA,NA
"951",231752,128156,"TAD",42325.75,14,6,8,100,0,16.7,23.9,4.4,9.3,8.5,12,25,NA,NA,NA,NA,NA,NA
"952",231753,128156,"TAD",42326,14,5,8,100,0,19.9,18.1,3.9,8.1,12.2,14,23.8,NA,NA,NA,NA,NA,NA
"953",231754,128156,"TAD",42326.25,14,5,8,100,0,21.2,20.6,3.9,8,16.8,20,9.4,NA,NA,NA,NA,NA,NA
"954",231755,128156,"TAD",42326.5,14,6,8,100,0,20.1,50.6,4.6,4.4,5.5,5,9,NA,NA,NA,NA,NA,NA
"955",231756,128156,"TAD",42326.75,14,6,8,100,0,12.9,22.6,6.8,6.7,9.2,13,28.8,NA,NA,NA,NA,NA,NA
"956",231757,128156,"TAD",42327,14,5,8,100,0,15.5,22.6,3,6.5,10.6,20,21.7,NA,NA,NA,NA,NA,NA
"957",231758,128156,"TAD",42327.25,14,3,8,100,0,16.3,16.3,2.2,6.3,10.2,12,36.5,NA,NA,NA,NA,NA,NA
"958",231759,128156,"TAD",42327.5,14,2,8,100,0,13.8,24,11.8,5.6,8.3,18,18.3,NA,NA,NA,NA,NA,NA
"959",231760,128156,"TAD",42327.75,14,14,8,100,0,14.3,22.8,6.3,5.4,9,11,30.7,NA,NA,NA,NA,NA,NA
"960",231761,128156,"TAD",42328,14,2,8,100,0,16.5,20.4,2.1,7.5,11.8,14,27.4,NA,NA,NA,NA,NA,NA
"961",231762,128156,"TAD",42328.25,14,8,8,100,0,17.8,22.5,3.7,7.4,11.5,19,17.2,NA,NA,NA,NA,NA,NA
"962",231763,128156,"TAD",42328.5,14,7,8,100,0,15,34.3,9.4,8.3,9.6,11,11.7,NA,NA,NA,NA,NA,NA
"963",231764,128156,"TAD",42328.75,14,4,8,100,0,14.2,26.8,10.6,6.4,8.9,12,20.3,NA,NA,NA,NA,NA,NA
"964",231765,128156,"TAD",42329,14,3,8,100,0,13.9,19.3,2.4,5.6,9.1,10,39.1,NA,NA,NA,NA,NA,NA
"965",231766,128156,"TAD",42329.25,14,9,8,100,0,15.8,25.1,2.4,5.6,8.2,12,30.7,NA,NA,NA,NA,NA,NA
"966",231767,128156,"TAD",42329.5,14,5,8,100,0,14.1,38,6.3,6.1,7.8,10,17.3,NA,NA,NA,NA,NA,NA
"967",231768,128156,"TAD",42329.75,14,4,8,100,0,16,46.8,2.4,4.3,5.9,7,17.3,NA,NA,NA,NA,NA,NA
"968",231769,128156,"TAD",42330,14,7,8,100,0,14.9,21.9,3.6,6.1,8.9,12,32.5,NA,NA,NA,NA,NA,NA
"969",231770,128156,"TAD",42330.25,14,6,8,100,0,14.7,24.9,4.9,7.6,12.2,20,15,NA,NA,NA,NA,NA,NA
"970",231771,128156,"TAD",42330.5,14,7,8,100,0,13.2,52,18.2,2.1,3,4,7.2,NA,NA,NA,NA,NA,NA
"971",231772,128156,"TAD",42330.75,14,5,8,100,0,16.9,24.4,4.4,8.3,9.3,16,20.7,NA,NA,NA,NA,NA,NA
"972",231773,128156,"TAD",42331,14,11,8,100,0,13.1,23.1,2.5,5.7,9.2,13,33,NA,NA,NA,NA,NA,NA
"973",231774,128156,"TAD",42331.25,14,6,8,100,0,15.7,26.7,2.9,6.5,9.7,19,19.2,NA,NA,NA,NA,NA,NA
"974",231775,128156,"TAD",42331.5,14,4,8,100,0,16.7,69.4,1.4,1.1,1.9,3,6.4,NA,NA,NA,NA,NA,NA
"975",231776,128156,"TAD",42331.75,14,3,8,100,0,14.2,32.8,2.8,8.6,12.5,19,9.6,NA,NA,NA,NA,NA,NA
"976",231777,128156,"TAD",42332,14,4,8,100,0,16.8,17.8,2.8,6.5,10.4,14,31.6,NA,NA,NA,NA,NA,NA
"977",231778,128156,"TAD",42332.25,14,5,8,100,0,15,29.4,2.5,6,7.9,10,28.4,NA,NA,NA,NA,NA,NA
"978",231779,128156,"TAD",42332.5,14,6,8,100,0,12.6,44.1,11.3,5.2,5,6,15.6,NA,NA,NA,NA,NA,NA
"979",231780,128156,"TAD",42332.75,14,10,8,100,0,14.7,24.9,3.5,7.4,11.8,20,17.6,NA,NA,NA,NA,NA,NA
"980",231781,128156,"TAD",42333,14,12,8,100,0,13.9,19.3,2,5.6,9.5,13,36.5,NA,NA,NA,NA,NA,NA
"981",231782,128156,"TAD",42333.25,14,11,8,100,0,15.4,20.7,3.2,7.1,9,16,28.5,NA,NA,NA,NA,NA,NA
"982",231783,128156,"TAD",42333.5,14,16,8,100,0,16,58.9,3.2,3,4.4,5,8.8,NA,NA,NA,NA,NA,NA
"983",231784,128156,"TAD",42333.75,14,15,8,100,0,15.5,19.8,2.8,7,12.6,22,19.6,NA,NA,NA,NA,NA,NA
"984",231785,128156,"TAD",42334,14,8,8,100,0,13.5,17.6,2.2,5.4,9.3,15,36.5,NA,NA,NA,NA,NA,NA
"985",231786,128156,"TAD",42334.25,14,8,8,100,0,17.8,20.9,3.2,6.7,10.8,19,21,NA,NA,NA,NA,NA,NA
"986",231787,128156,"TAD",42334.5,14,7,8,100,0,13,52.1,7.2,6,4.9,10,6.9,NA,NA,NA,NA,NA,NA
"987",231788,128156,"TAD",42334.75,14,4,8,100,0,12.2,35.3,3.6,7.4,12,21,7.8,NA,NA,NA,NA,NA,NA
"988",231789,128156,"TAD",42335,14,6,8,100,0,14.8,24.8,3.1,6.9,10.7,19,20.7,NA,NA,NA,NA,NA,NA
"989",231790,128156,"TAD",42335.25,14,7,8,100,0,16,22.5,2.3,7.1,11.1,21,19.5,NA,NA,NA,NA,NA,NA
"990",231791,128156,"TAD",42335.5,14,11,8,100,0,14.2,51.3,9,4.9,4.9,9,6.3,NA,NA,NA,NA,NA,NA
"991",231792,128156,"TAD",42335.75,14,9,8,100,0,20.8,21.2,3.9,8.6,13,24,8,NA,NA,NA,NA,NA,NA
"992",231793,128156,"TAD",42336,14,12,8,100,0,17.2,24,3.3,8.5,11.8,23,11.3,NA,NA,NA,NA,NA,NA
"993",231794,128156,"TAD",42336.25,14,7,8,100,0,18.1,24.8,4,7.5,11.8,27,6,NA,NA,NA,NA,NA,NA
"994",231795,128156,"TAD",42336.5,14,5,8,100,0,21,21.1,4.1,7.5,12.6,19,13.9,NA,NA,NA,NA,NA,NA
"995",231796,128156,"TAD",42336.75,14,13,8,100,0,12.4,31.1,16.9,8.6,9.6,14,7.4,NA,NA,NA,NA,NA,NA
"996",231797,128156,"TAD",42337,14,11,8,100,0,19.6,16.1,3.3,7.9,14.5,28,10.6,NA,NA,NA,NA,NA,NA
"997",231798,128156,"TAD",42337.25,14,14,8,100,0,16.1,20.9,4.9,7.6,10.9,17,22.6,NA,NA,NA,NA,NA,NA
"998",231799,128156,"TAD",42337.5,14,5,8,100,0,17.1,23.6,7.8,12.2,13.9,19,6.5,NA,NA,NA,NA,NA,NA
"999",231800,128156,"TAD",42337.75,14,7,8,100,0,20,21.9,3.3,7.4,15.1,32,0,NA,NA,NA,NA,NA,NA
"1000",231801,128156,"TAD",42338,14,9,8,100,0,12.5,32.8,3.5,6,9.6,31,4,NA,NA,NA,NA,NA,NA
"1001",231802,128156,"TAD",42338.25,14,7,8,100,0,15,21.3,6.3,5.6,9.4,40,2.2,NA,NA,NA,NA,NA,NA
"1002",231803,128156,"TAD",42338.5,14,10,8,100,0,14.5,45.4,7.1,6.3,7.6,19,0,NA,NA,NA,NA,NA,NA
"1003",231804,128156,"TAD",42338.75,14,10,8,100,0,12.1,32,3.9,7.5,10.7,31,2.5,NA,NA,NA,NA,NA,NA
"1004",231805,128156,"TAD",42339,14,10,8,100,0,14.7,21.1,3.1,7.1,12.3,24,16.9,NA,NA,NA,NA,NA,NA
"1005",231806,128156,"TAD",42339.25,14,3,8,100,0,15.6,20.6,8.9,7.2,11,25,10.8,NA,NA,NA,NA,NA,NA
"1006",231807,128156,"TAD",42339.5,14,7,8,100,0,15.4,35.9,14.6,9.6,9.3,11,3.3,NA,NA,NA,NA,NA,NA
"1007",231808,128156,"TAD",42339.75,14,5,8,100,0,18.4,28.2,7.9,10.1,10.5,18,6.4,NA,NA,NA,NA,NA,NA
"1008",231809,128156,"TAD",42340,14,6,8,100,0,10,43,9.6,6.1,6.9,23,0.6,NA,NA,NA,NA,NA,NA
"1009",231810,128156,"TAD",42340.25,14,9,8,100,0,13.9,20.6,3.5,8.9,11.3,38,3.2,NA,NA,NA,NA,NA,NA
"1010",231811,128156,"TAD",42340.5,14,9,8,100,0,18.9,27.1,11.9,9.6,13.8,18,0,NA,NA,NA,NA,NA,NA
"1011",231812,128156,"TAD",42340.75,14,11,8,100,0,10.2,37.7,9.6,7.8,5.9,28,0,NA,NA,NA,NA,NA,NA
"1012",231813,128156,"TAD",42341,14,4,8,100,0,10.9,38.8,11.7,6.9,10.8,21,0,NA,NA,NA,NA,NA,NA
"1013",231814,128156,"TAD",42341.25,14,15,8,100,0,10.2,45.1,9.3,6.7,6.7,22,0,NA,NA,NA,NA,NA,NA
"1014",231815,128156,"TAD",42341.5,14,5,8,100,0,18,26.8,7.2,8.9,21.8,17,0,NA,NA,NA,NA,NA,NA
"1015",231816,128156,"TAD",42341.75,14,2,8,100,0,21.3,22.8,5.3,8.2,14.3,28,0,NA,NA,NA,NA,NA,NA
"1016",231817,128156,"TAD",42342,14,5,8,100,0,14.4,26.7,4.6,8.6,11,34,0,NA,NA,NA,NA,NA,NA
"1017",231818,128156,"TAD",42342.25,14,8,8,100,0,18.5,14.6,3,7.6,11.9,44,0,NA,NA,NA,NA,NA,NA
"1018",231819,128156,"TAD",42342.5,14,5,8,100,0,18.9,31,7.8,5.7,11,25,0,NA,NA,NA,NA,NA,NA
"1019",231820,128156,"TAD",42342.75,14,5,8,100,0,14.7,37.3,8.5,6.5,9.8,23,0,NA,NA,NA,NA,NA,NA
"1020",231821,128156,"TAD",42343,14,7,8,100,0,12.6,26,10.8,5.9,7.6,37,0,NA,NA,NA,NA,NA,NA
"1021",231822,128156,"TAD",42343.25,14,9,8,100,0,8.1,35.3,16.5,8.6,6.3,25,0,NA,NA,NA,NA,NA,NA
"1022",231823,128156,"TAD",42343.5,14,9,8,100,0,18.1,20.1,3.1,9,20.6,29,0,NA,NA,NA,NA,NA,NA
"1023",231824,128156,"TAD",42343.75,14,4,8,100,0,16,17.6,3.5,6.9,13.9,42,0,NA,NA,NA,NA,NA,NA
"1024",231825,128156,"TAD",42344,14,5,8,100,0,12.8,35,7.6,7.4,9.2,28,0,NA,NA,NA,NA,NA,NA
"1025",231826,128156,"TAD",42344.25,14,7,8,100,0,15,15.7,2.5,6,10.9,49,0,NA,NA,NA,NA,NA,NA
"1026",231827,128156,"TAD",42344.5,14,8,8,100,0,14.5,33.7,7.8,9.3,10.6,24,0,NA,NA,NA,NA,NA,NA
"1027",231828,128156,"TAD",42344.75,14,4,8,100,0,16.5,20,3.9,6.9,11.7,40,0.6,NA,NA,NA,NA,NA,NA
"1028",231829,128156,"TAD",42345,14,3,8,100,0,14.6,33.9,10.6,6.3,8.2,26,0,NA,NA,NA,NA,NA,NA
"1029",231830,128156,"TAD",42345.25,14,7,8,100,0,19.4,12.2,3,6.2,10.6,48,0,NA,NA,NA,NA,NA,NA
"1030",231831,128156,"TAD",42345.5,14,7,8,100,0,18.8,19.3,4.7,9.7,15.1,32,0,NA,NA,NA,NA,NA,NA
"1031",231832,128156,"TAD",42345.75,14,7,8,100,0,13.6,26.8,10.4,8.1,11.7,29,0,NA,NA,NA,NA,NA,NA
"1032",231833,128156,"TAD",42346,14,7,8,100,0,12.2,36.2,13.5,7.1,7.2,23,0,NA,NA,NA,NA,NA,NA
"1033",231834,128156,"TAD",42346.25,14,6,8,100,0,9.8,35.8,15.6,5.9,5.2,27,0,NA,NA,NA,NA,NA,NA
"1034",231835,128156,"TAD",42346.5,14,6,8,100,0,16.2,31.6,7.4,10.4,12.9,21,0,NA,NA,NA,NA,NA,NA
"1035",231836,128156,"TAD",42346.75,14,8,8,100,0,10.4,40.4,12.8,13.2,9.5,13,0,NA,NA,NA,NA,NA,NA
"1036",231837,128156,"TAD",42347,14,5,8,100,0,12.8,18.9,4.3,7.4,11.1,45,0,NA,NA,NA,NA,NA,NA
"1037",231838,128156,"TAD",42347.25,14,1,8,100,0,11.8,27.4,18.5,12.8,10.4,19,0,NA,NA,NA,NA,NA,NA
"1038",231839,128156,"TAD",42347.5,14,6,8,100,0,14.6,27.1,10.7,16.4,19,12,0,NA,NA,NA,NA,NA,NA
"1039",231840,128156,"TAD",42347.75,14,5,8,100,0,11,32.2,12.9,13.8,26.5,3,0,NA,NA,NA,NA,NA,NA
"1040",231841,128156,"TAD",42348,14,3,8,100,0,11,14.7,7.4,8.3,34.4,24,0,NA,NA,NA,NA,NA,NA
"1041",231842,128156,"TAD",42348.25,14,12,8,100,0,8.9,24.6,16.9,15.1,10.8,23,0,NA,NA,NA,NA,NA,NA
"1042",231843,128156,"TAD",42348.5,14,3,8,100,0,9,25.4,23.5,16.1,22.8,3,0,NA,NA,NA,NA,NA,NA
"1043",231844,128156,"TAD",42348.75,14,7,8,100,0,9.7,20.8,9.5,21.7,38.1,0,0,NA,NA,NA,NA,NA,NA
"1044",231845,128156,"TAD",42349,14,4,8,100,0,13.2,15.5,3.5,9,58.8,0,0,NA,NA,NA,NA,NA,NA
"1045",231846,128156,"TAD",42349.25,14,4,8,100,0,10.6,26.3,9.3,13.9,40,0,0,NA,NA,NA,NA,NA,NA
"1046",231847,128156,"TAD",42349.5,14,2,8,100,0,11.1,29,8.9,12.2,32.4,6,0,NA,NA,NA,NA,NA,NA
"1047",231848,128156,"TAD",42349.75,14,3,8,100,0,9.3,26.7,11.3,15.1,22.2,15,0,NA,NA,NA,NA,NA,NA
"1048",231849,128156,"TAD",42350,14,4,8,100,0,8.2,32.4,9.2,6.5,33.2,10,0,NA,NA,NA,NA,NA,NA
"1049",231850,128156,"TAD",42350.5,14,1,8,100,0,12.9,23.9,10.7,12.2,23.1,17,0,NA,NA,NA,NA,NA,NA
"1050",231851,128156,"TAD",42350.75,14,2,8,100,0,10.7,28.8,12.5,7.4,14.4,26,0,NA,NA,NA,NA,NA,NA
"1051",231852,128156,"TAD",42351,14,3,8,100,0,11.3,26.9,6.7,8.2,11.3,35,0,NA,NA,NA,NA,NA,NA
"1052",231853,128156,"TAD",42351.25,14,1,8,100,0,10.4,27.1,3.5,6.1,10.9,41,0,NA,NA,NA,NA,NA,NA
"1053",231854,128156,"TAD",42351.5,14,1,8,100,0,15.8,20.1,5.4,7.5,16.6,34,0,NA,NA,NA,NA,NA,NA
"1054",231855,128156,"TAD",42352,14,1,8,100,0,7.8,44,9.1,6.5,7.1,25,0,NA,NA,NA,NA,NA,NA
"1055",231856,128156,"TAD",42353,14,1,8,100,0,13.7,23.4,7.9,7.5,10.4,35,1.9,NA,NA,NA,NA,NA,NA
"1056",231857,128156,"TAD",42353.75,14,1,8,100,0,13.9,21.4,13.5,7.6,8.5,31,3.6,NA,NA,NA,NA,NA,NA
"1057",233312,128157,"TAD",42197.83333,0,21,8,100,58,18.9,9.2,2.9,1.8,7.1,1,0,NA,NA,NA,NA,NA,NA
"1058",233313,128157,"TAD",42198,0,10,8,100,68,14.7,6.7,2.2,1.9,2.8,2,0,NA,NA,NA,NA,NA,NA
"1059",233314,128157,"TAD",42198.25,0,10,8,100,91,5.5,2.6,0.4,0.4,0,0,0,NA,NA,NA,NA,NA,NA
"1060",233315,128157,"TAD",42198.5,0,10,8,100,78,15.9,5.2,0.3,0,0,0,0,NA,NA,NA,NA,NA,NA
"1061",233316,128157,"TAD",42198.75,0,13,8,100,44,22.3,23.4,5.9,1.5,1.7,0,0,NA,NA,NA,NA,NA,NA
"1062",233317,128157,"TAD",42199,0,9,8,100,28,13.2,26.1,13.5,5.3,9,4,0,NA,NA,NA,NA,NA,NA
"1063",233318,128157,"TAD",42199.25,0,6,8,100,30,18.2,37.8,10.2,1.9,1.9,0,0,NA,NA,NA,NA,NA,NA
"1064",233319,128157,"TAD",42199.5,0,3,8,100,25,19.4,27.6,13.7,7.2,6,0,0,NA,NA,NA,NA,NA,NA
"1065",233320,128157,"TAD",42199.75,0,2,8,100,41,16.4,19,8.2,3.5,11,0,0,NA,NA,NA,NA,NA,NA
"1066",233321,128157,"TAD",42200,0,3,8,100,39,9.3,12.2,6.3,7.8,25,0,0,NA,NA,NA,NA,NA,NA
"1067",233322,128157,"TAD",42200.25,0,5,8,100,40,9.3,13,6.3,6.7,14.7,10,0,NA,NA,NA,NA,NA,NA
"1068",233323,128157,"TAD",42200.5,0,5,8,100,41,15.2,13.5,8.7,5.2,14.4,1,0,NA,NA,NA,NA,NA,NA
"1069",233324,128157,"TAD",42200.75,0,5,8,100,36,13.4,21,11.2,5.9,11.3,0,0,NA,NA,NA,NA,NA,NA
"1070",233325,128157,"TAD",42201,0,2,8,100,29,8.9,8.3,6.8,4.3,30,12,0,NA,NA,NA,NA,NA,NA
"1071",233326,128157,"TAD",42201.25,0,6,8,100,31,7.6,10,6.7,7.6,36.9,0,0,NA,NA,NA,NA,NA,NA
"1072",233327,128157,"TAD",42201.5,0,5,8,100,31,15.8,22.9,14.9,11.5,3.9,0,0,NA,NA,NA,NA,NA,NA
"1073",233328,128157,"TAD",42201.75,0,5,8,100,23,10.4,12.2,8.5,13.4,31.7,0,0,NA,NA,NA,NA,NA,NA
"1074",233329,128157,"TAD",42202,0,5,8,100,27,10.8,17.9,8.8,9,24.5,1,0,NA,NA,NA,NA,NA,NA
"1075",233330,128157,"TAD",42202.25,0,4,8,100,37,12.4,19.7,10.2,8.2,11.9,0,0,NA,NA,NA,NA,NA,NA
"1076",233331,128157,"TAD",42202.5,0,6,8,100,25,15.4,15.4,8.2,8.8,17.2,10,0,NA,NA,NA,NA,NA,NA
"1077",233332,128157,"TAD",42202.75,0,5,8,100,34,14.9,25.3,11,7.4,6.8,0,0,NA,NA,NA,NA,NA,NA
"1078",233333,128157,"TAD",42203,0,2,8,100,33,5.5,14.8,6.8,5.4,34.2,0,0,NA,NA,NA,NA,NA,NA
"1079",233334,128157,"TAD",42203.25,0,2,8,100,26,16.1,20,12.9,11.9,12.8,0,0,NA,NA,NA,NA,NA,NA
"1080",233335,128157,"TAD",42203.5,0,2,8,100,27,10.1,8.1,4.9,5,30.1,14,0,NA,NA,NA,NA,NA,NA
"1081",233336,128157,"TAD",42203.75,0,5,8,100,28,11.8,16,9.9,7.9,22.1,3,0,NA,NA,NA,NA,NA,NA
"1082",233337,128157,"TAD",42204,0,6,8,100,40,10.8,16.1,8.2,6.5,14.7,3,0,NA,NA,NA,NA,NA,NA
"1083",233338,128157,"TAD",42204.25,0,2,8,100,34,10.6,17.9,8.1,5.8,21.7,1,0,NA,NA,NA,NA,NA,NA
"1084",233339,128157,"TAD",42204.5,0,2,8,100,31,9.3,10,6,6.9,18.8,17,0,NA,NA,NA,NA,NA,NA
"1085",233340,128157,"TAD",42204.75,0,4,8,100,36,9.6,9.6,5.6,4.8,29.3,4,0,NA,NA,NA,NA,NA,NA
"1086",233341,128157,"TAD",42205,0,1,8,100,45,10,13.4,3.7,2.2,10.2,14,0,NA,NA,NA,NA,NA,NA
"1087",233342,128157,"TAD",42205.25,0,2,8,100,58,17.1,10.9,4.2,2.1,6.7,0,0,NA,NA,NA,NA,NA,NA
"1088",233343,128157,"TAD",42205.5,0,4,8,100,50,22.2,13.2,2.5,3,8.3,0,0,NA,NA,NA,NA,NA,NA
"1089",233344,128157,"TAD",42205.75,0,5,8,100,48,27.3,15.5,4.4,2.8,1.6,0,0,NA,NA,NA,NA,NA,NA
"1090",233345,128157,"TAD",42206,0,5,8,100,36,12.2,18.6,12.4,6.5,12.6,1,0,NA,NA,NA,NA,NA,NA
"1091",233346,128157,"TAD",42206.25,0,5,8,100,33,21.8,30.3,7.6,2.9,3.9,0,0,NA,NA,NA,NA,NA,NA
"1092",233347,128157,"TAD",42206.5,0,5,8,100,36,24.7,26.7,7.1,2.4,3,0,0,NA,NA,NA,NA,NA,NA
"1093",233348,128157,"TAD",42206.75,0,4,8,100,34,19.3,23.2,12.8,4.2,5.7,0,0,NA,NA,NA,NA,NA,NA
"1094",233349,128157,"TAD",42207,0,4,8,100,35,18.4,28,8.5,3.9,4.9,1,0,NA,NA,NA,NA,NA,NA
"1095",233350,128157,"TAD",42207.25,0,3,8,100,34,25.7,22.6,6.1,2.6,3.9,4,0,NA,NA,NA,NA,NA,NA
"1096",233351,128157,"TAD",42207.5,0,4,8,100,42,28.9,22.8,4.6,1.3,0.2,0,0,NA,NA,NA,NA,NA,NA
"1097",233352,128157,"TAD",42207.75,0,6,8,100,30,27.6,26.6,5,2.8,5.3,2,0.4,NA,NA,NA,NA,NA,NA
"1098",233353,128157,"TAD",42208,0,6,8,100,32,22.7,23.3,7.8,3.9,7.2,2,0.1,NA,NA,NA,NA,NA,NA
"1099",233354,128157,"TAD",42208.25,0,4,8,100,34,16.5,14.7,7.6,6.5,13.2,5,0.8,NA,NA,NA,NA,NA,NA
"1100",233355,128157,"TAD",42208.5,0,2,8,100,38,17.2,13.7,6.5,4.3,13,7,0,NA,NA,NA,NA,NA,NA
"1101",233356,128157,"TAD",42208.75,0,1,8,100,37,19.6,18.1,6.3,3,7,8,0,NA,NA,NA,NA,NA,NA
"1102",233357,128157,"TAD",42209,0,1,8,100,47,13.2,16,6.5,5.1,9.7,1,0,NA,NA,NA,NA,NA,NA
"1103",233358,128157,"TAD",42209.25,0,6,8,100,36,20,10.2,4.6,5.2,16.3,6,0,NA,NA,NA,NA,NA,NA
"1104",233359,128157,"TAD",42209.5,0,2,8,100,63,18.6,11.1,3.6,1.7,1.1,0,0,NA,NA,NA,NA,NA,NA
"1105",233360,128157,"TAD",42209.75,0,3,8,100,77,15.5,4.8,0.3,0.3,1.6,0,0,NA,NA,NA,NA,NA,NA
"1106",233361,128157,"TAD",42210,0,2,8,100,65,18.6,11.4,1.9,0.8,1.4,0,0,NA,NA,NA,NA,NA,NA
"1107",233362,128157,"TAD",42210.25,0,3,8,100,53,19,12.3,4.2,2.3,8.1,0,0,NA,NA,NA,NA,NA,NA
"1108",233363,128157,"TAD",42210.5,0,4,8,100,49,21.2,26.8,1.4,0.2,0.9,0,0,NA,NA,NA,NA,NA,NA
"1109",233364,128157,"TAD",42210.75,0,5,8,100,43,20.8,25.8,6.3,2.4,1.1,0,0,NA,NA,NA,NA,NA,NA
"1110",233365,128157,"TAD",42211,0,4,8,100,62,12.2,10.8,5,2.8,6.1,0,0,NA,NA,NA,NA,NA,NA
"1111",233366,128157,"TAD",42211.25,0,2,8,100,45,16.7,5.9,3.5,3,21.7,4,0,NA,NA,NA,NA,NA,NA
"1112",233367,128157,"TAD",42211.5,0,2,8,100,72,11,7.8,1,3.9,3.6,0,0,NA,NA,NA,NA,NA,NA
"1113",233368,128157,"TAD",42211.75,0,3,8,100,55,19.9,13.9,3.7,2.5,4.2,0,0,NA,NA,NA,NA,NA,NA
"1114",233369,128157,"TAD",42212,0,5,8,100,31,21.5,18.8,4.4,7.6,15.3,1,0,NA,NA,NA,NA,NA,NA
"1115",233370,128157,"TAD",42212.25,0,4,8,100,35,17.8,15.7,5.6,3.5,8.5,12,0.9,NA,NA,NA,NA,NA,NA
"1116",233371,128157,"TAD",42212.5,0,1,8,100,27,7.2,7.8,7.2,4.6,13.1,29,2.4,NA,NA,NA,NA,NA,NA
"1117",233372,128157,"TAD",42212.75,0,7,8,100,27,7.5,8.9,4.2,2.8,10.1,25,13.6,NA,NA,NA,NA,NA,NA
"1118",233373,128157,"TAD",42213,0,7,8,100,34,6.9,10.1,5.8,5.6,18.3,18,0.1,NA,NA,NA,NA,NA,NA
"1119",233374,128157,"TAD",42213.25,0,4,8,100,36,8.3,10.8,9.1,6.9,18.7,9,0.6,NA,NA,NA,NA,NA,NA
"1120",233375,128157,"TAD",42213.5,0,3,8,100,31,8.9,7.2,4.4,4.9,14.7,10,17.6,NA,NA,NA,NA,NA,NA
"1121",233376,128157,"TAD",42213.75,0,1,8,100,46,28.4,21.7,2,0.6,0.4,0,0,NA,NA,NA,NA,NA,NA
"1122",233377,128157,"TAD",42214,0,1,8,100,52,20.6,19.9,3.2,1.9,2.1,0,0,NA,NA,NA,NA,NA,NA
"1123",233378,128157,"TAD",42214.25,0,1,8,100,38,10.2,14.8,12.8,8.2,14.5,0,0,NA,NA,NA,NA,NA,NA
"1124",233379,128157,"TAD",42214.5,0,7,8,100,28,6,18.1,20.2,10.9,15.7,0,0,NA,NA,NA,NA,NA,NA
"1125",233380,128157,"TAD",42214.75,0,6,8,100,32,6.4,7.2,6.9,9.2,33.2,5,0,NA,NA,NA,NA,NA,NA
"1126",233381,128157,"TAD",42215,0,4,8,100,30,3.2,3.2,2.6,3.5,24.3,33,0,NA,NA,NA,NA,NA,NA
"1127",233382,128157,"TAD",42215.25,0,4,8,100,32,2.2,3.9,4.3,5,26,26,0,NA,NA,NA,NA,NA,NA
"1128",233383,128157,"TAD",42215.5,0,4,8,100,34,2.4,3.2,2,2,16.7,38,0.2,NA,NA,NA,NA,NA,NA
"1129",233384,128157,"TAD",42215.75,0,5,8,100,33,13.8,9.7,4.3,4.4,16.5,18,0,NA,NA,NA,NA,NA,NA
"1130",233385,128157,"TAD",42216,0,4,8,100,43,14.5,20.6,10,5.4,5.9,0,0,NA,NA,NA,NA,NA,NA
"1131",233386,128157,"TAD",42216.25,0,4,8,100,40,10.4,11.5,8.7,4.6,20,4,0,NA,NA,NA,NA,NA,NA
"1132",233387,128157,"TAD",42216.5,0,4,8,100,38,12.8,11.9,12.2,7.4,17.2,0,0,NA,NA,NA,NA,NA,NA
"1133",233388,128157,"TAD",42216.75,0,4,8,100,41,17.6,11.9,8.5,6.3,11.5,3,0,NA,NA,NA,NA,NA,NA
"1134",233389,128157,"TAD",42217,0,7,8,100,43,7,20,10.9,5.9,11.5,1,0,NA,NA,NA,NA,NA,NA
"1135",233390,128157,"TAD",42217.25,0,5,8,100,40,15.2,15.9,11.9,7,9.3,0,0,NA,NA,NA,NA,NA,NA
"1136",233391,128157,"TAD",42217.5,0,4,8,100,35,13.6,8.9,9.5,10.7,21.8,0,0,NA,NA,NA,NA,NA,NA
"1137",233392,128157,"TAD",42217.75,0,5,8,100,36,16.3,13,11.5,8.3,14.6,0,0,NA,NA,NA,NA,NA,NA
"1138",233393,128157,"TAD",42218,0,6,8,100,36,12.8,8.2,6.7,6.9,24.5,4,0,NA,NA,NA,NA,NA,NA
"1139",233394,128157,"TAD",42218.25,0,5,8,100,39,11.3,18.6,10.4,6.3,11.5,2,0,NA,NA,NA,NA,NA,NA
"1140",233395,128157,"TAD",42218.5,0,3,8,100,34,16.4,14.2,9.7,8.3,16,1,0,NA,NA,NA,NA,NA,NA
"1141",233396,128157,"TAD",42218.75,0,1,8,100,42,14.1,15.4,11.7,7.1,6.5,2,0,NA,NA,NA,NA,NA,NA
"1142",233397,128157,"TAD",42219,0,5,8,100,47,6.9,7.6,8.1,5.1,15.7,9,0,NA,NA,NA,NA,NA,NA
"1143",233398,128157,"TAD",42219.25,0,6,8,100,47,14.9,11.4,7.4,3.3,13,2,0,NA,NA,NA,NA,NA,NA
"1144",233399,128157,"TAD",42219.5,0,3,8,100,42,11,11.5,10.8,7.2,16,0,0,NA,NA,NA,NA,NA,NA
"1145",233400,128157,"TAD",42219.75,0,8,8,100,70,15.8,8.6,2.5,1.1,1.9,0,0,NA,NA,NA,NA,NA,NA
"1146",233401,128157,"TAD",42220,0,6,8,100,42,15.6,15.6,13.9,6.7,5.8,0,0,NA,NA,NA,NA,NA,NA
"1147",233402,128157,"TAD",42220.25,0,7,8,100,48,17.1,12,10,5.1,6.9,0,0,NA,NA,NA,NA,NA,NA
"1148",233403,128157,"TAD",42220.5,0,4,8,100,57,16.9,11.5,4.6,3,6.5,0,0,NA,NA,NA,NA,NA,NA
"1149",233404,128157,"TAD",42220.75,0,4,8,100,66,21.4,10.6,1.7,0.3,0,0,0,NA,NA,NA,NA,NA,NA
"1150",233405,128157,"TAD",42221,0,8,8,100,51,10.9,19.9,14.5,2.5,0.5,0,0,NA,NA,NA,NA,NA,NA
"1151",233406,128157,"TAD",42221.25,0,3,8,100,64,6.4,12.3,6.7,3.6,6.7,0,0,NA,NA,NA,NA,NA,NA
"1152",233407,128157,"TAD",42221.5,0,5,8,100,51,17.1,23.3,8.1,0.2,0,0,0,NA,NA,NA,NA,NA,NA
"1153",233408,128157,"TAD",42221.75,0,6,8,100,52,20.3,14.1,6.9,3.5,3.2,0,0,NA,NA,NA,NA,NA,NA
"1154",233409,128157,"TAD",42222,0,2,8,100,42,14.9,9.1,7.2,4.6,17.3,3,0,NA,NA,NA,NA,NA,NA
"1155",233410,128157,"TAD",42222.25,0,3,8,100,46,13.5,11.7,10,6.7,11.3,0,0,NA,NA,NA,NA,NA,NA
"1156",233411,128157,"TAD",42222.5,0,4,8,100,41,24.7,27.3,5.4,1.3,0,0,0,NA,NA,NA,NA,NA,NA
"1157",233412,128157,"TAD",42222.75,0,8,8,100,46,22.4,21.9,5.9,2.2,1.1,0,0,NA,NA,NA,NA,NA,NA
"1158",233413,128157,"TAD",42223,0,7,8,100,46,18.7,17.6,7,4.3,5.4,0,0,NA,NA,NA,NA,NA,NA
"1159",233414,128157,"TAD",42223.25,0,5,8,100,51,6.9,13,11.6,5.8,10.4,0,0,NA,NA,NA,NA,NA,NA
"1160",233415,128157,"TAD",42223.5,0,2,8,100,54,15.7,14.4,6.7,2.8,5.8,0,0,NA,NA,NA,NA,NA,NA
"1161",233416,128157,"TAD",42223.75,0,2,8,100,47,18.3,17.6,10.2,3.5,2.8,0,0,NA,NA,NA,NA,NA,NA
"1162",233417,128157,"TAD",42224,0,4,8,100,52,19.2,19.9,5.6,1.6,1.4,0,0,NA,NA,NA,NA,NA,NA
"1163",233418,128157,"TAD",42224.25,0,4,8,100,52,14.6,13.2,4.9,3.2,10.6,0,0,NA,NA,NA,NA,NA,NA
"1164",233419,128157,"TAD",42224.5,0,5,8,100,66,23.7,8.6,1.1,0,0,0,0,NA,NA,NA,NA,NA,NA
"1165",233420,128157,"TAD",42224.75,0,1,8,100,46,17.6,22.4,8.9,3.7,0.9,0,0,NA,NA,NA,NA,NA,NA
"1166",233421,128157,"TAD",42225,0,5,8,100,52,17.6,18.8,6,1.9,3.2,0,0,NA,NA,NA,NA,NA,NA
"1167",233422,128157,"TAD",42225.25,0,3,8,100,56,11.5,12.7,6.2,3.2,9.2,0,0,NA,NA,NA,NA,NA,NA
"1168",233423,128157,"TAD",42225.5,0,5,8,100,43,17.1,23,6.7,2.6,5.9,1,0,NA,NA,NA,NA,NA,NA
"1169",233424,128157,"TAD",42225.75,0,6,8,100,33,26.9,31.3,6.9,0.8,0.1,0,0,NA,NA,NA,NA,NA,NA
"1170",233425,128157,"TAD",42226,0,6,8,100,39,17.4,24.7,11.7,2.4,4.3,0,0,NA,NA,NA,NA,NA,NA
"1171",233426,128157,"TAD",42226.25,0,4,8,100,42,10.9,20.2,12.1,5.2,4.1,4,0,NA,NA,NA,NA,NA,NA
"1172",233427,128157,"TAD",42226.5,0,1,8,100,37,11.5,14.7,18,10,7.8,0,0,NA,NA,NA,NA,NA,NA
"1173",233428,128157,"TAD",42226.75,0,5,8,100,48,13.2,25,8.1,2.5,2.5,0,0,NA,NA,NA,NA,NA,NA
"1174",233429,128157,"TAD",42227,0,6,8,100,65,13.1,15.6,3.1,1.4,1.7,0,0,NA,NA,NA,NA,NA,NA
"1175",233430,128157,"TAD",42227.25,0,4,8,100,67,14.2,8.6,5,1.7,1.9,1,0,NA,NA,NA,NA,NA,NA
"1176",233431,128157,"TAD",42227.5,0,6,8,100,39,21.1,21.9,8,3.5,5.6,0,0,NA,NA,NA,NA,NA,NA
"1177",233432,128157,"TAD",42227.75,0,5,8,100,42,20.4,20.8,11.1,2.4,2.6,0,0,NA,NA,NA,NA,NA,NA
"1178",233433,128157,"TAD",42228,0,4,8,100,39,12.8,31,3.3,1.3,6.5,5,0.6,NA,NA,NA,NA,NA,NA
"1179",233434,128157,"TAD",42228.25,0,3,8,100,44,8.3,16.5,8.9,3.7,13.3,5,0,NA,NA,NA,NA,NA,NA
"1180",233435,128157,"TAD",42228.5,0,3,8,100,50,16.9,14.6,7.4,4.4,5.6,0,0,NA,NA,NA,NA,NA,NA
"1181",233436,128157,"TAD",42228.75,0,4,8,100,59,19.2,8.1,1.9,1.1,4.4,5,0,NA,NA,NA,NA,NA,NA
"1182",233437,128157,"TAD",42229,0,1,8,100,70,16.7,9.7,1.9,0.8,0.3,0,0,NA,NA,NA,NA,NA,NA
"1183",233438,128157,"TAD",42229.25,0,2,8,100,54,24.9,11.1,3.2,2.5,3.7,0,0,NA,NA,NA,NA,NA,NA
"1184",233439,128157,"TAD",42229.5,0,2,8,100,47,20.8,17.6,7.2,2.8,3.7,0,0,NA,NA,NA,NA,NA,NA
"1185",233440,128157,"TAD",42229.75,0,6,8,100,38,16.9,13.5,10.2,3.1,12,5,0,NA,NA,NA,NA,NA,NA
"1186",233441,128157,"TAD",42230,0,4,8,100,47,17.6,17.1,3.7,0.7,3.5,9,0,NA,NA,NA,NA,NA,NA
"1187",233442,128157,"TAD",42230.25,0,4,8,100,51,14.1,16.4,5.1,7.4,5.6,0,0,NA,NA,NA,NA,NA,NA
"1188",233443,128157,"TAD",42230.5,0,5,8,100,33,10.4,10.1,12.8,8.5,22.8,1,0,NA,NA,NA,NA,NA,NA
"1189",233444,128157,"TAD",42230.75,0,3,8,100,38,10,12.2,10.9,6.7,12.2,9,0,NA,NA,NA,NA,NA,NA
"1190",233445,128157,"TAD",42231,0,6,8,100,36,4.1,6.5,3.7,4.3,10.7,31,2.2,NA,NA,NA,NA,NA,NA
"1191",233446,128157,"TAD",42231.25,0,2,8,100,38,10,17.4,10,1.3,2.2,20,0,NA,NA,NA,NA,NA,NA
"1192",233447,128157,"TAD",42231.5,0,2,8,100,39,16.7,24.3,8.3,2.2,3.7,2,2.6,NA,NA,NA,NA,NA,NA
"1193",233448,128157,"TAD",42231.75,0,5,8,100,34,6.5,11.4,6.7,3.6,18.8,14,4.2,NA,NA,NA,NA,NA,NA
"1194",233449,128157,"TAD",42232,0,3,8,100,42,9.5,14.5,12.6,6.7,13.2,1,0,NA,NA,NA,NA,NA,NA
"1195",233450,128157,"TAD",42232.25,0,1,8,100,43,17.2,19.6,9.1,2,3.5,5,0,NA,NA,NA,NA,NA,NA
"1196",233451,128157,"TAD",42232.5,0,2,8,100,53,12.3,11.6,4.6,3.2,5.3,9,0,NA,NA,NA,NA,NA,NA
"1197",233452,128157,"TAD",42232.75,0,4,8,100,41,12.6,19.5,12.1,6.1,7.6,1,0,NA,NA,NA,NA,NA,NA
"1198",233453,128157,"TAD",42233,0,6,8,100,36,8.2,9.1,8.6,4.3,30.5,2,0,NA,NA,NA,NA,NA,NA
"1199",233454,128157,"TAD",42233.25,0,6,8,100,45,9.4,17.2,5.6,3.1,10.9,8,0,NA,NA,NA,NA,NA,NA
"1200",233455,128157,"TAD",42233.5,0,1,8,100,46,14.5,10.8,8.2,4.5,8,7,0,NA,NA,NA,NA,NA,NA
"1201",233456,128157,"TAD",42233.75,0,7,8,100,43,19,13.5,5.5,2.6,14.4,1,0,NA,NA,NA,NA,NA,NA
"1202",233457,128157,"TAD",42234,0,6,8,100,43,12.2,19.5,8.7,3.2,9.6,3,0,NA,NA,NA,NA,NA,NA
"1203",233458,128157,"TAD",42234.25,0,4,8,100,31,7.6,13.9,18.5,10.4,12.1,6,0,NA,NA,NA,NA,NA,NA
"1204",233459,128157,"TAD",42234.5,0,8,8,100,27,10.7,11.5,12.6,13.5,24.6,0,0,NA,NA,NA,NA,NA,NA
"1205",233460,128157,"TAD",42234.75,0,3,8,100,42,13.5,9.8,8.2,4.5,6.9,14,0,NA,NA,NA,NA,NA,NA
"1206",233461,128157,"TAD",42235,0,4,8,100,42,10,16.1,10,4.3,10,6,0,NA,NA,NA,NA,NA,NA
"1207",233462,128157,"TAD",42235.25,0,1,8,100,47,9,9.7,5.1,2.5,9.3,16,0,NA,NA,NA,NA,NA,NA
"1208",233463,128157,"TAD",42235.5,0,4,8,100,32,7.8,6.4,4.3,2.2,19.4,18,8.5,NA,NA,NA,NA,NA,NA
"1209",233464,128157,"TAD",42235.75,0,5,8,100,27,9.9,14.4,9.7,8.1,27.9,2,0,NA,NA,NA,NA,NA,NA
"1210",233465,128157,"TAD",42236,0,6,8,100,31,9.7,7.9,2.4,2.1,21.9,24,0,NA,NA,NA,NA,NA,NA
"1211",233466,128157,"TAD",42236.25,0,6,8,100,24,2.8,3.2,2.5,2.8,20.9,25,18.3,NA,NA,NA,NA,NA,NA
"1212",233467,128157,"TAD",42236.5,0,1,8,100,31,6.4,11.7,12.2,3.6,11.9,20,2.5,NA,NA,NA,NA,NA,NA
"1213",233468,128157,"TAD",42236.75,0,5,8,100,23,8.6,11,10.6,9.3,30.4,6,0,NA,NA,NA,NA,NA,NA
"1214",233469,128157,"TAD",42237,0,5,8,100,23,3.3,4.4,4.4,4.8,38.3,21,0,NA,NA,NA,NA,NA,NA
"1215",233470,128157,"TAD",42237.25,0,5,8,100,35,4.9,9.6,9.9,11.7,23.2,5,0,NA,NA,NA,NA,NA,NA
"1216",233471,128157,"TAD",42237.5,0,3,8,100,53,7.7,9.7,8.8,6.5,14.2,0,0,NA,NA,NA,NA,NA,NA
"1217",233472,128157,"TAD",42237.75,0,4,8,100,32,8.2,5.6,5.1,5.8,32.9,9,0,NA,NA,NA,NA,NA,NA
"1218",233473,128157,"TAD",42238,0,5,8,100,36,4.5,6.9,3,1.9,14.5,33,0,NA,NA,NA,NA,NA,NA
"1219",233474,128157,"TAD",42238.25,0,8,8,100,32,9.3,12.2,5.6,3.9,18.9,12,5.6,NA,NA,NA,NA,NA,NA
"1220",233475,128157,"TAD",42238.5,0,2,8,100,46,6.7,4.6,3.7,3.2,10.6,17,7.2,NA,NA,NA,NA,NA,NA
"1221",233476,128157,"TAD",42238.75,0,3,8,100,28,6,7.1,9.3,7.6,22.7,12,6.7,NA,NA,NA,NA,NA,NA
"1222",233477,128157,"TAD",42239,0,7,8,100,26,5.4,6.5,4.3,3.6,7.9,32,12.8,NA,NA,NA,NA,NA,NA
"1223",233478,128157,"TAD",42239.25,0,1,8,100,28,7.2,13.1,10.6,6,13.6,13,7.1,NA,NA,NA,NA,NA,NA
"1224",233479,128157,"TAD",42239.5,0,3,8,100,25,5.6,10.1,15.4,11.3,31.5,0,0,NA,NA,NA,NA,NA,NA
"1225",233480,128157,"TAD",42239.75,0,5,8,100,30,8.5,17.6,9.4,5,22.2,6,0,NA,NA,NA,NA,NA,NA
"1226",233481,128157,"TAD",42240,0,4,8,100,28,8.8,14.4,6.5,2.9,13.2,25,0,NA,NA,NA,NA,NA,NA
"1227",233482,128157,"TAD",42240.25,0,3,8,100,24,5.4,15.3,16.3,9.7,23.1,5,0,NA,NA,NA,NA,NA,NA
"1228",233483,128157,"TAD",42240.5,0,1,8,100,26,6.8,9,4.6,3.8,27.3,22,0,NA,NA,NA,NA,NA,NA
"1229",233484,128157,"TAD",42240.75,0,1,8,100,34,11.7,11.8,5.8,5,7.2,24,0,NA,NA,NA,NA,NA,NA
"1230",233485,128157,"TAD",42241,0,3,8,100,52,10.4,12,3.9,3,9.9,8,0,NA,NA,NA,NA,NA,NA
"1231",233486,128157,"TAD",42241.25,0,3,8,100,36,7.6,13.9,14.4,4.3,17.4,6,0,NA,NA,NA,NA,NA,NA
"1232",233487,128157,"TAD",42241.5,0,5,8,100,33,5.7,13.6,11.3,12.8,23.2,0,0,NA,NA,NA,NA,NA,NA
"1233",233488,128157,"TAD",42241.75,0,4,8,100,31,10,19.2,22,8.2,9.6,0,0,NA,NA,NA,NA,NA,NA
"1234",233489,128157,"TAD",42242,0,4,8,100,29,11.1,20.1,17.8,6.4,13.6,2,0,NA,NA,NA,NA,NA,NA
"1235",233490,128157,"TAD",42242.25,0,2,8,100,32,9.2,15.3,9,3.1,8.6,19,3.1,NA,NA,NA,NA,NA,NA
"1236",233491,128157,"TAD",42242.5,0,1,8,100,50,11.3,17.4,4.4,1.4,3.5,10,1.2,NA,NA,NA,NA,NA,NA
"1237",233492,128157,"TAD",42242.75,0,2,8,100,28,10.3,18.5,15.9,12.2,14.5,0,0,NA,NA,NA,NA,NA,NA
"1238",233493,128157,"TAD",42243,0,2,8,100,27,8.3,17.2,12.4,5,13.2,16,0,NA,NA,NA,NA,NA,NA
"1239",233494,128157,"TAD",42243.25,0,4,8,100,31,12.6,19,7.4,3.1,12.1,14,0,NA,NA,NA,NA,NA,NA
"1240",233495,128157,"TAD",42243.5,0,3,8,100,41,26.7,17.8,11.1,2,0.6,0,0,NA,NA,NA,NA,NA,NA
"1241",233496,128157,"TAD",42243.75,0,3,8,100,28,12.5,11.1,6.1,4.4,10,27,0,NA,NA,NA,NA,NA,NA
"1242",233497,128157,"TAD",42244,0,6,8,100,33,10.3,19.7,8.8,6.7,18.3,3,0,NA,NA,NA,NA,NA,NA
"1243",233498,128157,"TAD",42244.25,0,3,8,100,38,10.4,17,10,4.6,14.4,4,0,NA,NA,NA,NA,NA,NA
"1244",233499,128157,"TAD",42244.5,0,2,8,100,38,16.7,12.8,14.6,5.2,7.2,5,0.2,NA,NA,NA,NA,NA,NA
"1245",233500,128157,"TAD",42244.75,0,2,8,100,51,14.4,16,14.8,2.8,0.7,0,0,NA,NA,NA,NA,NA,NA
"1246",233501,128157,"TAD",42245,0,3,8,100,26,9.5,27,16.4,6.3,10.6,4,0,NA,NA,NA,NA,NA,NA
"1247",233502,128157,"TAD",42245.25,0,5,8,100,22,5.4,7.2,8.6,9,29.5,18,0,NA,NA,NA,NA,NA,NA
"1248",233503,128157,"TAD",42245.5,0,1,8,100,35,12.4,25.6,15.8,4.5,6.1,0,0,NA,NA,NA,NA,NA,NA
"1249",233504,128157,"TAD",42245.75,0,4,8,100,33,14.6,24.8,13.9,7.5,5.4,0,0,NA,NA,NA,NA,NA,NA
"1250",233505,128157,"TAD",42246,0,4,8,100,25,9.2,25.3,23.8,9.5,7.2,0,0,NA,NA,NA,NA,NA,NA
"1251",233506,128157,"TAD",42246.25,0,4,8,100,29,16.2,32,17.1,4.9,0.8,0,0,NA,NA,NA,NA,NA,NA
"1252",233507,128157,"TAD",42246.5,0,5,8,100,56,15.3,17.2,8.6,0.9,1.2,0,0,NA,NA,NA,NA,NA,NA
"1253",233508,128157,"TAD",42246.75,0,3,8,100,27,10.8,24.3,16.5,8.5,12.9,0,0,NA,NA,NA,NA,NA,NA
"1254",233509,128157,"TAD",42247,0,2,8,100,22,6,24.6,10.7,8.1,25.3,3,0,NA,NA,NA,NA,NA,NA
"1255",233510,128157,"TAD",42247.25,0,4,8,100,19,7.5,25.5,15.6,7.8,21.3,2,0,NA,NA,NA,NA,NA,NA
"1256",233511,128157,"TAD",42247.5,0,3,8,100,24,9.3,23.1,13.6,6.5,13.5,9,0,NA,NA,NA,NA,NA,NA
"1257",233512,128157,"TAD",42247.75,0,3,8,100,42,20,18.7,7.4,5.4,5.8,0,0,NA,NA,NA,NA,NA,NA
"1258",233513,128157,"TAD",42248,0,5,8,100,34,11.5,22.1,10.1,5.5,16.6,0,0,NA,NA,NA,NA,NA,NA
"1259",233514,128157,"TAD",42248.25,0,2,8,100,42,20.6,16.7,7.2,3.5,9.3,0,0,NA,NA,NA,NA,NA,NA
"1260",233515,128157,"TAD",42248.5,0,4,8,100,24,7.2,8.5,7.9,6.5,23.3,21,0,NA,NA,NA,NA,NA,NA
"1261",233516,128157,"TAD",42248.75,0,2,8,100,49,19.2,23.1,6,1.6,0.9,0,0,NA,NA,NA,NA,NA,NA
"1262",233517,128157,"TAD",42249,0,3,8,100,31,13.5,19.7,11.7,6.7,15.1,2,0,NA,NA,NA,NA,NA,NA
"1263",233518,128157,"TAD",42249.25,0,6,8,100,32,9.2,20.6,12.2,5.1,18.2,2,0,NA,NA,NA,NA,NA,NA
"1264",233519,128157,"TAD",42249.5,0,3,8,100,28,8.5,15.8,8.3,7.9,31.1,0,0,NA,NA,NA,NA,NA,NA
"1265",233520,128157,"TAD",42249.75,0,3,8,100,41,18.6,18,8.3,4.1,8.9,1,0,NA,NA,NA,NA,NA,NA
"1266",233521,128157,"TAD",42250,0,2,8,100,46,11.5,14.1,6.9,3.2,17.4,0,0,NA,NA,NA,NA,NA,NA
"1267",233522,128157,"TAD",42250.25,0,2,8,100,67,14.4,8.1,3.1,2.5,4.4,0,0,NA,NA,NA,NA,NA,NA
"1268",233523,128157,"TAD",42250.5,0,4,8,100,61,11.4,8.3,9.4,6.4,3.1,0,0,NA,NA,NA,NA,NA,NA
"1269",233524,128157,"TAD",42250.75,0,4,8,100,57,19,15.7,6.5,0.9,0.2,0,0,NA,NA,NA,NA,NA,NA
"1270",233525,128157,"TAD",42251,0,6,8,100,19,7.4,19.1,23.9,14.2,16.1,0,0,NA,NA,NA,NA,NA,NA
"1271",233526,128157,"TAD",42251.25,0,4,8,100,25,15.3,35.2,13.9,4.6,5.1,0,0,NA,NA,NA,NA,NA,NA
"1272",233527,128157,"TAD",42251.5,0,4,8,100,59,9.7,9.7,2.2,2.8,5.6,10,0,NA,NA,NA,NA,NA,NA
"1273",233528,128157,"TAD",42251.75,0,2,8,100,37,13,21,10.6,2.4,11.7,3,0,NA,NA,NA,NA,NA,NA
"1274",233529,128157,"TAD",42252,0,1,8,100,25,7.1,9.1,6.9,3.2,11,35,2,NA,NA,NA,NA,NA,NA
"1275",233530,128157,"TAD",42252.25,0,2,8,100,29,6.4,18.8,13.4,7.9,16.8,6,0.6,NA,NA,NA,NA,NA,NA
"1276",233531,128157,"TAD",42252.5,0,5,8,100,44,6.9,11.1,7.1,4.1,14.7,12,0,NA,NA,NA,NA,NA,NA
"1277",233532,128157,"TAD",42252.75,0,7,8,100,32,15.7,25.6,10.4,5.4,9.6,0,0,NA,NA,NA,NA,NA,NA
"1278",233533,128157,"TAD",42253,0,3,8,100,24,4.9,11.4,7.8,3.9,15.3,31,0,NA,NA,NA,NA,NA,NA
"1279",233534,128157,"TAD",42253.25,0,3,8,100,20,4.6,15.2,12.9,5.7,13.4,28,0,NA,NA,NA,NA,NA,NA
"1280",233535,128157,"TAD",42253.5,0,1,8,100,31,14.3,32.6,15.1,4,1.9,0,0,NA,NA,NA,NA,NA,NA
"1281",233536,128157,"TAD",42254,0,4,8,100,21,4.7,16.9,11.5,9.3,25.4,10,0,NA,NA,NA,NA,NA,NA
"1282",233537,128157,"TAD",42254.5,0,2,8,100,36,14.3,22.3,6.7,5.8,14.5,0,0,NA,NA,NA,NA,NA,NA
"1283",233538,128157,"TAD",42254.75,0,3,8,100,21,5.1,28.1,23.4,9.7,12,0,0,NA,NA,NA,NA,NA,NA
"1284",233539,128157,"TAD",42255,0,4,8,100,16,3,7.4,8.2,6.5,39,19,0,NA,NA,NA,NA,NA,NA
"1285",233540,128157,"TAD",42255.25,0,3,8,100,20,3.5,7.9,10.8,6.1,22.9,28,0,NA,NA,NA,NA,NA,NA
"1286",233541,128157,"TAD",42255.5,0,2,8,100,25,6.8,18.3,25.1,10.6,14,0,0,NA,NA,NA,NA,NA,NA
"1287",233542,128157,"TAD",42255.75,0,1,8,100,24,6.9,13.9,18.6,8.6,27.7,0,0,NA,NA,NA,NA,NA,NA
"1288",233543,128157,"TAD",42256,0,1,8,100,19,6.1,12.5,15,12.1,27.5,7,0,NA,NA,NA,NA,NA,NA
"1289",233544,128157,"TAD",42256.25,0,3,8,100,21,6.1,18.7,17.7,9.1,16.2,11,0,NA,NA,NA,NA,NA,NA
"1290",233545,128157,"TAD",42256.75,0,2,8,100,29,8.3,15.5,13.6,9.7,22.7,0,0,NA,NA,NA,NA,NA,NA
"1291",233546,128157,"TAD",42257,0,1,8,100,20,4,9.3,10,7.6,23.2,12,13.2,NA,NA,NA,NA,NA,NA
"1292",233547,128157,"TAD",42257.75,0,1,8,100,77,8.8,3.9,2.3,1.6,3.2,2,0,NA,NA,NA,NA,NA,NA
"1293",233548,128157,"TAD",42258.75,0,1,8,100,29,7.1,7.4,2.6,2.6,9.1,40,0.7,NA,NA,NA,NA,NA,NA
"1294",233549,128157,"TAD",42259,0,1,8,100,28,8.1,13.5,7.2,4.3,21.3,16,0,NA,NA,NA,NA,NA,NA
"1295",233550,128157,"TAD",42262,0,1,8,100,22,12.2,20.2,11.2,5.8,15.1,12,0,NA,NA,NA,NA,NA,NA
"1296",233551,128157,"TAD",42263.25,0,1,8,100,15,3,5.8,6.9,3.9,24.9,39,0,NA,NA,NA,NA,NA,NA
"1297",233552,128157,"TAD",42265.75,0,1,8,100,40,5.9,10.8,3.7,1.5,8.4,29,0,NA,NA,NA,NA,NA,NA
"1298",234449,128158,"TAD",41521.625,22,1,10,100,100,0,0,0,0,0,0,0,0,0,NA,NA,NA,NA
"1299",234450,128158,"TAD",42075.58333,87,1,10,100,67,7.3,11.3,4.5,3.9,4.5,0,0,0,0,NA,NA,NA,NA
"1300",234451,128158,"TAD",42195.75,101,37,10,100,59,14.4,15.5,2.9,2.7,3.2,1,0,0,0,NA,NA,NA,NA
"1301",234452,128158,"TAD",42196,101,2,10,100,74,11.4,9.1,1,0.7,1.6,1,0.3,0,0,NA,NA,NA,NA
"1302",234453,128158,"TAD",42196.25,101,8,10,100,73,15.3,7.5,1,0.3,1.9,0,0.3,0,0,NA,NA,NA,NA
"1303",234454,128158,"TAD",42196.5,101,10,10,100,56,19.9,6.9,1.6,1.8,6.2,5,2.1,0,0,NA,NA,NA,NA
"1304",234455,128158,"TAD",42196.75,101,13,10,100,63,18.4,9.5,1.7,1.1,5.3,0,0,0,0,NA,NA,NA,NA
"1305",234456,128158,"TAD",42197,101,7,10,100,80,9.8,2.6,1.6,1.6,2.9,1,0,0,0,NA,NA,NA,NA
"1306",234457,128158,"TAD",42197.25,101,4,10,100,68,7.2,11.1,4.5,3.9,4.5,0,0,0,0,NA,NA,NA,NA
"1307",234458,128158,"TAD",42197.5,101,6,10,100,54,10.9,15.1,4.9,3.9,10.2,0,0,0,0,NA,NA,NA,NA
"1308",234459,128158,"TAD",42197.75,101,3,10,100,43,12,13.1,6.7,5.2,18.9,0,0,0,0,NA,NA,NA,NA
"1309",234460,128158,"TAD",42198,101,5,10,100,70,18.4,4.7,1.4,1.1,2.5,1,0,0,0,NA,NA,NA,NA
"1310",234461,128158,"TAD",42198.25,101,2,10,100,52,15,23.4,3.2,4.2,1.4,0,0,0,0,NA,NA,NA,NA
"1311",234462,128158,"TAD",42198.5,101,6,10,100,57,28.3,14.4,0.2,0,0,0,0,0,0,NA,NA,NA,NA
"1312",234463,128158,"TAD",42198.75,101,4,10,100,73,13.3,9.1,1,1.3,1.9,0,0,0,0,NA,NA,NA,NA
"1313",234464,128158,"TAD",42199,101,4,10,100,22,20.7,10.2,2.6,3.5,40.6,0,0,0,0,NA,NA,NA,NA
"1314",234465,128158,"TAD",42199.25,101,6,10,100,33,29.6,17.8,1.3,1.9,14.9,0,0,0,0,NA,NA,NA,NA
"1315",234466,128158,"TAD",42199.5,101,5,10,100,38,5.2,3.1,3,5.2,44.8,0,0,0,0,NA,NA,NA,NA
"1316",234467,128158,"TAD",42199.75,101,2,10,100,52,15.7,7.4,2.1,3.2,17.8,0,0,0,0,NA,NA,NA,NA
"1317",234468,128158,"TAD",42200,101,3,10,100,34,7,4.8,3.3,6.7,44.1,0,0,0,0,NA,NA,NA,NA
"1318",234469,128158,"TAD",42200.25,101,5,10,100,48,9,6.2,2.8,6.2,25.8,1,0,0,0,NA,NA,NA,NA
"1319",234470,128158,"TAD",42200.5,101,4,10,100,65,15.6,6.1,2.5,2.2,3.6,5,0,0,0,NA,NA,NA,NA
"1320",234471,128158,"TAD",42200.75,101,3,10,100,38,10,20.4,5.7,2.6,23,0,0,0,0,NA,NA,NA,NA
"1321",234472,128158,"TAD",42201,101,2,10,100,37,16.7,6.9,1.5,2.8,29.1,5,0,0,0,NA,NA,NA,NA
"1322",234473,128158,"TAD",42201.25,101,2,10,100,37,6.7,7.8,4.3,6.5,34.3,2,0,0,0,NA,NA,NA,NA
"1323",234474,128158,"TAD",42201.5,101,4,10,100,49,14.5,4.2,2.8,5.3,11.1,10,1.4,0,0,NA,NA,NA,NA
"1324",234475,128158,"TAD",42201.75,101,1,10,100,55,15.3,16.9,6.5,3.7,2.3,0,0,0,0,NA,NA,NA,NA
"1325",234476,128158,"TAD",42202,101,5,10,100,23,16.1,13.2,6.5,6.3,34.3,0,0,0,0,NA,NA,NA,NA
"1326",234477,128158,"TAD",42202.25,101,4,10,100,25,23.2,35.3,5.8,2.9,6.7,0,0,0,0,NA,NA,NA,NA
"1327",234478,128158,"TAD",42202.5,101,1,10,100,39,14.3,9.5,2,2.4,22.4,10,0,0,0,NA,NA,NA,NA
"1328",234479,128158,"TAD",42202.75,102,3,10,100,48,14.1,8.1,6,6.7,12.7,3,0,0,0,NA,NA,NA,NA
"1329",234480,128158,"TAD",42203,102,1,10,100,41,9.6,3.7,1.7,2.8,30.8,9,0,0,0,NA,NA,NA,NA
"1330",234481,128158,"TAD",42203.25,102,2,10,100,26,12.4,16.9,5.7,14.9,23.5,0,0,0,0,NA,NA,NA,NA
"1331",234482,128158,"TAD",42203.5,102,3,10,100,42,9.8,15.7,7.2,5.7,19.3,0,0,0,0,NA,NA,NA,NA
"1332",234483,128158,"TAD",42203.75,102,4,10,100,39,36.9,18.9,2,1.3,1.9,0,0,0,0,NA,NA,NA,NA
"1333",234484,128158,"TAD",42204,102,3,10,100,30,7.2,9.9,4.1,4.1,44.1,0,0,0,0,NA,NA,NA,NA
"1334",234485,128158,"TAD",42204.25,102,2,10,100,42,18.2,10.4,5.9,8.9,14.1,0,0,0,0,NA,NA,NA,NA
"1335",234486,128158,"TAD",42204.5,102,5,10,100,27,10.6,12.6,7.8,5.3,26,10,0,0,0,NA,NA,NA,NA
"1336",234487,128158,"TAD",42204.75,102,2,10,100,60,10,2.5,1.4,0.8,10,14,0,0,0,NA,NA,NA,NA
"1337",234488,128158,"TAD",42205,102,4,10,100,78,17.8,3.2,0.3,0,0,0,0,0,0,NA,NA,NA,NA
"1338",234489,128158,"TAD",42205.25,102,7,10,100,34,26.5,16.6,6.1,7.9,8.7,0,0,0,0,NA,NA,NA,NA
"1339",234490,128158,"TAD",42205.5,102,4,10,100,59,29.2,11.7,0,0,0,0,0,0,0,NA,NA,NA,NA
"1340",234491,128158,"TAD",42205.75,102,6,10,100,70,26.1,3.3,0,0,0,0,0,0,0,NA,NA,NA,NA
"1341",234492,128158,"TAD",42206,102,2,10,100,45,35.1,12.8,0.7,0.6,4.3,1,0,0,0,NA,NA,NA,NA
"1342",234493,128158,"TAD",42206.25,102,1,10,100,27,11.7,17.2,7.4,5.1,25.8,5,0,0,0,NA,NA,NA,NA
"1343",234494,128158,"TAD",42206.5,102,2,10,100,52,37.3,9,0.7,0.2,0,0,0,0,0,NA,NA,NA,NA
"1344",234495,128158,"TAD",42206.75,102,4,10,100,64,28.1,6.9,0.3,0.3,0.3,0,0,0,0,NA,NA,NA,NA
"1345",234496,128158,"TAD",42207,102,3,10,100,33,34.3,16.9,2.1,1.4,6.9,5,0,0,0,NA,NA,NA,NA
"1346",234497,128158,"TAD",42207.25,102,1,10,100,27,13.6,13.7,3.9,3.1,21.9,16,0,0,0,NA,NA,NA,NA
"1347",234498,128158,"TAD",42207.5,102,7,10,100,46,40.6,10.9,1.7,0.2,0,0,0,0,0,NA,NA,NA,NA
"1348",234499,128158,"TAD",42207.75,102,7,10,100,52,38.4,8.6,0.2,0.2,0,0,0,0,0,NA,NA,NA,NA
"1349",234500,128158,"TAD",42208,102,4,10,100,56,22.7,16,2.1,1.2,1.2,0,0,0,0,NA,NA,NA,NA
"1350",234501,128158,"TAD",42208.25,102,2,10,100,25,7.8,14.3,5.9,6.5,39.6,0,0,0,0,NA,NA,NA,NA
"1351",234502,128158,"TAD",42208.5,102,3,10,100,45,25.9,28.1,0.6,0.2,0,0,0,0,0,NA,NA,NA,NA
"1352",234503,128158,"TAD",42208.75,102,6,10,100,14,10.2,21.4,7,6.8,22.4,17,1.1,0,0,NA,NA,NA,NA
"1353",234504,128158,"TAD",42209,102,5,10,100,25,12.8,22.7,5.1,4.7,18.6,10,0,0,0,NA,NA,NA,NA
"1354",234505,128158,"TAD",42209.25,102,3,10,100,42,13.7,14.7,3.3,3.3,9.5,11,2,0,0,NA,NA,NA,NA
"1355",234506,128158,"TAD",42209.5,102,3,10,100,38,7.6,10.6,3.9,3,11.3,17,8.2,0,0,NA,NA,NA,NA
"1356",234507,128158,"TAD",42209.75,102,4,10,100,30,22.1,11.8,2.9,3.6,11.3,13,4.3,0,0,NA,NA,NA,NA
"1357",234508,128158,"TAD",42210,102,4,10,100,32,11.3,21.8,8.3,3.8,7.4,10,4,0,0,NA,NA,NA,NA
"1358",234509,128158,"TAD",42210.25,102,3,10,100,21,21.7,37.4,10.9,5.2,3,0,0,0,0,NA,NA,NA,NA
"1359",234510,128158,"TAD",42210.5,102,3,10,100,49,14.1,5.5,1.8,3.5,19.9,5,0,0,0,NA,NA,NA,NA
"1360",234511,128158,"TAD",42210.75,102,2,10,100,48,14.4,4.6,1.4,0.9,12.5,17,0,0,0,NA,NA,NA,NA
"1361",234512,128158,"TAD",42211,102,3,10,100,77,15.2,3.9,1,1,1.6,0,0,0,0,NA,NA,NA,NA
"1362",234513,128158,"TAD",42211.25,103,4,10,100,58,6,6.7,3.7,4.4,20.1,0,0,0,0,NA,NA,NA,NA
"1363",234514,128158,"TAD",42211.5,103,1,10,100,55,32.9,7.9,1.2,1.4,1.6,0,0,0,0,NA,NA,NA,NA
"1364",234515,128158,"TAD",42211.75,103,5,10,100,88,10.7,0.4,0.4,0,0,0,0,0,0,NA,NA,NA,NA
"1365",234516,128158,"TAD",42212,103,7,10,100,58,17.4,11.4,2.6,1.4,8.6,0,0,0,0,NA,NA,NA,NA
"1366",234517,128158,"TAD",42212.25,103,6,10,100,47,15.3,20.1,6.3,4.9,5.8,0,0,0,0,NA,NA,NA,NA
"1367",234518,128158,"TAD",42212.5,103,3,10,100,58,27.5,9,1.6,1.2,2.5,0,0,0,0,NA,NA,NA,NA
"1368",234519,128158,"TAD",42212.75,103,2,10,100,28,36.9,26.2,2.6,1.3,3.7,1,0,0,0,NA,NA,NA,NA
"1369",234520,128158,"TAD",42213,103,2,10,100,21,19.9,16.1,15.8,8,10.4,8,0,0,0,NA,NA,NA,NA
"1370",234521,128158,"TAD",42213.25,103,2,10,100,39,14.3,14.4,6.5,7.8,11.1,6,0,0,0,NA,NA,NA,NA
"1371",234522,128158,"TAD",42213.5,103,1,10,100,59,23.5,8.4,2.8,0.8,2.5,2,0,0,0,NA,NA,NA,NA
"1372",234523,128158,"TAD",42213.75,103,3,10,100,28,29.2,29.7,3.2,2.8,6.1,0,0,0,0,NA,NA,NA,NA
"1373",234524,128158,"TAD",42214,103,2,10,100,40,41.2,12.8,1.1,0.7,3.5,0,0,0,0,NA,NA,NA,NA
"1374",234525,128158,"TAD",42214.25,103,5,10,100,22,17.5,19.9,4.8,5,17,13,0,0,0,NA,NA,NA,NA
"1375",234526,128158,"TAD",42214.5,103,2,10,100,29,23.5,23.9,4.2,2.8,11.4,4,0,0,0,NA,NA,NA,NA
"1376",234527,128158,"TAD",42214.75,103,2,10,100,19,10.1,24.3,16.1,15.8,14,0,0,0,0,NA,NA,NA,NA
"1377",234528,128158,"TAD",42215,103,2,10,100,21,11.3,30.3,12.2,9.5,15.3,0,0,0,0,NA,NA,NA,NA
"1378",234529,128158,"TAD",42215.25,103,2,10,100,17,6.1,15.6,8.9,8.9,23.9,19,0,0,0,NA,NA,NA,NA
"1379",234530,128158,"TAD",42215.5,103,1,10,100,22,19.7,10.7,3.1,2.4,16.7,25,0,0,0,NA,NA,NA,NA
"1380",234531,128158,"TAD",42215.75,103,2,10,100,42,40.6,16.7,0.2,0,0,0,0,0,0,NA,NA,NA,NA
"1381",234532,128158,"TAD",42216,103,4,10,100,68,14.8,7.8,4.5,2.2,2.2,0,0,0,0,NA,NA,NA,NA
"1382",234533,128158,"TAD",42216.25,103,1,10,100,19,5.6,3.9,2.2,2.6,36,30,0,0,0,NA,NA,NA,NA
"1383",234534,128158,"TAD",42216.5,103,3,10,100,23,14.4,23,7.1,6.5,24.5,1,0,0,0,NA,NA,NA,NA
"1384",234535,128158,"TAD",42216.75,103,6,10,100,26,12.1,9.3,3.9,4.3,34.6,9,0,0,0,NA,NA,NA,NA
"1385",234536,128158,"TAD",42217,103,3,10,100,33,15.6,20.4,9.2,6.4,11.1,3,0,0,0,NA,NA,NA,NA
"1386",234537,128158,"TAD",42217.25,103,4,10,100,55,30.9,12.5,0.5,0.2,0,0,0,0,0,NA,NA,NA,NA
"1387",234538,128158,"TAD",42217.5,103,7,10,100,25,27.1,23.8,8.2,7.9,7.9,0,0,0,0,NA,NA,NA,NA
"1388",234539,128158,"TAD",42217.75,103,4,10,100,16,5.2,6.3,4.5,7.6,42.9,17,0,0,0,NA,NA,NA,NA
"1389",234540,128158,"TAD",42218,103,6,10,100,18,3.7,3.5,1.9,1.6,19.5,50,0.7,0,0,NA,NA,NA,NA
"1390",234541,128158,"TAD",42218.25,103,5,10,100,21,8.5,10.3,5.3,8.2,27.6,16,2.5,0,0,NA,NA,NA,NA
"1391",234542,128158,"TAD",42218.5,103,1,10,100,18,8.6,48.4,11.1,6.3,6.9,0,0,0,0,NA,NA,NA,NA
"1392",234543,128158,"TAD",42218.75,103,7,10,100,14,7.9,27.5,11.8,10.1,27.8,0,0,0,0,NA,NA,NA,NA
"1393",234544,128158,"TAD",42219,103,5,10,100,22,10.4,7.6,3.5,3.3,24.2,28,0,0,0,NA,NA,NA,NA
"1394",234545,128158,"TAD",42219.25,103,3,10,100,23,9.4,18.1,9.9,8.1,28.2,3,0,0,0,NA,NA,NA,NA
"1395",234546,128158,"TAD",42219.5,103,3,10,100,38,16.5,7.1,1.9,2.4,7.8,26,0,0,0,NA,NA,NA,NA
"1396",234547,128158,"TAD",42219.75,104,4,10,100,28,13.2,20.8,4.6,3.1,15,15,0,0,0,NA,NA,NA,NA
"1397",234548,128158,"TAD",42220,104,2,10,100,25,5.8,19,7.4,4.9,10,27,0.1,0,0,NA,NA,NA,NA
"1398",234549,128158,"TAD",42220.25,104,2,10,100,56,9.3,14.4,5.8,5.3,7.7,0,0,0,0,NA,NA,NA,NA
"1399",234550,128158,"TAD",42220.5,104,1,10,100,66,16.7,12.5,3.6,0.8,0.3,0,0,0,0,NA,NA,NA,NA
"1400",234551,128158,"TAD",42220.75,104,2,10,100,91,5.9,1.5,0.4,0.4,0,0,0,0,0,NA,NA,NA,NA
"1401",234552,128158,"TAD",42221,104,1,10,100,72,23.9,3.6,0.3,0,0,0,0,0,0,NA,NA,NA,NA
"1402",234553,128158,"TAD",42221.25,104,4,10,100,42,23.7,13.3,3.3,2.8,12.6,1,0,0,0,NA,NA,NA,NA
"1403",234554,128158,"TAD",42221.5,104,3,10,100,40,25.4,20,3.9,3.5,6.3,0,0,0,0,NA,NA,NA,NA
"1404",234555,128158,"TAD",42221.75,104,6,10,100,89,10,0.7,0,0,0,0,0,0,0,NA,NA,NA,NA
"1405",234556,128158,"TAD",42222,104,3,10,100,51,29.2,13.7,2.3,2.1,0.9,0,0,0,0,NA,NA,NA,NA
"1406",234557,128158,"TAD",42222.25,104,4,10,100,48,25.9,6.7,3.7,3.7,10,1,0,0,0,NA,NA,NA,NA
"1407",234558,128158,"TAD",42222.5,104,6,10,100,46,39,13.5,0.2,0.2,0.6,0,0,0,0,NA,NA,NA,NA
"1408",234559,128158,"TAD",42222.75,104,5,10,100,81,17.2,1.6,0,0,0,0,0,0,0,NA,NA,NA,NA
"1409",234560,128158,"TAD",42223,104,9,10,100,38,37.6,21.7,1.7,0.2,0,0,0,0,0,NA,NA,NA,NA
"1410",234561,128158,"TAD",42223.25,104,5,10,100,27,13.5,19.7,8.9,3.3,17.6,9,0,0,0,NA,NA,NA,NA
"1411",234562,128158,"TAD",42223.5,104,2,10,100,58,31.9,7.6,0.9,0.5,0.2,0,0,0,0,NA,NA,NA,NA
"1412",234563,128158,"TAD",42223.75,104,1,10,100,63,20.9,8.4,5.3,2.2,0.3,0,0,0,0,NA,NA,NA,NA
"1413",234564,128158,"TAD",42224,104,2,10,100,44,31.5,17.1,1.1,1.3,1.7,2,0,0,0,NA,NA,NA,NA
"1414",234565,128158,"TAD",42224.25,104,3,10,100,34,14.7,19.9,4.9,3.6,18.3,3,0,0,0,NA,NA,NA,NA
"1415",234566,128158,"TAD",42224.5,104,2,10,100,71,18.8,7.1,1.3,1,0.3,0,0,0,0,NA,NA,NA,NA
"1416",234567,128158,"TAD",42224.75,104,1,10,100,71,17.7,10.3,1,0,0,0,0,0,0,NA,NA,NA,NA
"1417",234568,128158,"TAD",42225,104,3,10,100,41,22.1,20.2,6.1,3.2,5.9,1,0,0,0,NA,NA,NA,NA
"1418",234569,128158,"TAD",42225.25,104,5,10,100,42,22.8,9.4,1.7,1.9,20.4,1,0,0,0,NA,NA,NA,NA
"1419",234570,128158,"TAD",42225.5,104,5,10,100,45,40.9,12.9,0.6,0,0.2,0,0,0,0,NA,NA,NA,NA
"1420",234571,128158,"TAD",42225.75,104,5,10,100,70,25.6,3.6,0,0,0,0,0,0,0,NA,NA,NA,NA
"1421",234572,128158,"TAD",42226,104,5,10,100,77,13.9,7.1,1,0.6,0.3,0,0,0,0,NA,NA,NA,NA
"1422",234573,128158,"TAD",42226.25,104,5,10,100,32,24.6,24.5,7.2,4.2,6.8,0,0,0,0,NA,NA,NA,NA
"1423",234574,128158,"TAD",42226.5,104,5,10,100,68,27.3,4.1,0.3,0.3,0,0,0,0,0,NA,NA,NA,NA
"1424",234575,128158,"TAD",42226.75,104,1,10,100,45,35.6,14.6,2.8,1.9,0.2,0,0,0,0,NA,NA,NA,NA
"1425",234576,128158,"TAD",42227,104,2,10,100,46,11.7,13.7,7.6,6.9,13.3,0,0,0,0,NA,NA,NA,NA
"1426",234577,128158,"TAD",42227.25,104,6,10,100,36,22.9,12.5,3.4,2.6,17.9,4,0,0,0,NA,NA,NA,NA
"1427",234578,128158,"TAD",42227.5,104,6,10,100,72,21.3,6.1,0.3,0,0,0,0,0,0,NA,NA,NA,NA
"1428",234579,128158,"TAD",42227.75,104,4,10,100,76,17.8,5.8,0.3,0,0,0,0,0,0,NA,NA,NA,NA
"1429",234580,128158,"TAD",42228,104,3,10,100,53,23.8,19.9,1.2,1.2,0.7,0,0,0,0,NA,NA,NA,NA
"1430",234581,128158,"TAD",42228.25,105,5,10,100,32,30.1,25.8,4.2,2.6,4.9,0,0,0,0,NA,NA,NA,NA
"1431",234582,128158,"TAD",42228.5,105,6,10,100,39,25.4,26,4.1,3.5,1.9,0,0,0,0,NA,NA,NA,NA
"1432",234583,128158,"TAD",42228.75,105,1,10,100,53,25.1,18.8,2.3,0,0,0,0,0,0,NA,NA,NA,NA
"1433",234584,128158,"TAD",42229,105,4,10,100,75,21.1,2.6,0.6,0.3,0.3,0,0,0,0,NA,NA,NA,NA
"1434",234585,128158,"TAD",42229.25,105,5,10,100,44,27,19.7,2.6,2.6,3.5,0,0,0,0,NA,NA,NA,NA
"1435",234586,128158,"TAD",42229.5,105,3,10,100,47,37.7,14.8,0,0,0,0,0,0,0,NA,NA,NA,NA
"1436",234587,128158,"TAD",42229.75,105,5,10,100,42,47.5,10.4,0,0,0,0,0,0,0,NA,NA,NA,NA
"1437",234588,128158,"TAD",42230,105,3,10,100,52,32.8,13.2,1.2,0.5,0.2,0,0,0,0,NA,NA,NA,NA
"1438",234589,128158,"TAD",42230.25,105,4,10,100,65,11.7,6.4,5,5.6,5.6,0,0,0,0,NA,NA,NA,NA
"1439",234590,128158,"TAD",42230.5,105,5,10,100,61,31.7,6.9,0,0,0,0,0,0,0,NA,NA,NA,NA
"1440",234591,128158,"TAD",42230.75,105,3,10,100,48,32.4,17.1,1.4,0.2,0,0,0,0,0,NA,NA,NA,NA
"1441",234592,128158,"TAD",42231,105,5,10,100,22,13.7,16.1,11.8,9.2,17.8,8,0,0,0,NA,NA,NA,NA
"1442",234593,128158,"TAD",42231.25,105,3,10,100,27,14.4,12.8,5,4.3,28.5,7,0,0,0,NA,NA,NA,NA
"1443",234594,128158,"TAD",42231.5,105,3,10,100,25,16.7,18.5,8.5,7.1,17.8,6,0,0,0,NA,NA,NA,NA
"1444",234595,128158,"TAD",42231.75,105,2,10,100,23,17.1,43,11.1,3.2,2.2,0,0,0,0,NA,NA,NA,NA
"1445",234596,128158,"TAD",42232,105,3,10,100,24,13.3,19.7,6.8,6,20,10,0,0,0,NA,NA,NA,NA
"1446",234597,128158,"TAD",42232.25,105,4,10,100,28,13.1,24.2,8.6,6.7,14.9,4,0,0,0,NA,NA,NA,NA
"1447",234598,128158,"TAD",42232.5,105,2,10,100,25,17.8,22.8,6,4.2,11.8,11,0,0,0,NA,NA,NA,NA
"1448",234599,128158,"TAD",42232.75,105,5,10,100,35,36.5,27.4,0.7,0.2,0,0,0,0,0,NA,NA,NA,NA
"1449",234600,128158,"TAD",42233,105,6,10,100,24,25.6,29.2,8.2,5.7,6.8,0,0,0,0,NA,NA,NA,NA
"1450",234601,128158,"TAD",42233.25,105,4,10,100,31,24.3,27.3,4.7,4.7,7.5,0,0,0,0,NA,NA,NA,NA
"1451",234602,128158,"TAD",42233.5,105,3,10,100,58,21.2,11.3,2.3,1.4,5.8,0,0,0,0,NA,NA,NA,NA
"1452",234603,128158,"TAD",42233.75,105,2,10,100,26,42.6,28.1,1.9,0.6,0.2,0,0,0,0,NA,NA,NA,NA
"1453",234604,128158,"TAD",42234,105,3,10,100,26,25,25,5.7,7.5,10,0,0,0,0,NA,NA,NA,NA
"1454",234605,128158,"TAD",42234.25,105,3,10,100,25,11.4,12.4,7.9,12.5,29.9,0,0,0,0,NA,NA,NA,NA
"1455",234606,128158,"TAD",42234.5,105,3,10,100,32,12.9,12.7,6.5,11,14,7,2.8,0,0,NA,NA,NA,NA
"1456",234607,128158,"TAD",42234.75,105,2,10,100,29,17.4,15.6,3.3,2.4,9,14,8.9,0,0,NA,NA,NA,NA
"1457",234608,128158,"TAD",42235,105,1,10,100,31,14.5,19.9,5.6,5.6,23.1,0,0,0,0,NA,NA,NA,NA
"1458",234609,128158,"TAD",42235.25,105,5,10,100,36,18.7,18.9,6.5,5.2,13.2,0,0,0,0,NA,NA,NA,NA
"1459",234610,128158,"TAD",42235.5,105,5,10,100,29,7.4,7.8,2.8,2.8,14.9,30,4.4,0,0,NA,NA,NA,NA
"1460",234611,128158,"TAD",42235.75,105,2,10,100,39,29.1,15.8,2.2,0.7,2.8,4,4.8,0,0,NA,NA,NA,NA
"1461",234612,128158,"TAD",42236,105,4,10,100,19,26.1,45,3.9,1.7,3.5,0,0,0,0,NA,NA,NA,NA
"1462",234613,128158,"TAD",42236.25,105,6,10,100,29,36.9,24.1,4.6,3,1.7,0,0,0,0,NA,NA,NA,NA
"1463",234614,128158,"TAD",42236.5,105,5,10,100,26,18.1,17.4,5.6,5.7,19.9,6,0,0,0,NA,NA,NA,NA
"1464",234615,128158,"TAD",42236.75,105,3,10,100,63,34.8,2.2,0,0,0,0,0,0,0,NA,NA,NA,NA
"1465",234616,128158,"TAD",42237,106,4,10,100,24,29.1,18.4,6.7,5.8,12.5,3,0,0,0,NA,NA,NA,NA
"1466",234617,128158,"TAD",42237.25,106,3,10,100,18,12.2,27.4,18.8,12.9,9.9,0,0,0,0,NA,NA,NA,NA
"1467",234618,128158,"TAD",42237.5,106,3,10,100,33,17,13.9,6.4,6,18.9,4,0,0,0,NA,NA,NA,NA
"1468",234619,128158,"TAD",42237.75,106,2,10,100,31,28.6,19.7,2.8,2.4,9.9,5,0,0,0,NA,NA,NA,NA
"1469",234620,128158,"TAD",42238,106,1,10,100,27,16.8,21,9.2,6.3,17.1,2,0,0,0,NA,NA,NA,NA
"1470",234621,128158,"TAD",42238.25,106,3,10,100,17,14.9,22.7,10.7,9.5,19.5,5,0,0,0,NA,NA,NA,NA
"1471",234622,128158,"TAD",42238.5,106,2,10,100,41,20.6,25.1,5.8,2.8,4.6,0,0,0,0,NA,NA,NA,NA
"1472",234623,128158,"TAD",42238.75,106,3,10,100,39,31.5,14.1,2.2,1.3,5.6,5,0,0,0,NA,NA,NA,NA
"1473",234624,128158,"TAD",42239,106,3,10,100,51,20.3,15.2,2.3,1.6,5.3,3,0,0,0,NA,NA,NA,NA
"1474",234625,128158,"TAD",42239.25,106,2,10,100,30,10.4,16.4,8.2,6.5,17.8,10,0,0,0,NA,NA,NA,NA
"1475",234626,128158,"TAD",42239.5,106,3,10,100,28,26.6,21.6,7.8,6.1,9.7,0,0,0,0,NA,NA,NA,NA
"1476",234627,128158,"TAD",42239.75,106,2,10,100,25,19,37,8.2,4.3,5.9,0,0,0,0,NA,NA,NA,NA
"1477",234628,128158,"TAD",42240,106,2,10,100,23,21,27.4,8.6,4.7,13.2,1,0,0,0,NA,NA,NA,NA
"1478",234629,128158,"TAD",42240.25,106,3,10,100,17,31.8,38.7,3,1.5,3.7,3,0,0,0,NA,NA,NA,NA
"1479",234630,128158,"TAD",42240.5,106,3,10,100,35,30.9,15.4,6.5,5.7,5.6,0,0,0,0,NA,NA,NA,NA
"1480",234631,128158,"TAD",42240.75,106,5,10,100,37,16.9,11.3,5,7.1,20.6,2,0,0,0,NA,NA,NA,NA
"1481",234632,128158,"TAD",42241,106,4,10,100,68,15,7.5,2.8,2.2,3.6,0,0,0,0,NA,NA,NA,NA
"1482",234633,128158,"TAD",42241.25,106,3,10,100,48,22.7,12.3,7.9,3,4.2,1,0,0,0,NA,NA,NA,NA
"1483",234634,128158,"TAD",42241.5,106,2,10,100,40,21.2,24.7,3.3,2.4,7.6,0,0,0,0,NA,NA,NA,NA
"1484",234635,128158,"TAD",42241.75,106,3,10,100,22,18.5,30.8,13.3,8.8,5.8,0,0,0,0,NA,NA,NA,NA
"1485",234636,128158,"TAD",42242,106,7,10,100,21,22.8,19.9,9.8,5.7,12.7,7,0.1,0,0,NA,NA,NA,NA
"1486",234637,128158,"TAD",42242.25,106,2,10,100,25,25,19,4.4,3.1,11.4,10,1.7,0,0,NA,NA,NA,NA
"1487",234638,128158,"TAD",42242.5,106,1,10,100,38,20,11.1,3,2.6,10.6,14,0.2,0,0,NA,NA,NA,NA
"1488",234639,128158,"TAD",42242.75,106,2,10,100,22,23,36,4.8,2,4.8,7,0,0,0,NA,NA,NA,NA
"1489",234640,128158,"TAD",42243,106,4,10,100,18,14.7,28.9,15.9,10.5,11.4,0,0,0,0,NA,NA,NA,NA
"1490",234641,128158,"TAD",42243.25,106,3,10,100,17,10.8,13.1,6.9,7.4,25.4,18,0,0,0,NA,NA,NA,NA
"1491",234642,128158,"TAD",42243.5,106,2,10,100,16,9,9.7,2.3,1.6,6.7,53,0.5,0,0,NA,NA,NA,NA
"1492",234643,128158,"TAD",42243.75,106,3,10,100,22,20.9,38.7,4.6,2.4,10,0,0,0,0,NA,NA,NA,NA
"1493",234644,128158,"TAD",42244,106,5,10,100,33,22.5,13.9,8.9,6,9.6,5,0,0,0,NA,NA,NA,NA
"1494",234645,128158,"TAD",42244.25,106,3,10,100,35,11.5,10.4,3.9,5,20.8,11,0.9,0,0,NA,NA,NA,NA
"1495",234646,128158,"TAD",42244.5,106,4,10,100,28,31.3,29.8,2.5,2.4,5.3,0,0,0,0,NA,NA,NA,NA
"1496",234647,128158,"TAD",42244.75,106,6,10,100,28,32.2,29.2,7.4,2.8,0.3,0,0,0,0,NA,NA,NA,NA
"1497",234648,128158,"TAD",42245,106,2,10,100,22,36.5,32.6,5.7,2,0.4,0,0,0,0,NA,NA,NA,NA
"1498",234649,128158,"TAD",42245.25,106,3,10,100,26,18.5,12.8,4.4,3.5,15.8,18,0,0,0,NA,NA,NA,NA
"1499",234650,128158,"TAD",42245.5,107,1,10,100,21,22.3,24.5,14.4,7.1,10,0,0,0,0,NA,NA,NA,NA
"1500",234651,128158,"TAD",42245.75,107,2,10,100,20,23.4,42.3,7.1,3,3.9,0,0,0,0,NA,NA,NA,NA
"1501",234652,128158,"TAD",42246,107,2,10,100,15,8.3,16,7.5,6.3,17.9,28,0,0,0,NA,NA,NA,NA
"1502",234653,128158,"TAD",42246.25,107,3,10,100,27,26.9,32.2,5.6,6.1,1.5,0,0,0,0,NA,NA,NA,NA
"1503",234654,128158,"TAD",42246.5,107,5,10,100,46,38.6,14.8,0.4,0,0,0,0,0,0,NA,NA,NA,NA
"1504",234655,128158,"TAD",42246.75,107,9,10,100,20,24.3,40.3,8.9,4.8,1.1,0,0,0,0,NA,NA,NA,NA
"1505",234656,128158,"TAD",42247,107,1,10,100,18,16.9,42.7,12.2,6.9,3.3,0,0,0,0,NA,NA,NA,NA
"1506",234657,128158,"TAD",42247.25,107,3,10,100,16,28.5,45.4,7.8,1.3,0.7,0,0,0,0,NA,NA,NA,NA
"1507",234658,128158,"TAD",42247.5,107,2,10,100,22,21,37.1,8,7.4,4.5,0,0,0,0,NA,NA,NA,NA
"1508",234659,128158,"TAD",42247.75,107,5,10,100,30,40.3,28.1,1.3,0.2,0,0,0,0,0,NA,NA,NA,NA
"1509",234660,128158,"TAD",42248,107,2,10,100,17,20.4,32.6,11.1,5.1,13.2,0,0,0,0,NA,NA,NA,NA
"1510",234661,128158,"TAD",42248.25,107,1,10,100,32,20.2,37.8,7.8,1.3,0.2,0,0,0,0,NA,NA,NA,NA
"1511",234662,128158,"TAD",42248.5,107,3,10,100,22,19.1,45.7,7,2.8,3,0,0,0,0,NA,NA,NA,NA
"1512",234663,128158,"TAD",42248.75,107,2,10,100,36,31.9,25.7,3.3,2.4,0.4,0,0,0,0,NA,NA,NA,NA
"1513",234664,128158,"TAD",42249,107,4,10,100,24,15.1,28.9,12.9,7.8,10.8,0,0,0,0,NA,NA,NA,NA
"1514",234665,128158,"TAD",42249.25,107,4,10,100,16,14.6,39.3,12.6,8.3,8.5,0,0,0,0,NA,NA,NA,NA
"1515",234666,128158,"TAD",42249.5,107,5,10,100,26,20.7,34.2,9.9,7.1,2.2,0,0,0,0,NA,NA,NA,NA
"1516",234667,128158,"TAD",42249.75,107,5,10,100,51,23.1,21.8,1.9,0.9,0.5,0,0,0,0,NA,NA,NA,NA
"1517",234668,128158,"TAD",42250,107,2,10,100,23,9.3,24.5,7.5,7.9,20,7,0,0,0,NA,NA,NA,NA
"1518",234669,128158,"TAD",42250.25,107,2,10,100,29,11,24.3,10.1,7.5,17.5,0,0,0,0,NA,NA,NA,NA
"1519",234670,128158,"TAD",42250.5,107,5,10,100,71,6.1,4.2,1.6,1.3,6.5,9,0,0,0,NA,NA,NA,NA
"1520",234671,128158,"TAD",42250.75,107,2,10,100,21,16.3,27.6,11,8.1,15.4,0,0,0,0,NA,NA,NA,NA
"1521",234672,128158,"TAD",42251,107,3,10,100,12,7.2,27.5,15.5,11.7,24.4,1,0,0,0,NA,NA,NA,NA
"1522",234673,128158,"TAD",42251.25,107,6,10,100,15,8.2,38.3,13.8,9.9,12.6,1,0,0,0,NA,NA,NA,NA
"1523",234674,128158,"TAD",42251.5,107,4,10,100,17,12.6,16.8,10.1,10.1,28.1,4,0,0,0,NA,NA,NA,NA
"1524",234675,128158,"TAD",42251.75,107,3,10,100,26,23.2,27.2,8.9,5.7,8.3,0,0,0,0,NA,NA,NA,NA
"1525",234676,128158,"TAD",42252,107,4,10,100,22,14.1,21.4,6.6,3.9,12.9,12,5.5,0,0,NA,NA,NA,NA
"1526",234677,128158,"TAD",42252.25,107,6,10,100,13,9.1,18.2,11.3,8.8,23.1,15,0.7,0,0,NA,NA,NA,NA
"1527",234678,128158,"TAD",42252.5,107,3,10,100,25,14.3,21.4,10.1,7.4,13.1,7,0,0,0,NA,NA,NA,NA
"1528",234679,128158,"TAD",42252.75,107,3,10,100,26,19.1,20.2,6.1,4,12.5,11,0,0,0,NA,NA,NA,NA
"1529",234680,128158,"TAD",42253,107,2,10,100,31,16.5,22.1,4.4,3.8,11.7,9,0.1,0,0,NA,NA,NA,NA
"1530",234681,128158,"TAD",42253.25,107,1,10,100,22,18.4,36.5,5.6,5.4,11.7,0,0,0,0,NA,NA,NA,NA
"1531",234682,128158,"TAD",42253.5,107,2,10,100,27,26.2,39.1,5,1.7,0.9,0,0,0,0,NA,NA,NA,NA
"1532",234683,128158,"TAD",42253.75,107,3,10,100,20,25.8,40.1,7.2,3.2,3.3,0,0,0,0,NA,NA,NA,NA
"1533",234684,128158,"TAD",42254,108,2,10,100,23,24.1,31.5,14,5.4,1.4,0,0,0,0,NA,NA,NA,NA
"1534",234685,128158,"TAD",42254.25,108,4,10,100,17,18.9,35.1,9.4,7.5,11.3,0,0,0,0,NA,NA,NA,NA
"1535",234686,128158,"TAD",42254.5,108,3,10,100,16,13.2,36.4,12.6,8.7,12.2,0,0,0,0,NA,NA,NA,NA
"1536",234687,128158,"TAD",42254.75,108,2,10,100,21,7.8,23.6,13.6,10.1,23.3,0,0,0,0,NA,NA,NA,NA
"1537",234688,128158,"TAD",42255,108,5,10,100,23,21.1,31.9,7.2,6.5,9.4,0,0,0,0,NA,NA,NA,NA
"1538",234689,128158,"TAD",42255.25,108,4,10,100,16,18.5,50,10,3.9,0.9,0,0,0,0,NA,NA,NA,NA
"1539",234690,128158,"TAD",42255.75,108,3,10,100,20,8.1,25.6,13.6,4.9,6.8,20,0.1,0,0,NA,NA,NA,NA
"1540",234691,128158,"TAD",42256,108,5,10,100,14,7.6,29.4,10.8,7.8,22.1,7,0,0,0,NA,NA,NA,NA
"1541",234692,128158,"TAD",42256.25,108,4,10,100,17,10.2,27.4,8.1,7.2,14.9,11,3.1,0,0,NA,NA,NA,NA
"1542",234693,128158,"TAD",42256.5,108,3,10,100,16,11.3,30.8,15.9,8.4,9.9,6,0.8,0,0,NA,NA,NA,NA
"1543",234694,128158,"TAD",42256.75,108,2,10,100,28,13.1,9.4,2.8,3.1,16.5,24,1.9,0,0,NA,NA,NA,NA
"1544",234695,128158,"TAD",42257.25,108,2,10,100,19,10.4,18.5,5.7,6.2,21.1,18,1,0,0,NA,NA,NA,NA
"1545",234696,128158,"TAD",42257.75,108,2,10,100,17,10.4,9.2,3.9,2.5,18.6,30,6.9,0,0,NA,NA,NA,NA
"1546",234697,128158,"TAD",42258,108,2,10,100,32,17.4,22.1,9.6,7.2,9.3,1,0,0,0,NA,NA,NA,NA
"1547",234698,128158,"TAD",42258.25,108,3,10,100,32,25.3,29.6,4.9,4.4,3.2,0,0,0,0,NA,NA,NA,NA
"1548",234699,128158,"TAD",42258.5,108,1,10,100,29,25.1,29.2,2.9,2.2,7.8,3,0,0,0,NA,NA,NA,NA
"1549",234700,128158,"TAD",42258.75,108,3,10,100,25,21.9,33.3,8.7,5.3,5,0,0,0,0,NA,NA,NA,NA
"1550",234701,128158,"TAD",42259,108,4,10,100,31,26.7,29.6,6.1,3.3,3.1,0,0,0,0,NA,NA,NA,NA
"1551",234702,128158,"TAD",42259.25,108,2,10,100,20,20.3,35.3,6,5,12.1,0,0,0,0,NA,NA,NA,NA
"1552",234703,128158,"TAD",42259.5,108,2,10,100,28,20.8,26.8,5.8,3.1,13.9,1,0,0,0,NA,NA,NA,NA
"1553",234704,128158,"TAD",42259.75,108,7,10,100,38,24.1,23.7,6.9,4.4,2.6,0,0,0,0,NA,NA,NA,NA
"1554",234705,128158,"TAD",42260,108,3,10,100,29,29.2,24.4,5.4,3.8,5.8,1,0,0,0,NA,NA,NA,NA
"1555",234706,128158,"TAD",42260.25,108,5,10,100,28,18,39.9,7.6,4.6,1.7,0,0,0,0,NA,NA,NA,NA
"1556",234707,128158,"TAD",42260.5,108,4,10,100,29,37.6,32.8,0.2,0.2,0,0,0,0,0,NA,NA,NA,NA
"1557",234708,128158,"TAD",42260.75,108,2,10,100,23,30.3,32.4,2.6,2.4,6.5,1,0,0,0,NA,NA,NA,NA
"1558",234709,128158,"TAD",42261,108,4,10,100,14,5.4,25.8,14.6,11.5,25.6,2,0,0,0,NA,NA,NA,NA
"1559",234710,128158,"TAD",42261.25,108,3,10,100,18,14.5,39.7,8.9,5.9,11.7,0,0,0,0,NA,NA,NA,NA
"1560",234711,128158,"TAD",42261.5,108,3,10,100,18,21.5,43.1,7.4,1.5,7.8,0,0,0,0,NA,NA,NA,NA
"1561",234712,128158,"TAD",42261.75,108,1,10,100,23,16,20.7,8.8,9.9,21,0,0,0,0,NA,NA,NA,NA
"1562",234713,128158,"TAD",42262,108,2,10,100,29,11.5,19.9,8.6,7.6,20.4,2,0,0,0,NA,NA,NA,NA
"1563",234714,128158,"TAD",42262.25,108,4,10,100,30,32,31.3,3.9,1.5,0.8,0,0,0,0,NA,NA,NA,NA
"1564",234715,128158,"TAD",42262.5,108,3,10,100,33,31.3,22.4,5.8,5,1.7,0,0,0,0,NA,NA,NA,NA
"1565",234716,128158,"TAD",42262.75,109,5,10,100,33,39.1,27.6,0.2,0.2,0,0,0,0,0,NA,NA,NA,NA
"1566",234717,128158,"TAD",42263,109,2,10,100,41,23.9,23.4,4.8,3.5,3.2,0,0,0,0,NA,NA,NA,NA
"1567",234718,128158,"TAD",42263.25,109,4,10,100,27,30.8,31.1,4.7,3.2,2.6,0,0,0,0,NA,NA,NA,NA
"1568",234719,128158,"TAD",42263.5,109,4,10,100,21,9.3,36,14.7,9.6,7.4,1,0,0,0,NA,NA,NA,NA
"1569",234720,128158,"TAD",42263.75,109,3,10,100,19,12.5,33.8,10.7,10.1,11,2,0,0,0,NA,NA,NA,NA
"1570",234721,128158,"TAD",42264,109,1,10,100,18,12.8,27.9,8.8,9.9,20,2,0,0,0,NA,NA,NA,NA
"1571",234722,128158,"TAD",42264.25,109,1,10,100,21,14.5,35.6,15.4,7.2,5.4,0,0,0,0,NA,NA,NA,NA
"1572",234723,128158,"TAD",42264.5,109,4,10,100,28,15.4,19.4,7.5,6.3,12.6,9,0,0,0,NA,NA,NA,NA
"1573",234724,128158,"TAD",42264.75,109,2,10,100,18,7.4,24.2,13.9,9.6,20,6,0,0,0,NA,NA,NA,NA
"1574",234725,128158,"TAD",42265,109,4,10,100,24,9.9,18.5,8.3,5.8,19.3,9,4.2,0,0,NA,NA,NA,NA
"1575",234726,128158,"TAD",42265.25,109,1,10,100,22,9.5,11.4,3.3,4.3,15.8,12,20.7,0,0,NA,NA,NA,NA
"1576",234727,128158,"TAD",42265.5,109,2,10,100,17,7.5,13.9,8.6,9.6,29.6,12,1,0,0,NA,NA,NA,NA
"1577",234728,128158,"TAD",42265.75,109,3,10,100,26,6,10.3,9.8,11.5,21.6,11,2.9,0,0,NA,NA,NA,NA
"1578",234729,128158,"TAD",42266,109,3,10,100,27,14.8,15.9,4.6,3.2,10.2,15,8.7,0,0,NA,NA,NA,NA
"1579",234730,128158,"TAD",42266.25,109,1,10,100,17,6.3,17.3,5.4,4.5,17.8,22,8.7,0,0,NA,NA,NA,NA
"1580",234731,128158,"TAD",42266.5,109,3,10,100,31,7.6,20.7,9.9,7.4,16.3,6,0.4,0,0,NA,NA,NA,NA
"1581",234732,128158,"TAD",42266.75,109,5,10,100,40,10.2,8,2,1.3,5.9,12,19.8,0,0,NA,NA,NA,NA
"1582",234733,128158,"TAD",42267,109,4,10,100,15,5.7,13.4,7.9,6.6,21.5,11,17.3,0,0,NA,NA,NA,NA
"1583",234734,128158,"TAD",42267.25,109,3,10,100,12,4.8,8.1,5.7,8.3,35.7,24,0.2,0,0,NA,NA,NA,NA
"1584",234735,128158,"TAD",42267.5,109,1,10,100,13,1.9,2.1,0.5,1.4,27.1,53,0,0,0,NA,NA,NA,NA
"1585",234736,128158,"TAD",42267.75,109,1,10,100,25,10.4,11.4,3.3,5.3,30.8,13,0,0,0,NA,NA,NA,NA
"1586",234737,128158,"TAD",42268,109,3,10,100,23,7,10.8,4.5,4,18.6,17,14.7,0,0,NA,NA,NA,NA
"1587",234738,128158,"TAD",42268.25,109,4,10,100,26,19.8,29.5,6,6,11.7,0,0,0,0,NA,NA,NA,NA
"1588",234739,128158,"TAD",42268.5,109,5,10,100,22,9.2,13.5,5.1,4.9,20.4,24,0,0,0,NA,NA,NA,NA
"1589",234740,128158,"TAD",42269,109,4,10,100,28,6,12.5,5.4,7.9,18.7,15,6.2,0,0,NA,NA,NA,NA
"1590",234741,128158,"TAD",42269.25,109,4,10,100,24,10.3,26.4,7.4,4.9,17.6,8,0,0,0,NA,NA,NA,NA
"1591",234742,128158,"TAD",42269.5,109,1,10,100,34,10.5,31.3,10.5,6.8,6.4,0,0,0,0,NA,NA,NA,NA
"1592",234743,128158,"TAD",42269.75,109,1,10,100,26,6.9,36.1,13.8,8.2,8.9,0,0,0,0,NA,NA,NA,NA
"1593",234744,128158,"TAD",42270.25,109,1,10,100,12,3.7,4.8,2.6,4.4,40.3,32,0,0,0,NA,NA,NA,NA
"1594",234745,128158,"TAD",42270.5,109,1,10,100,7,9.5,7.2,3.9,6.7,56.4,8,0,0,0,NA,NA,NA,NA
"1595",234746,128158,"TAD",42271,109,2,10,100,18,12.5,6,1.8,1.8,7.6,21,30.3,0,0,NA,NA,NA,NA
"1596",234747,128158,"TAD",42271.25,110,3,10,100,35,10,19.7,5,3.9,15.6,10,0,0,0,NA,NA,NA,NA
"1597",234748,128158,"TAD",42271.5,110,3,10,100,23,7.1,3.3,0.7,1.1,4.8,21,37.4,0,0,NA,NA,NA,NA
"1598",234749,128158,"TAD",42271.75,110,1,10,100,20,5.6,5.2,1.5,1.7,6.9,19,39.5,0,0,NA,NA,NA,NA
"1599",234750,128158,"TAD",42272,110,2,10,100,33,19.6,15.3,0.7,0.6,1.5,3,26,0,0,NA,NA,NA,NA
"1600",234751,128158,"TAD",42272.25,110,2,10,100,34,16.9,12.4,0.8,0.4,2.8,6,26.3,0,0,NA,NA,NA,NA
"1601",234752,128158,"TAD",42272.5,110,1,10,100,17,12.1,8.5,1.3,1.3,5,11,41.7,0.9,0,NA,NA,NA,NA
"1602",234753,128158,"TAD",42272.75,110,1,10,100,17,12.5,7.4,0.6,0.7,4.7,13,35.6,7.1,0,NA,NA,NA,NA
"1603",234754,128158,"TAD",42273,110,1,10,100,22,11.4,32.8,7.4,5.7,17.7,2,0,0,0,NA,NA,NA,NA
"1604",234755,128158,"TAD",42273.25,110,3,10,100,22,6.5,6.5,3.3,3.5,14.8,34,8.6,0,0,NA,NA,NA,NA
"1605",234756,128158,"TAD",42273.75,110,1,10,100,61,11.9,4.2,1.1,0.8,3.1,5,11.9,0,0,NA,NA,NA,NA
"1606",234757,128158,"TAD",42274,110,1,10,100,18,4.1,5.4,2,2,15.4,38,13.6,0,0,NA,NA,NA,NA
"1607",234758,128158,"TAD",42274.25,110,2,10,100,17,5.9,11.5,3.5,1.3,4.6,15,40.1,0,0,NA,NA,NA,NA
"1608",234759,128158,"TAD",42274.5,110,3,10,100,25,5.4,3.7,0.7,0.9,4.3,8,45.5,5.8,0,NA,NA,NA,NA
"1609",234760,128158,"TAD",42274.75,110,3,10,100,27,17.5,14,1.9,1.4,6.8,13,16.8,0.7,0,NA,NA,NA,NA
"1610",234761,128158,"TAD",42275,110,3,10,100,45,8.7,4.8,0.9,0.9,5,30,3.9,0,0,NA,NA,NA,NA
"1611",234762,128158,"TAD",42275.25,110,1,10,100,18,3,4.1,1.2,1.4,51.2,21,0,0,0,NA,NA,NA,NA
"1612",234763,128158,"TAD",42275.5,110,1,10,100,22,5.3,3.7,1.2,1.6,56.3,9,0,0,0,NA,NA,NA,NA
"1613",234764,128158,"TAD",42275.75,110,3,10,100,16,5.6,3.9,0.7,0.9,17.9,53,0.5,0,0,NA,NA,NA,NA
"1614",234765,128158,"TAD",42276,110,1,10,100,18,2.1,3,0.7,1.2,15.1,57,2.3,0,0,NA,NA,NA,NA
"1615",234766,128158,"TAD",42276.5,110,1,10,100,24,3.6,23.5,15.8,9,22.9,0,0,0,0,NA,NA,NA,NA
"1616",234767,128158,"TAD",42276.75,110,2,10,100,17,5.4,2.8,0.6,0.7,6.1,27,39,0,0,NA,NA,NA,NA
"1617",234768,128158,"TAD",42277.5,110,1,10,100,12,15.7,13.8,4.4,5.1,31,17,0,0,0,NA,NA,NA,NA
"1618",234769,128158,"TAD",42277.75,110,3,10,100,12,4.4,3,1.4,2.1,15.3,58,2.8,0,0,NA,NA,NA,NA
"1619",234770,128158,"TAD",42278.25,110,1,10,100,24,17.6,25.7,8.9,5.8,15.8,1,0,0,0,NA,NA,NA,NA
"1620",234771,128158,"TAD",42278.5,110,1,10,100,23,24.9,25.3,8.2,5.1,13.1,0,0,0,0,NA,NA,NA,NA
"1621",234772,128158,"TAD",42278.75,110,2,10,100,36,16.4,12.8,2,2.2,16.7,13,0.2,0,0,NA,NA,NA,NA
"1622",234773,128158,"TAD",42279.75,111,1,10,100,14,8.8,24.7,7.5,7.8,30.3,6,0,0,0,NA,NA,NA,NA
"1623",234774,128158,"TAD",42280,111,1,10,100,12,14.6,29.1,8.9,7.2,15.8,6,4.6,0,0,NA,NA,NA,NA
"1624",234775,128158,"TAD",42280.25,111,2,10,100,13,3.3,6.5,3.2,5.4,46.4,17,3.7,0,0,NA,NA,NA,NA
"1625",234776,128158,"TAD",42282.5,111,1,10,100,25,4.4,5,2.4,2.2,9,22,29.4,0,0,NA,NA,NA,NA
"1626",234777,128158,"TAD",42283,111,1,10,100,26,1.3,3.3,1.1,1.5,11.9,40,14.8,0,0,NA,NA,NA,NA
"1627",234778,128158,"TAD",42283.25,111,2,10,100,27,4.4,2.9,1.3,1.5,25.1,30,7.4,0,0,NA,NA,NA,NA
"1628",234779,128158,"TAD",42284.5,111,1,10,100,18,4.6,3.5,1.5,1.1,8.7,37,25.3,0,0,NA,NA,NA,NA
"1629",234780,128158,"TAD",42284.75,111,1,10,100,23,5.3,4.9,1.7,1.7,6.7,24,32.7,0,0,NA,NA,NA,NA
"1630",234781,128158,"TAD",42286.5,111,1,10,100,18,3,4.8,4.3,4.6,39.1,25,0,0,0,NA,NA,NA,NA
"1631",234782,128158,"TAD",42286.75,111,1,10,100,22,12.3,7.9,1.8,1.9,10.4,20,22.6,0,0,NA,NA,NA,NA
"1632",234783,128158,"TAD",42287,111,1,10,100,34,8.5,8.8,3.2,2.9,13.6,18,10,0,0,NA,NA,NA,NA
"1633",234784,128158,"TAD",42287.75,111,1,10,100,17,6.8,5.8,1,1.1,6.3,29,32.6,0,0,NA,NA,NA,NA
"1634",234785,128158,"TAD",42288,111,1,10,100,9,5.8,9,3.2,3,12.7,56,0.2,0,0,NA,NA,NA,NA
"1635",234786,128158,"TAD",42288.25,111,1,10,100,38,5,6.7,3.2,3.2,17.8,25,0,0,0,NA,NA,NA,NA
"1636",234787,128158,"TAD",42288.75,112,1,10,100,19,7.4,15.7,8.6,8.5,29.3,11,0.1,0,0,NA,NA,NA,NA
"1637",234788,128158,"TAD",42289.75,112,1,10,100,16,7.8,17.4,11.5,15.3,25.8,5,0,0,0,NA,NA,NA,NA
"1638",234789,128158,"TAD",42290.5,112,2,10,100,17,5.4,8.5,4.8,6.7,20,36,0,0,0,NA,NA,NA,NA
"1639",234790,128158,"TAD",42290.75,112,1,10,100,23,5.8,16.1,10,7.2,15.1,15,6.3,0,0,NA,NA,NA,NA
"1640",234791,128158,"TAD",42291.25,112,1,10,100,12,17.6,49.5,6.5,5.6,8.6,0,0,0,0,NA,NA,NA,NA
"1641",234792,128158,"TAD",42291.75,112,1,10,100,40,25.9,31.6,2,0.2,0,0,0,0,0,NA,NA,NA,NA
"1642",234793,128158,"TAD",42292.25,112,1,10,100,13,7.4,9.2,3,3.5,19,41,2.8,0,0,NA,NA,NA,NA
"1643",234794,128158,"TAD",42294.5,112,1,10,100,16,7.2,7.1,3.1,3.2,26.1,32,3.6,0,0,NA,NA,NA,NA
"1644",234795,128158,"TAD",42294.75,112,1,10,100,16,8.2,17.4,9.3,10.3,26.3,12,0,0,0,NA,NA,NA,NA
"1645",234796,128158,"TAD",42297.25,113,1,10,100,24,4.7,5.8,1.8,1.9,9.2,19,32.6,0,0,NA,NA,NA,NA
"1646",234797,128158,"TAD",42297.5,113,1,10,100,22,2.1,2.8,1.2,1.4,12.1,50,7.9,0,0,NA,NA,NA,NA
"1647",234798,128158,"TAD",42299.5,113,1,10,100,14,7.8,8.9,1.8,2.6,8.3,20,30.3,4.9,0,NA,NA,NA,NA
"1648",234799,128158,"TAD",42301.5,113,1,10,100,16,3.3,3.1,0.7,0.9,7,40,28.1,0,0,NA,NA,NA,NA
"1649",234800,128158,"TAD",42302,113,1,10,100,11,3.2,5.4,3.2,4.3,30.4,39,2.2,0,0,NA,NA,NA,NA
"1650",234801,128158,"TAD",42304,113,1,10,100,24,5.4,3.7,1.1,1.9,13.7,39,9.8,0.2,0,NA,NA,NA,NA
"1651",234802,128158,"TAD",42304.25,113,1,10,100,26,5,2.8,0.9,0.9,5.6,22,36.4,0,0,NA,NA,NA,NA
"1652",234803,128158,"TAD",42305.5,114,1,10,100,23,4.7,4,2.4,1.9,9.3,18,35,0.1,0,NA,NA,NA,NA
"1653",234804,128158,"TAD",42307.25,114,1,10,100,24,2.3,1.4,0.5,0.5,1.9,3,12.3,53.2,0,NA,NA,NA,NA
"1654",234805,128158,"TAD",42308.25,114,2,10,100,21,4.9,2.8,0.9,0.7,2.6,3,12.5,50.8,0,NA,NA,NA,NA
"1655",234806,128158,"TAD",42309,114,1,10,100,26,6.1,5.6,2.8,1.3,3,3,10.2,39.9,0.6,NA,NA,NA,NA
"1656",234807,128158,"TAD",42309.25,114,1,10,100,22,5,1.4,0.7,0.6,1.2,2,8.6,28.7,28.7,NA,NA,NA,NA
"1657",234808,128158,"TAD",42309.5,114,1,10,100,31,7.4,7.9,2.6,1.5,1.8,2,6.5,11.9,26.9,NA,NA,NA,NA
"1658",234809,128158,"TAD",42310.25,114,1,10,100,20,1.8,1.3,1.1,0.8,1.5,2,7.4,32.4,30.6,NA,NA,NA,NA
"1659",234810,128158,"TAD",42313.75,114,1,10,100,27,5.4,5.1,2.5,0.7,1.4,2,8.2,23.2,23.6,NA,NA,NA,NA
"1660",234811,128158,"TAD",42315.5,115,1,10,100,32,6.1,10.6,5.4,3.1,1.4,1,5,17.5,16.3,NA,NA,NA,NA
"1661",234812,128158,"TAD",42316,115,1,10,100,27,1.1,0.7,0.2,0.4,2,3,17.8,45.4,2,NA,NA,NA,NA
"1662",234813,128158,"TAD",42316.75,115,1,10,100,32,5.4,7.8,1.1,0.6,2.1,3,9.4,19,18.3,NA,NA,NA,NA
"1663",234814,128158,"TAD",42318.75,115,1,10,100,29,10.7,6.3,0.7,0.1,0.8,2,8.8,28.5,12.2,NA,NA,NA,NA
"1664",234815,128158,"TAD",42319.75,115,2,10,100,27,7.4,6.2,5.8,3.5,13.2,3,6.1,24.3,2.8,NA,NA,NA,NA
"1665",234816,128158,"TAD",42320.25,115,2,10,100,20,5.1,1.4,1.4,0.5,2.8,3,9.4,55.8,0.2,NA,NA,NA,NA
"1666",234817,128158,"TAD",42321,115,1,10,100,27,2.4,0.9,0.6,0.6,1.7,3,18.5,42.8,1.7,NA,NA,NA,NA
"1667",234818,128158,"TAD",42322.5,115,1,10,100,33,9.6,9.9,6,3.9,3.2,3,5.1,25.3,0,NA,NA,NA,NA
"1668",234819,128158,"TAD",42323,116,1,10,100,26,2.8,0.9,0.5,0.2,1.4,3,9,53.7,1.2,NA,NA,NA,NA
"1669",234820,128158,"TAD",42325,116,1,10,100,23,4.3,4.5,4.6,4.3,7,3,12.9,35.3,0.4,NA,NA,NA,NA
"1670",234821,128158,"TAD",42325.5,116,1,10,100,31,14.3,18.9,5.5,3.1,3.7,1,2.8,9.4,9.4,NA,NA,NA,NA
"1671",234822,128158,"TAD",42325.75,116,1,10,100,30,6.3,5,1.9,1.4,3.3,5,16.1,30,0.4,NA,NA,NA,NA
"1672",234823,128158,"TAD",42326.5,116,1,10,100,39,18.7,13.9,1.9,0.2,0.6,0,2.6,13.2,8.5,NA,NA,NA,NA
"1673",234824,128158,"TAD",42327.25,116,1,10,100,21,3.7,2.4,1.7,1.5,10,6,7.6,38.8,6.7,NA,NA,NA,NA
"1674",234825,128158,"TAD",42328.5,116,2,10,100,25,4.2,3.8,2.2,2.4,13.8,17,11.8,8.5,9.9,NA,NA,NA,NA
"1675",234826,128158,"TAD",42330.5,116,1,10,100,33,5.7,4.3,6.7,5.7,10.1,5,7.8,11.1,10,NA,NA,NA,NA
"1676",234827,128158,"TAD",42331.25,117,2,10,100,28,1.4,0.6,0.1,0.4,1.1,2,7.1,30.3,28.2,NA,NA,NA,NA
"1677",234828,128158,"TAD",42332.25,117,1,10,100,30,2.6,0.6,0.6,0.1,1.4,3,8.3,24.7,28.3,NA,NA,NA,NA
"1678",234829,128158,"TAD",42333.25,117,1,10,100,29,2,0.7,0.4,0.2,1.1,2,6.7,15.7,41.5,NA,NA,NA,NA
"1679",234830,128158,"TAD",42334,117,1,10,100,24,1.4,0.2,0.5,0.5,0.9,1,5.5,11.5,53.7,NA,NA,NA,NA
"1680",234831,128158,"TAD",42335.75,117,1,10,100,29,2.1,1.7,0.8,0.6,1.7,2,7.2,19.1,34.9,NA,NA,NA,NA
"1681",234832,128158,"TAD",42337.75,117,2,10,100,28,3.5,0.8,0.1,0.4,1.1,3,7.6,26.2,28.7,NA,NA,NA,NA
"1682",234833,128158,"TAD",42339.75,118,1,10,100,29,1.9,1.1,0.4,0.4,1,2,8.2,29.7,25.2,NA,NA,NA,NA
"1683",234834,128158,"TAD",42340,118,1,10,100,26,1,0.8,0.8,0.4,2.4,5,11,32.7,18.8,NA,NA,NA,NA
"1684",234835,128158,"TAD",42341.5,118,1,10,100,25,11.1,8.3,1.8,2.6,5.7,1,3.9,6.1,33.2,NA,NA,NA,NA
"1685",234836,128158,"TAD",42342.25,118,1,10,100,24,3.9,0.4,0.3,0.1,0.8,2,6.5,29.3,31.8,NA,NA,NA,NA
"1686",234837,128158,"TAD",42342.75,118,1,10,100,25,2.8,0.6,0.6,0.4,1.1,2,8.6,22,36.5,NA,NA,NA,NA
"1687",235940,128160,"TAD",42194.70833,201,31,9,100,84,10,3.7,0.7,0.4,0.4,0,0,0,NA,NA,NA,NA,NA
"1688",235941,128160,"TAD",42195,201,13,9,100,74,16.2,3.9,1,0.6,2.3,1,0,0,NA,NA,NA,NA,NA
"1689",235942,128160,"TAD",42195.25,201,5,9,100,55,12,11.8,4.2,3.5,10.9,2,0,0,NA,NA,NA,NA,NA
"1690",235943,128160,"TAD",42195.5,201,5,9,100,41,5.4,5.7,7.4,17,22.6,0,0,0,NA,NA,NA,NA,NA
"1691",235944,128160,"TAD",42195.75,201,10,9,100,71,10.7,3.6,1.3,0.7,10.1,2,0,0,NA,NA,NA,NA,NA
"1692",235945,128160,"TAD",42196,201,5,9,100,72,9.1,4.2,0.6,0.6,3.2,9,0,0,NA,NA,NA,NA,NA
"1693",235946,128160,"TAD",42196.25,201,1,9,100,70,11.7,4.2,1.7,0.8,2.2,9,0,0,NA,NA,NA,NA,NA
"1694",235947,128160,"TAD",42196.5,201,4,9,100,58,15.7,10.4,3.7,1.8,5.8,4,0.5,0,NA,NA,NA,NA,NA
"1695",235948,128160,"TAD",42196.75,201,6,9,100,54,15.2,12.5,8.5,2.5,2.1,4,0.2,0,NA,NA,NA,NA,NA
"1696",235949,128160,"TAD",42197,201,1,9,100,68,16.3,6.1,1.1,1.4,1.7,5,0.3,0,NA,NA,NA,NA,NA
"1697",235950,128160,"TAD",42197.25,201,8,9,100,73,9.1,3.9,1,1,10.4,1,0,0,NA,NA,NA,NA,NA
"1698",235951,128160,"TAD",42197.5,201,5,9,100,34,15.7,9.4,1.7,1.2,7.6,18,11.7,0,NA,NA,NA,NA,NA
"1699",235952,128160,"TAD",42197.75,202,4,9,100,49,18.2,5.3,0.9,0.9,9.2,16,0,0,NA,NA,NA,NA,NA
"1700",235953,128160,"TAD",42198,202,4,9,100,47,11.8,3.5,3.2,6.2,24.2,3,0,0,NA,NA,NA,NA,NA
"1701",235954,128160,"TAD",42198.25,202,1,9,100,38,11.2,3.3,4.1,5,25.8,12,0,0,NA,NA,NA,NA,NA
"1702",235955,128160,"TAD",42198.5,202,2,9,100,48,30.3,12,1.4,0.9,6.9,0,0,0,NA,NA,NA,NA,NA
"1703",235956,128160,"TAD",42198.75,202,1,9,100,30,18.3,10.4,1.9,1.8,33.2,4,0,0,NA,NA,NA,NA,NA
"1704",235957,128160,"TAD",42199,202,4,9,100,39,12.4,5.4,1.9,1.7,37.3,2,0,0,NA,NA,NA,NA,NA
"1705",235958,128160,"TAD",42199.25,202,4,9,100,42,14.7,7.6,7.8,6.7,19.5,1,0,0,NA,NA,NA,NA,NA
"1706",235959,128160,"TAD",42199.5,202,1,9,100,45,17,10.6,3.9,2.8,15.4,5,0,0,NA,NA,NA,NA,NA
"1707",235960,128160,"TAD",42199.75,202,4,9,100,65,15,8.1,2.8,1.9,3.6,3,0,0,NA,NA,NA,NA,NA
"1708",235961,128160,"TAD",42200,202,6,9,100,31,8.5,3.5,2.6,2.5,32.6,18,0,0,NA,NA,NA,NA,NA
"1709",235962,128160,"TAD",42200.25,202,5,9,100,28,12.1,7.4,2.5,2.4,28.2,18,0,0,NA,NA,NA,NA,NA
"1710",235963,128160,"TAD",42200.5,202,5,9,100,51,19.3,9.5,2.3,1.2,4.9,11,0,0,NA,NA,NA,NA,NA
"1711",235964,128160,"TAD",42200.75,202,5,9,100,66,13.7,6.4,1.1,0.8,2.5,9,0,0,NA,NA,NA,NA,NA
"1712",235965,128160,"TAD",42201,202,3,9,100,30,11.9,5.2,1.7,0.7,11.5,38,0,0,NA,NA,NA,NA,NA
"1713",235966,128160,"TAD",42201.25,202,3,9,100,29,8.9,5.7,5,4.3,29.3,17,0,0,NA,NA,NA,NA,NA
"1714",235967,128160,"TAD",42201.5,202,3,9,100,47,10.4,3.9,1.6,1.6,13.2,21,0,0,NA,NA,NA,NA,NA
"1715",235968,128160,"TAD",42201.75,202,6,9,100,52,23.3,11.5,4.6,2.8,4.6,0,0,0,NA,NA,NA,NA,NA
"1716",235969,128160,"TAD",42202,203,2,9,100,43,13.4,8,5.6,2.2,22.1,5,0,0,NA,NA,NA,NA,NA
"1717",235970,128160,"TAD",42202.25,203,2,9,100,37,14.1,18,11.3,3.2,3.5,12,0,0,NA,NA,NA,NA,NA
"1718",235971,128160,"TAD",42202.5,203,4,9,100,44,16.7,6.9,3.9,4.5,20.1,3,0,0,NA,NA,NA,NA,NA
"1719",235972,128160,"TAD",42202.75,203,3,9,100,40,19.9,15.4,5.8,2.2,15,1,0,0,NA,NA,NA,NA,NA
"1720",235973,128160,"TAD",42203,203,8,9,100,42,13.5,6.1,1.3,0.9,14.7,20,0,0,NA,NA,NA,NA,NA
"1721",235974,128160,"TAD",42203.25,203,4,9,100,34,10.5,5.8,3.1,3.1,21.1,21,0,0,NA,NA,NA,NA,NA
"1722",235975,128160,"TAD",42203.5,203,3,9,100,39,8.7,6.9,2.4,2,32.7,8,0,0,NA,NA,NA,NA,NA
"1723",235976,128160,"TAD",42203.75,203,4,9,100,47,11.3,7.8,2.6,1.9,29.3,0,0,0,NA,NA,NA,NA,NA
"1724",235977,128160,"TAD",42204,203,4,9,100,44,11.9,6.3,2.2,1.9,31,2,0,0,NA,NA,NA,NA,NA
"1725",235978,128160,"TAD",42204.25,203,6,9,100,37,8,5.8,3.4,4.1,35.4,6,0,0,NA,NA,NA,NA,NA
"1726",235979,128160,"TAD",42204.5,203,6,9,100,38,11.7,6.5,2.2,1.3,27.8,12,0,0,NA,NA,NA,NA,NA
"1727",235980,128160,"TAD",42204.75,203,2,9,100,61,15.1,5.6,2.8,2,10.6,2,0,0,NA,NA,NA,NA,NA
"1728",235981,128160,"TAD",42205,203,2,9,100,42,8,5,1.1,0.9,15.6,27,0,0,NA,NA,NA,NA,NA
"1729",235982,128160,"TAD",42205.25,203,5,9,100,45,12.8,7.4,2.2,1.5,24.8,6,0,0,NA,NA,NA,NA,NA
"1730",235983,128160,"TAD",42205.5,203,5,9,100,28,12.1,7.2,3.1,2.1,17.5,29,0,0,NA,NA,NA,NA,NA
"1731",235984,128160,"TAD",42205.75,203,4,9,100,35,17.9,8.2,2.6,1.3,18.6,16,0,0,NA,NA,NA,NA,NA
"1732",235985,128160,"TAD",42206,203,4,9,100,30,6.9,3,1.3,0.9,10.7,46,0,0,NA,NA,NA,NA,NA
"1733",235986,128160,"TAD",42206.5,204,3,9,100,32,14.1,10.4,2.8,1.4,7.1,31,0,0,NA,NA,NA,NA,NA
"1734",235987,128160,"TAD",42206.75,204,4,9,100,53,9,6.5,9.3,6.5,6.7,8,0,0,NA,NA,NA,NA,NA
"1735",235988,128160,"TAD",42207,204,1,9,100,29,7.1,2.8,1.2,1.8,31.8,26,0,0,NA,NA,NA,NA,NA
"1736",235989,128160,"TAD",42207.25,204,3,9,100,45,5.4,2,1.1,0.9,29.5,15,0,0,NA,NA,NA,NA,NA
"1737",235990,128160,"TAD",42207.5,204,5,9,100,79,10.7,2.3,0.3,0.6,1.6,4,0,0,NA,NA,NA,NA,NA
"1738",235991,128160,"TAD",42207.75,204,3,9,100,45,12.8,3.3,3.7,6.9,27,0,0,0,NA,NA,NA,NA,NA
"1739",235992,128160,"TAD",42208,204,2,9,100,18,7.2,6.7,9.3,16.3,41.9,0,0,0,NA,NA,NA,NA,NA
"1740",235993,128160,"TAD",42208.25,204,3,9,100,59,11.7,5,5.9,5,10.1,2,0,0,NA,NA,NA,NA,NA
"1741",235994,128160,"TAD",42208.5,204,2,9,100,65,16.7,9.7,2.8,1.4,4.2,0,0,0,NA,NA,NA,NA,NA
"1742",235995,128160,"TAD",42208.75,204,4,9,100,42,16.7,11.7,3.9,5.9,17.3,2,0,0,NA,NA,NA,NA,NA
"1743",235996,128160,"TAD",42209,204,5,9,100,29,7.5,8.1,11.4,17.8,21.1,4,0,0,NA,NA,NA,NA,NA
"1744",235997,128160,"TAD",42209.25,204,4,9,100,50,8.4,5.3,5.1,6,22.1,3,0,0,NA,NA,NA,NA,NA
"1745",235998,128160,"TAD",42209.5,204,4,9,100,47,7.4,4.2,1.2,0.9,19.5,19,0,0,NA,NA,NA,NA,NA
"1746",235999,128160,"TAD",42209.75,204,3,9,100,71,17.9,7.8,1,1,1,0,0,0,NA,NA,NA,NA,NA
"1747",236000,128160,"TAD",42210,204,3,9,100,71,16.5,12,0.3,0,0,0,0,0,NA,NA,NA,NA,NA
"1748",236001,128160,"TAD",42210.25,204,2,9,100,85,11.4,1.5,1.1,0.4,0,0,0,0,NA,NA,NA,NA,NA
"1749",236002,128160,"TAD",42210.5,205,2,9,100,83,5.6,7,4.1,0.4,0,0,0,0,NA,NA,NA,NA,NA
"1750",236003,128160,"TAD",42210.75,205,2,9,100,68,16.4,8.9,1.9,1.1,3.1,0,0,0,NA,NA,NA,NA,NA
"1751",236004,128160,"TAD",42211,205,3,9,100,73,15.9,7.5,1.6,0.6,0.6,0,0,0,NA,NA,NA,NA,NA
"1752",236005,128160,"TAD",42211.25,205,2,9,100,35,14.2,12.2,3.1,3.9,20.6,10,0,0,NA,NA,NA,NA,NA
"1753",236006,128160,"TAD",42211.5,205,3,9,100,89,7.1,1.5,1.5,0.4,0,0,0,0,NA,NA,NA,NA,NA
"1754",236007,128160,"TAD",42211.75,205,2,9,100,91,7.8,0.4,0,0,0,0,0,0,NA,NA,NA,NA,NA
"1755",236008,128160,"TAD",42212,205,3,9,100,73,10.4,12,1.3,0.3,2.3,0,0,0,NA,NA,NA,NA,NA
"1756",236009,128160,"TAD",42212.25,205,1,9,100,38,16,14.3,11.5,4.6,11.3,3,0,0,NA,NA,NA,NA,NA
"1757",236010,128160,"TAD",42212.75,205,2,9,100,86,10,3,0.7,0,0,0,0,0,NA,NA,NA,NA,NA
"1758",236011,128160,"TAD",42213,205,3,9,100,79,11,8.1,1,0.3,0.3,0,0,0,NA,NA,NA,NA,NA
"1759",236012,128160,"TAD",42213.25,205,1,9,100,53,10.4,23.8,9.3,2.5,0,0,0,0,NA,NA,NA,NA,NA
"1760",236013,128160,"TAD",42213.5,205,4,9,100,79,9.4,4.2,1,1.6,4.5,0,0,0,NA,NA,NA,NA,NA
"1761",236014,128160,"TAD",42213.75,205,6,9,100,52,17.3,23.1,2.5,1.8,2.5,0,0,0,NA,NA,NA,NA,NA
"1762",236015,128160,"TAD",42214,205,4,9,100,29,16.5,13.6,8.5,9.4,22.6,0,0,0,NA,NA,NA,NA,NA
"1763",236016,128160,"TAD",42214.25,205,3,9,100,48,13,9.7,11.8,8.8,8.3,0,0,0,NA,NA,NA,NA,NA
"1764",236017,128160,"TAD",42214.5,205,5,9,100,36,17.8,17.4,13.7,12.4,1.9,0,0,0,NA,NA,NA,NA,NA
"1765",236018,128160,"TAD",42214.75,206,3,9,100,30,19.2,19.2,15,10.3,5.8,0,0,0,NA,NA,NA,NA,NA
"1766",236019,128160,"TAD",42215,206,1,9,100,26,12.6,14.4,9.8,6.8,18.3,11,0,0,NA,NA,NA,NA,NA
"1767",236020,128160,"TAD",42215.25,206,1,9,100,27,15,15.6,2.6,1.4,31.8,6,0,0,NA,NA,NA,NA,NA
"1768",236021,128160,"TAD",42215.5,206,3,9,100,33,24.3,15.7,3.9,1.9,5.4,15,0,0,NA,NA,NA,NA,NA
"1769",236022,128160,"TAD",42215.75,206,5,9,100,40,21.7,10.2,2.4,1.9,9.5,13,0,0,NA,NA,NA,NA,NA
"1770",236023,128160,"TAD",42216,206,2,9,100,22,9.1,8.2,8.4,6.7,30.6,14,0,0,NA,NA,NA,NA,NA
"1771",236024,128160,"TAD",42216.25,206,2,9,100,41,18,8,3.7,3.7,17.3,8,0,0,NA,NA,NA,NA,NA
"1772",236025,128160,"TAD",42216.5,206,4,9,100,30,15.1,9.4,5.1,3.5,26,10,0,0,NA,NA,NA,NA,NA
"1773",236026,128160,"TAD",42216.75,206,5,9,100,28,15.9,10.6,3.3,4.3,31.8,5,0,0,NA,NA,NA,NA,NA
"1774",236027,128160,"TAD",42217,206,2,9,100,31,14.6,12.9,7.4,6.3,25.7,2,0,0,NA,NA,NA,NA,NA
"1775",236028,128160,"TAD",42217.25,206,6,9,100,22,6.1,5.6,3.2,3.1,25.6,33,0,0,NA,NA,NA,NA,NA
"1776",236029,128160,"TAD",42217.5,206,5,9,100,24,9.9,14,12.2,7.4,19.3,13,0,0,NA,NA,NA,NA,NA
"1777",236030,128160,"TAD",42217.75,206,5,9,100,21,17.4,26.3,10.4,5.6,9.3,9,0,0,NA,NA,NA,NA,NA
"1778",236031,128160,"TAD",42218,206,2,9,100,25,8.6,10.1,13.1,11,28.8,3,0,0,NA,NA,NA,NA,NA
"1779",236032,128160,"TAD",42218.25,206,3,9,100,39,19.7,13.9,5.9,3.2,17.1,0,0,0,NA,NA,NA,NA,NA
"1780",236033,128160,"TAD",42218.5,206,4,9,100,17,7.9,15.8,10.3,7.2,29.8,11,0,0,NA,NA,NA,NA,NA
"1781",236034,128160,"TAD",42218.75,206,5,9,100,14,8.8,13.5,13.8,10.6,31.1,7,0,0,NA,NA,NA,NA,NA
"1782",236035,128160,"TAD",42219,207,3,9,100,33,12.1,10.7,6,2.8,24.7,10,0,0,NA,NA,NA,NA,NA
"1783",236036,128160,"TAD",42219.25,207,3,9,100,31,13.9,11.7,7.4,5.1,16.8,14,0,0,NA,NA,NA,NA,NA
"1784",236037,128160,"TAD",42219.5,207,2,9,100,23,10.8,9,5.3,3.6,31.5,16,0,0,NA,NA,NA,NA,NA
"1785",236038,128160,"TAD",42219.75,207,4,9,100,26,11.7,5.7,3.3,1.7,25.3,26,0,0,NA,NA,NA,NA,NA
"1786",236039,128160,"TAD",42220,207,3,9,100,18,16.5,9.6,3.2,1.5,7.6,43,0,0,NA,NA,NA,NA,NA
"1787",236040,128160,"TAD",42220.25,207,2,9,100,31,26.4,18,4.9,4.6,9.3,5,0,0,NA,NA,NA,NA,NA
"1788",236041,128160,"TAD",42220.5,207,5,9,100,33,12.8,6.7,3.9,1.7,8.9,32,0.1,0,NA,NA,NA,NA,NA
"1789",236042,128160,"TAD",42220.75,207,6,9,100,32,16.7,11.7,5.6,4,22.2,7,0.1,0,NA,NA,NA,NA,NA
"1790",236043,128160,"TAD",42221,207,5,9,100,41,27.9,10.4,1.7,1.1,5.4,8,4.1,0,NA,NA,NA,NA,NA
"1791",236044,128160,"TAD",42221.25,207,6,9,100,47,19.5,13.7,3.7,1.9,5.2,8,0,0,NA,NA,NA,NA,NA
"1792",236045,128160,"TAD",42221.5,207,4,9,100,41,17.2,9.4,10,3.3,6.1,12,0.2,0,NA,NA,NA,NA,NA
"1793",236046,128160,"TAD",42221.75,207,1,9,100,53,16.9,25.3,3.5,0.5,0.5,0,0,0,NA,NA,NA,NA,NA
"1794",236047,128160,"TAD",42222,207,5,9,100,58,19.7,17.1,2.1,1.2,0.9,0,0,0,NA,NA,NA,NA,NA
"1795",236048,128160,"TAD",42222.25,207,4,9,100,36,21.3,14.7,4.6,2.6,5.8,14,0.2,0,NA,NA,NA,NA,NA
"1796",236049,128160,"TAD",42222.5,207,1,9,100,38,11.7,10,2,3.2,7.8,26,0.2,0,NA,NA,NA,NA,NA
"1797",236050,128160,"TAD",42222.75,207,3,9,100,19,13.8,13.5,3.3,2.8,12.9,27,7.1,0,NA,NA,NA,NA,NA
"1798",236051,128160,"TAD",42223,207,2,9,100,25,22.8,14.9,4.9,4.7,25.6,2,0,0,NA,NA,NA,NA,NA
"1799",236052,128160,"TAD",42223.25,208,3,9,100,31,29.4,18.9,5.1,2.1,6.4,6,0,0,NA,NA,NA,NA,NA
"1800",236053,128160,"TAD",42223.5,208,4,9,100,34,29.2,17.2,2.8,1.7,7.1,7,0,0,NA,NA,NA,NA,NA
"1801",236054,128160,"TAD",42223.75,208,2,9,100,33,17.8,8.1,2.5,1.5,8.3,23,5.4,0,NA,NA,NA,NA,NA
"1802",236055,128160,"TAD",42224,208,2,9,100,42,13.7,16.9,5.4,2.4,12.1,7,0.2,0,NA,NA,NA,NA,NA
"1803",236056,128160,"TAD",42224.25,208,2,9,100,50,15.7,16.7,4.2,2.3,3.7,7,0,0,NA,NA,NA,NA,NA
"1804",236057,128160,"TAD",42224.5,208,3,9,100,59,19.7,18.9,1.1,0.3,0.3,0,0,0,NA,NA,NA,NA,NA
"1805",236058,128160,"TAD",42224.75,208,4,9,100,25,10.3,14.3,9.6,6.8,18.2,13,1.9,0,NA,NA,NA,NA,NA
"1806",236059,128160,"TAD",42225,208,7,9,100,45,16.7,17.6,5.6,2.6,8.9,3,0,0,NA,NA,NA,NA,NA
"1807",236060,128160,"TAD",42225.25,208,7,9,100,44,16.1,13.1,6.1,3.3,10,6,0,0,NA,NA,NA,NA,NA
"1808",236061,128160,"TAD",42225.5,208,1,9,100,26,25.4,23.6,11.4,6.5,6.4,0,0,0,NA,NA,NA,NA,NA
"1809",236062,128160,"TAD",42225.75,208,1,9,100,28,28.9,28.5,7.8,4.2,1.8,0,0,0,NA,NA,NA,NA,NA
"1810",236063,128160,"TAD",42226,208,2,9,100,49,29.6,13.4,2.8,1.4,3,0,0,0,NA,NA,NA,NA,NA
"1811",236064,128160,"TAD",42226.25,208,2,9,100,26,22.5,21.5,9,3.6,5.7,11,0,0,NA,NA,NA,NA,NA
"1812",236065,128160,"TAD",42226.5,208,2,9,100,41,19.3,11.5,5.4,3.9,8,10,0,0,NA,NA,NA,NA,NA
"1813",236066,128160,"TAD",42226.75,208,3,9,100,29,22.5,20.7,6.7,4.6,13.5,2,0,0,NA,NA,NA,NA,NA
"1814",236067,128160,"TAD",42227,208,2,9,100,52,19.7,9.3,4.4,3.2,7.9,3,0,0,NA,NA,NA,NA,NA
"1815",236068,128160,"TAD",42227.25,208,2,9,100,44,13.9,9.9,3.3,2.2,21.4,5,0,0,NA,NA,NA,NA,NA
"1816",236069,128160,"TAD",42227.5,209,5,9,100,62,20.3,13.3,3.6,0.6,0,0,0,0,NA,NA,NA,NA,NA
"1817",236070,128160,"TAD",42227.75,209,4,9,100,50,21.5,26.1,1.8,0.2,0,0,0,0,NA,NA,NA,NA,NA
"1818",236071,128160,"TAD",42228,209,2,9,100,59,15.8,11.6,2.5,0.8,9.1,0,0,0,NA,NA,NA,NA,NA
"1819",236072,128160,"TAD",42228.25,209,3,9,100,40,16.2,20.3,6.3,2,12.6,1,0,0,NA,NA,NA,NA,NA
"1820",236073,128160,"TAD",42228.5,209,5,9,100,62,15.8,13.9,2.5,3,2.8,0,0,0,NA,NA,NA,NA,NA
"1821",236074,128160,"TAD",42228.75,209,2,9,100,52,14.4,9.3,6.5,8.6,8.8,0,0,0,NA,NA,NA,NA,NA
"1822",236075,128160,"TAD",42229,209,3,9,100,70,12.8,9.2,2.2,0.8,4.2,0,0,0,NA,NA,NA,NA,NA
"1823",236076,128160,"TAD",42229.25,209,5,9,100,50,13.9,7.4,5.6,4.2,12.3,6,0,0,NA,NA,NA,NA,NA
"1824",236077,128160,"TAD",42229.5,209,5,9,100,71,20.4,8.4,0,0,0,0,0,0,NA,NA,NA,NA,NA
"1825",236078,128160,"TAD",42229.75,209,7,9,100,92,7.1,0.4,0,0,0,0,0,0,NA,NA,NA,NA,NA
"1826",236079,128160,"TAD",42230,209,2,9,100,46,20.1,13.4,3.5,2.4,5.9,8,0,0,NA,NA,NA,NA,NA
"1827",236080,128160,"TAD",42230.25,209,1,9,100,64,15.8,10,3.9,1.1,3.1,1,0,0,NA,NA,NA,NA,NA
"1828",236081,128160,"TAD",42230.5,209,3,9,100,57,21.2,18,2.8,0.2,0,0,0,0,NA,NA,NA,NA,NA
"1829",236082,128160,"TAD",42230.75,209,2,9,100,57,12.4,9.2,6,2.8,12,0,0,0,NA,NA,NA,NA,NA
"1830",236083,128160,"TAD",42231,209,3,9,100,28,18.3,19.9,10.3,7.1,15.4,0,0,0,NA,NA,NA,NA,NA
"1831",236084,128160,"TAD",42231.25,209,4,9,100,25,28.3,33.9,8.6,1.7,2.1,0,0,0,NA,NA,NA,NA,NA
"1832",236085,128160,"TAD",42231.5,209,6,9,100,30,25.9,26.1,8.1,5,4.6,0,0,0,NA,NA,NA,NA,NA
"1833",236086,128160,"TAD",42231.75,210,2,9,100,41,14.7,8.5,6.3,18.2,8.9,1,0,0,NA,NA,NA,NA,NA
"1834",236087,128160,"TAD",42232,210,3,9,100,35,14.5,16.3,12.2,6.4,14.2,1,0,0,NA,NA,NA,NA,NA
"1835",236088,128160,"TAD",42232.25,210,5,9,100,36,14.7,19.9,7.6,5.9,15.6,0,0,0,NA,NA,NA,NA,NA
"1836",236089,128160,"TAD",42232.75,210,1,9,100,71,13.1,4.7,0.8,0.6,9.7,0,0,0,NA,NA,NA,NA,NA
"1837",236090,128160,"TAD",42233,210,2,9,100,43,21.5,18.1,8,3.9,5.2,0,0,0,NA,NA,NA,NA,NA
"1838",236091,128160,"TAD",42233.25,210,4,9,100,47,17.6,16.4,5.3,3.2,9,0,0,0,NA,NA,NA,NA,NA
"1839",236092,128160,"TAD",42233.5,210,1,9,100,19,10.4,10.7,6.4,4.4,13.8,25,9.6,0,NA,NA,NA,NA,NA
"1840",236093,128160,"TAD",42233.75,210,5,9,100,49,14.3,12,3.5,1.2,3.2,14,1.6,0,NA,NA,NA,NA,NA
"1841",236094,128160,"TAD",42234,210,8,9,100,51,21.5,14.1,3.2,2.1,4.4,3,0.2,0,NA,NA,NA,NA,NA
"1842",236095,128160,"TAD",42234.25,210,2,9,100,18,9.5,15.8,12.2,6.7,19.9,17,0,0,NA,NA,NA,NA,NA
"1843",236096,128160,"TAD",42234.5,210,8,9,100,48,9.3,8.3,4.2,4.4,11.8,13,0,0,NA,NA,NA,NA,NA
"1844",236097,128160,"TAD",42234.75,210,6,9,100,45,21.9,13.2,1.5,0.9,9.1,8,0.2,0,NA,NA,NA,NA,NA
"1845",236098,128160,"TAD",42235.25,210,2,9,100,31,13.5,19.5,8.1,3.6,17.5,6,0,0,NA,NA,NA,NA,NA
"1846",236099,128160,"TAD",42235.5,210,5,9,100,73,21.3,3.2,0.3,0.3,0.6,0,0,0,NA,NA,NA,NA,NA
"1847",236100,128160,"TAD",42235.75,210,3,9,100,46,10.4,14.7,5.9,3.7,8.6,10,0,0,NA,NA,NA,NA,NA
"1848",236101,128160,"TAD",42236,211,3,9,100,38,16.3,17.6,6.7,4.1,9.1,8,0,0,NA,NA,NA,NA,NA
"1849",236102,128160,"TAD",42236.25,211,2,9,100,33,17.1,17.5,6.5,4.6,15.4,5,0.3,0,NA,NA,NA,NA,NA
"1850",236103,128160,"TAD",42236.5,211,2,9,100,81,11.7,3.9,0.3,0.3,1.3,0,0,0,NA,NA,NA,NA,NA
"1851",236104,128160,"TAD",42236.75,211,3,9,100,58,9.7,13.9,5.8,1.4,4.8,5,0.7,0,NA,NA,NA,NA,NA
"1852",236105,128160,"TAD",42237.25,211,5,9,100,20,11.5,9.4,11.2,16.6,22.4,8,0,0,NA,NA,NA,NA,NA
"1853",236106,128160,"TAD",42237.5,211,5,9,100,41,9.6,15.8,4.8,3.7,22.8,1,0,0,NA,NA,NA,NA,NA
"1854",236107,128160,"TAD",42237.75,211,4,9,100,22,10.1,12.1,11.7,2.9,14,26,0,0,NA,NA,NA,NA,NA
"1855",236108,128160,"TAD",42238,211,4,9,100,24,12.2,13.4,9.9,13.8,26.6,0,0,0,NA,NA,NA,NA,NA
"1856",236109,128160,"TAD",42238.25,211,2,9,100,25,11.8,15.4,8.7,4.4,18.6,15,0,0,NA,NA,NA,NA,NA
"1857",236110,128160,"TAD",42238.5,211,3,9,100,32,10.7,6.8,5.1,4.4,14.6,22,3.5,0,NA,NA,NA,NA,NA
"1858",236111,128160,"TAD",42238.75,211,1,9,100,30,20.9,28.8,5.4,2.1,4.3,6,1.2,0,NA,NA,NA,NA,NA
"1859",236112,128160,"TAD",42239,211,5,9,100,30,23.6,18.1,5.6,2.1,14.9,5,0,0,NA,NA,NA,NA,NA
"1860",236113,128160,"TAD",42239.25,211,4,9,100,35,20.4,24,12.1,4.9,3.5,0,0,0,NA,NA,NA,NA,NA
"1861",236114,128160,"TAD",42239.5,211,3,9,100,28,19.1,36,12.2,2,1.7,0,0,0,NA,NA,NA,NA,NA
"1862",236115,128160,"TAD",42239.75,211,2,9,100,51,27.8,20,0.9,0.2,0,0,0,0,NA,NA,NA,NA,NA
"1863",236116,128160,"TAD",42240,211,3,9,100,26,23,39.3,7.2,2.2,1.7,0,0,0,NA,NA,NA,NA,NA
"1864",236117,128160,"TAD",42240.25,212,3,9,100,22,15.9,30.2,15.5,5.2,7.8,3,0,0,NA,NA,NA,NA,NA
"1865",236118,128160,"TAD",42240.5,212,1,9,100,33,12.7,12.2,5.1,2.2,19.3,14,0.6,0,NA,NA,NA,NA,NA
"1866",236119,128160,"TAD",42240.75,212,8,9,100,14,11.8,10,7.1,4.6,18.3,33,0,0,NA,NA,NA,NA,NA
"1867",236120,128160,"TAD",42241,212,2,9,100,56,12.7,6.5,2.3,2.3,7.2,11,0.9,0,NA,NA,NA,NA,NA
"1868",236121,128160,"TAD",42241.25,212,3,9,100,23,10.9,21.6,13.5,8.3,16.1,6,0,0,NA,NA,NA,NA,NA
"1869",236122,128160,"TAD",42241.5,212,5,9,100,28,16.4,11.4,3.1,1.8,5.3,33,0,0,NA,NA,NA,NA,NA
"1870",236123,128160,"TAD",42241.75,212,3,9,100,34,18.3,9.9,5.6,3.5,10.6,11,5.8,0,NA,NA,NA,NA,NA
"1871",236124,128160,"TAD",42242,212,6,9,100,27,15.1,17.1,9.4,6.1,15.1,9,0,0,NA,NA,NA,NA,NA
"1872",236125,128160,"TAD",42242.5,212,4,9,100,54,17.1,7.2,2.1,1.6,4.2,13,0,0,NA,NA,NA,NA,NA
"1873",236126,128160,"TAD",42242.75,212,3,9,100,74,17.7,5.8,0.3,0.3,0.3,0,0.3,0,NA,NA,NA,NA,NA
"1874",236127,128160,"TAD",42243,212,7,9,100,46,15.6,16.9,5,1.9,9.1,3,1.1,0,NA,NA,NA,NA,NA
"1875",236128,128160,"TAD",42243.25,212,7,9,100,19,11.9,14.3,9.6,4.4,26.4,13,0,0,NA,NA,NA,NA,NA
"1876",236129,128160,"TAD",42243.5,212,3,9,100,49,12.7,11.8,4.6,3,14.8,3,0,0,NA,NA,NA,NA,NA
"1877",236130,128160,"TAD",42243.75,212,3,9,100,40,17.2,13.9,6.3,2.8,11.5,7,0,0,NA,NA,NA,NA,NA
"1878",236131,128160,"TAD",42244,212,4,9,100,47,16.9,16.5,5.4,2,9.3,2,0,0,NA,NA,NA,NA,NA
"1879",236132,128160,"TAD",42244.25,212,5,9,100,58,11.1,11.6,6.3,2.1,4.6,6,0,0,NA,NA,NA,NA,NA
"1880",236133,128160,"TAD",42244.5,213,6,9,100,40,19.9,14.1,4.6,1.7,4.5,10,4.3,0,NA,NA,NA,NA,NA
"1881",236134,128160,"TAD",42244.75,213,6,9,100,48,17.1,11.8,13.2,8.8,0.9,0,0,0,NA,NA,NA,NA,NA
"1882",236135,128160,"TAD",42245,213,2,9,100,34,21.6,30.6,9.3,2.5,1.5,0,0,0,NA,NA,NA,NA,NA
"1883",236136,128160,"TAD",42245.25,213,1,9,100,42,15.7,18,6.1,2.4,5.2,10,0,0,NA,NA,NA,NA,NA
"1884",236137,128160,"TAD",42245.5,213,4,9,100,32,19.3,19.6,5.8,2.9,7.4,11,0.8,0,NA,NA,NA,NA,NA
"1885",236138,128160,"TAD",42245.75,213,2,9,100,27,11.7,20.4,9.6,6.7,21.4,3,0,0,NA,NA,NA,NA,NA
"1886",236139,128160,"TAD",42246,213,6,9,100,15,8.9,42.7,12.8,6.3,13.9,0,0,0,NA,NA,NA,NA,NA
"1887",236140,128160,"TAD",42246.25,213,6,9,100,24,30.8,29.2,10,4.6,0.6,0,0,0,NA,NA,NA,NA,NA
"1888",236141,128160,"TAD",42246.5,213,2,9,100,28,26.9,34,10.3,0.7,0,0,0,0,NA,NA,NA,NA,NA
"1889",236142,128160,"TAD",42246.75,213,3,9,100,29,18.1,15.7,10,4.4,17.5,4,0,0,NA,NA,NA,NA,NA
"1890",236143,128160,"TAD",42247,213,2,9,100,32,14.6,15.5,9.3,4.9,16.2,6,0,0,NA,NA,NA,NA,NA
"1891",236144,128160,"TAD",42247.25,213,3,9,100,17,11.8,13.3,6.8,5.1,34.9,10,0.1,0,NA,NA,NA,NA,NA
"1892",236145,128160,"TAD",42247.5,213,3,9,100,24,38,34.9,1.9,0.2,0.4,0,0,0,NA,NA,NA,NA,NA
"1893",236146,128160,"TAD",42247.75,213,2,9,100,29,16.7,20.7,7.5,3.3,12.9,9,0,0,NA,NA,NA,NA,NA
"1894",236147,128160,"TAD",42248,213,4,9,100,28,16.9,19.9,7.1,4.9,11.3,11,0,0,NA,NA,NA,NA,NA
"1895",236148,128160,"TAD",42248.25,213,4,9,100,25,12.1,12.9,6.2,5.7,16.9,20,0,0,NA,NA,NA,NA,NA
"1896",236149,128160,"TAD",42248.5,213,4,9,100,32,11.4,7.5,6.4,3.6,8.6,30,0,0,NA,NA,NA,NA,NA
"1897",236150,128160,"TAD",42248.75,214,3,9,100,40,19.7,11.3,5.9,4.1,17.8,0,0,0,NA,NA,NA,NA,NA
"1898",236151,128160,"TAD",42249,214,2,9,100,19,14,15,9,5.5,25.9,11,0,0,NA,NA,NA,NA,NA
"1899",236152,128160,"TAD",42249.25,214,3,9,100,25,18.2,16.8,6.9,4.9,18.8,8,0,0,NA,NA,NA,NA,NA
"1900",236153,128160,"TAD",42249.5,214,2,9,100,23,23.6,20.4,11.6,6.2,8.2,7,0,0,NA,NA,NA,NA,NA
"1901",236154,128160,"TAD",42249.75,214,3,9,100,49,22.7,18.3,6,2.1,1.6,0,0,0,NA,NA,NA,NA,NA
"1902",236155,128160,"TAD",42250,214,5,9,100,44,12.8,13.2,6.5,3.3,16.9,2,0,0,NA,NA,NA,NA,NA
"1903",236156,128160,"TAD",42250.25,214,3,9,100,35,7.8,8.8,6.1,5.6,19.9,16,0,0,NA,NA,NA,NA,NA
"1904",236157,128160,"TAD",42250.5,214,3,9,100,44,12.8,13.8,9.3,5.2,5.8,8,0,0,NA,NA,NA,NA,NA
"1905",236158,128160,"TAD",42250.75,214,3,9,100,24,14.2,26.5,10.7,14,10.4,0,0,0,NA,NA,NA,NA,NA
"1906",236159,128160,"TAD",42251,214,2,9,100,28,14.9,17.1,11.8,5.8,13.2,8,0,0,NA,NA,NA,NA,NA
"1907",236160,128160,"TAD",42251.5,214,3,9,100,55,9.5,1.9,0.7,0.9,2.8,11,16.9,0,NA,NA,NA,NA,NA
"1908",236161,128160,"TAD",42251.75,214,4,9,100,21,5.6,11,9.7,5.7,31.7,15,0,0,NA,NA,NA,NA,NA
"1909",236162,128160,"TAD",42252,214,5,9,100,29,8.8,10,6.5,4.2,18.1,22,1.1,0,NA,NA,NA,NA,NA
"1910",236163,128160,"TAD",42252.25,214,2,9,100,24,12.9,16.1,9.4,5,13.8,18,0.1,0,NA,NA,NA,NA,NA
"1911",236164,128160,"TAD",42252.5,214,4,9,100,25,19.1,16.9,8.6,4.6,9.2,10,5.1,0,NA,NA,NA,NA,NA
"1912",236165,128160,"TAD",42252.75,214,3,9,100,15,14,20.3,10.4,7.7,18.1,8,5.3,0,NA,NA,NA,NA,NA
"1913",236166,128160,"TAD",42253,215,2,9,100,19,16.3,15.6,7.6,3.6,13.6,23,0,0,NA,NA,NA,NA,NA
"1914",236167,128160,"TAD",42253.25,215,3,9,100,18,10.1,12.9,6.5,3.6,19.4,28,0.1,0,NA,NA,NA,NA,NA
"1915",236168,128160,"TAD",42253.5,215,4,9,100,31,13.5,12.1,5.1,2.9,16.7,16,1.1,0,NA,NA,NA,NA,NA
"1916",236169,128160,"TAD",42253.75,215,4,9,100,19,9.8,10.4,6.8,4.4,14.6,30,3.6,0,NA,NA,NA,NA,NA
"1917",236170,128160,"TAD",42254,215,3,9,100,14,9.9,17.8,16.4,10.1,21.5,10,0,0,NA,NA,NA,NA,NA
"1918",236171,128160,"TAD",42254.25,215,2,9,100,23,15,21.9,10.7,5.5,15.8,7,0,0,NA,NA,NA,NA,NA
"1919",236172,128160,"TAD",42254.5,215,1,9,100,23,10.8,6.8,2.8,2.6,33.9,18,0.4,0,NA,NA,NA,NA,NA
"1920",236173,128160,"TAD",42254.75,215,3,9,100,19,12.6,24.7,11.3,3.9,15,13,0,0,NA,NA,NA,NA,NA
"1921",236174,128160,"TAD",42255,215,3,9,100,19,16,18.4,6.9,3.9,23.9,11,0,0,NA,NA,NA,NA,NA
"1922",236175,128160,"TAD",42255.25,215,1,9,100,25,18.4,13.4,7,3.5,12.4,19,0.4,0,NA,NA,NA,NA,NA
"1923",236176,128160,"TAD",42255.5,215,3,9,100,17,15.3,14.2,3.1,1.7,5.2,42,0.2,0,NA,NA,NA,NA,NA
"1924",236177,128160,"TAD",42255.75,215,2,9,100,28,19,16.4,4.3,2.4,6.1,23,0,0,NA,NA,NA,NA,NA
"1925",236178,128160,"TAD",42256.25,215,5,9,100,19,14.1,20.1,10.1,6.2,15.7,14,0,0,NA,NA,NA,NA,NA
"1926",236179,128160,"TAD",42256.75,215,6,9,100,21,13.6,16,9.1,4.5,12.2,22,0.8,0,NA,NA,NA,NA,NA
"1927",236180,128160,"TAD",42257,215,1,9,100,17,9.6,7.8,6.9,5.4,17.1,35,0.4,0,NA,NA,NA,NA,NA
"1928",236181,128160,"TAD",42257.25,216,2,9,100,17,11.5,11.9,7.2,4.2,15.7,25,6.7,0,NA,NA,NA,NA,NA
"1929",236182,128160,"TAD",42257.5,216,3,9,100,21,9.3,6.8,3.9,2.4,6.3,19,30.5,0,NA,NA,NA,NA,NA
"1930",236183,128160,"TAD",42257.75,216,3,9,100,32,12.4,7.6,4,2.8,8.6,21,10.7,0,NA,NA,NA,NA,NA
"1931",236184,128160,"TAD",42258,216,1,9,100,29,18.5,13.9,5.8,2.8,12.9,15,1,0,NA,NA,NA,NA,NA
"1932",236185,128160,"TAD",42258.25,216,7,9,100,16,8.9,8.5,5.8,2.8,8.9,42,6.1,0,NA,NA,NA,NA,NA
"1933",236186,128160,"TAD",42258.5,216,2,9,100,23,9.6,5.1,2.5,1.1,5.4,27,25,0,NA,NA,NA,NA,NA
"1934",236187,128160,"TAD",42258.75,216,2,9,100,27,16.3,8.8,4.4,3.2,13.2,16,9.7,0,NA,NA,NA,NA,NA
"1935",236188,128160,"TAD",42259,216,1,9,100,23,10.2,15.6,13.2,8.2,16.2,13,0,0,NA,NA,NA,NA,NA
"1936",236189,128160,"TAD",42259.25,216,3,9,100,21,14.2,19.4,8.1,2.8,7.2,26,0.3,0,NA,NA,NA,NA,NA
"1937",236190,128160,"TAD",42259.5,216,3,9,100,21,16.8,10.7,8.2,3.8,12.2,26,0.3,0,NA,NA,NA,NA,NA
"1938",236191,128160,"TAD",42259.75,216,3,9,100,37,9.1,7.6,6.3,3.5,12.5,19,3.2,0,NA,NA,NA,NA,NA
"1939",236192,128160,"TAD",42260,216,2,9,100,28,14.1,17.3,10.1,3.9,13.2,12,0,0,NA,NA,NA,NA,NA
"1940",236193,128160,"TAD",42260.25,216,1,9,100,18,8,15.1,16,8.1,14.9,19,0,0,NA,NA,NA,NA,NA
"1941",236194,128160,"TAD",42260.5,216,3,9,100,20,10.8,19.3,9.8,4.4,12.9,22,0,0,NA,NA,NA,NA,NA
"1942",236195,128160,"TAD",42260.75,216,3,9,100,19,8.6,7.2,7.8,3.7,9.5,35,7.8,0,NA,NA,NA,NA,NA
"1943",236196,128160,"TAD",42261,216,1,9,100,13,8.6,14.2,10.1,9.2,24.7,19,0.1,0,NA,NA,NA,NA,NA
"1944",236197,128160,"TAD",42261.25,216,3,9,100,17,6.1,6.7,5,4.6,22.5,24,13.3,0,NA,NA,NA,NA,NA
"1945",236198,128160,"TAD",42261.5,217,5,9,100,22,8.9,14,7.9,4,23.1,19,0,0,NA,NA,NA,NA,NA
"1946",236199,128160,"TAD",42261.75,217,2,9,100,13,7.6,5.8,8.1,7.9,47.5,10,0,0,NA,NA,NA,NA,NA
"1947",236200,128160,"TAD",42262.25,217,2,9,100,42,13,7.4,4.6,3.5,8.5,11,8.7,0,NA,NA,NA,NA,NA
"1948",236201,128160,"TAD",42262.75,217,2,9,100,48,11.1,3.9,1.9,0.9,3.5,11,18.8,0,NA,NA,NA,NA,NA
"1949",236202,128160,"TAD",42263,217,5,9,100,19,14.9,9.7,7.2,4.2,6.8,20,17,0,NA,NA,NA,NA,NA
"1950",236203,128160,"TAD",42263.25,217,4,9,100,18,7.2,12.4,7.6,4.4,13.3,37,0,0,NA,NA,NA,NA,NA
"1951",236204,128160,"TAD",42263.5,217,2,9,100,18,7.8,10.3,12.3,10.9,22.1,15,3,0,NA,NA,NA,NA,NA
"1952",236205,128160,"TAD",42263.75,217,1,9,100,17,5.3,8.2,17.6,12.8,20.5,18,0,0,NA,NA,NA,NA,NA
"1953",236206,128160,"TAD",42264,217,2,9,100,21,9.3,9.9,6.1,4.3,17.2,26,5.7,0,NA,NA,NA,NA,NA
"1954",236207,128160,"TAD",42264.75,217,4,9,100,22,10,19.3,12.1,5.6,19.2,11,0.1,0,NA,NA,NA,NA,NA
"1955",236208,128160,"TAD",42265,217,3,9,100,16,7.6,7.6,3.5,3,15.6,36,10,0,NA,NA,NA,NA,NA
"1956",236209,128160,"TAD",42265.25,217,2,9,100,23,10.8,9.7,6.4,3.3,12.9,32,0,0,NA,NA,NA,NA,NA
"1957",236210,128160,"TAD",42265.5,217,4,9,100,20,16.5,18.6,6.5,2.8,11.5,23,0.1,0,NA,NA,NA,NA,NA
"1958",236211,128160,"TAD",42265.75,218,3,9,100,24,6.5,4,1.9,1.9,5.7,21,33.2,0,NA,NA,NA,NA,NA
"1959",236212,128160,"TAD",42266,218,3,9,100,35,13.1,12.4,6.5,3.5,10.2,14,4.3,0,NA,NA,NA,NA,NA
"1960",236213,128160,"TAD",42266.25,218,3,9,100,28,10.3,16.5,6.5,3.1,14.8,16,3.9,0,NA,NA,NA,NA,NA
"1961",236214,128160,"TAD",42266.5,218,4,9,100,33,11,7.1,4.5,2.6,10.6,17,14,0,NA,NA,NA,NA,NA
"1962",236215,128160,"TAD",42267,218,1,9,100,31,9.7,15.6,9,7.5,18.2,4,4.2,0,NA,NA,NA,NA,NA
"1963",236216,128160,"TAD",42267.25,218,1,9,100,26,9.4,9.3,6.5,4.4,13.6,17,13.6,0,NA,NA,NA,NA,NA
"1964",236217,128160,"TAD",42267.5,218,4,9,100,20,6.1,10.4,5.2,3,12.8,35,6.7,0,NA,NA,NA,NA,NA
"1965",236218,128160,"TAD",42267.75,218,6,9,100,24,12.9,6.4,3.9,2.5,7.4,20,22.9,0,NA,NA,NA,NA,NA
"1966",236219,128160,"TAD",42268,218,6,9,100,31,9,5.7,2.6,2.1,5.4,12,30.7,0.8,NA,NA,NA,NA,NA
"1967",236220,128160,"TAD",42268.25,218,4,9,100,23,10.2,15.5,9,5.6,18.1,14,3.4,0,NA,NA,NA,NA,NA
"1968",236221,128160,"TAD",42268.5,218,1,9,100,44,9.7,7.2,2.8,1.7,4.5,21,8,0,NA,NA,NA,NA,NA
"1969",236222,128160,"TAD",42268.75,218,3,9,100,59,10.3,3.6,1.9,1.7,4.7,7,10.3,0.3,NA,NA,NA,NA,NA
"1970",236223,128160,"TAD",42269,218,4,9,100,34,12.9,21.3,10.4,3.6,6.9,8,2.2,0,NA,NA,NA,NA,NA
"1971",236224,128160,"TAD",42269.25,218,5,9,100,19,7.5,20.6,7.9,3.9,10.4,29,0,0,NA,NA,NA,NA,NA
"1972",236225,128160,"TAD",42269.5,218,2,9,100,15,4.2,5.8,5.4,4.7,28,30,6.7,0,NA,NA,NA,NA,NA
"1973",236226,128160,"TAD",42269.75,218,6,9,100,19,6.5,3.2,1.5,1.3,4.1,14,47.1,2.8,NA,NA,NA,NA,NA
"1974",236227,128160,"TAD",42270,219,4,9,100,18,10.6,6.3,2.6,1.9,8.6,24,26.8,0,NA,NA,NA,NA,NA
"1975",236228,128160,"TAD",42270.25,219,1,9,100,30,11.3,7.1,4.6,3.1,6.8,26,10.6,0,NA,NA,NA,NA,NA
"1976",236229,128160,"TAD",42270.5,219,2,9,100,13,4.5,6.1,3.9,3.9,26,41,0.4,0,NA,NA,NA,NA,NA
"1977",236230,128160,"TAD",42270.75,219,4,9,100,30,17.9,9,4.4,2.5,7.5,16,11.3,0,NA,NA,NA,NA,NA
"1978",236231,128160,"TAD",42271,219,2,9,100,31,16.4,9.3,3.9,1.8,7.4,12,18.1,0,NA,NA,NA,NA,NA
"1979",236232,128160,"TAD",42271.5,219,4,9,100,23,11.8,11.5,9,5.4,7.5,4,26.5,0,NA,NA,NA,NA,NA
"1980",236233,128160,"TAD",42271.75,219,4,9,100,17,10.7,8.4,7.2,5.7,21,22,7.8,0,NA,NA,NA,NA,NA
"1981",236234,128160,"TAD",42272,219,2,9,100,11,6.1,6.1,6,7.9,30.1,31,1.3,0,NA,NA,NA,NA,NA
"1982",236235,128160,"TAD",42272.25,219,3,9,100,20,7.1,8.5,8.1,4.9,22.8,25,3.3,0,NA,NA,NA,NA,NA
"1983",236236,128160,"TAD",42272.5,219,1,9,100,19,7.4,3.9,2,1.7,6.5,22,37.1,0,NA,NA,NA,NA,NA
"1984",236237,128160,"TAD",42272.75,219,2,9,100,26,12.6,11.1,7.4,5,9.2,7,20.4,1,NA,NA,NA,NA,NA
"1985",236238,128160,"TAD",42273,219,3,9,100,26,10.7,16.6,10.3,5.7,14.6,13,1.8,0,NA,NA,NA,NA,NA
"1986",236239,128160,"TAD",42273.25,219,2,9,100,41,11.5,7.2,2.4,1.3,4.8,31,0,0,NA,NA,NA,NA,NA
"1987",236240,128160,"TAD",42274,219,1,9,100,19,13.4,17,8.6,4.7,13.2,13,10.5,0,NA,NA,NA,NA,NA
"1988",236241,128160,"TAD",42274.75,220,3,9,100,38,13.5,7.1,2,1.5,6.3,8,21,2.2,NA,NA,NA,NA,NA
"1989",236242,128160,"TAD",42275.25,220,3,9,100,22,6.3,5.7,3.9,4.6,21.8,29,5.6,0,NA,NA,NA,NA,NA
"1990",236243,128160,"TAD",42275.5,220,3,9,100,16,5.7,11.3,6.8,4.7,21.3,27,6.3,0,NA,NA,NA,NA,NA
"1991",236244,128160,"TAD",42275.75,220,2,9,100,16,6.9,6.3,6.9,11.9,42.1,10,0,0,NA,NA,NA,NA,NA
"1992",236245,128160,"TAD",42276,220,2,9,100,11,5.1,5.6,7.5,6.4,29.9,32,0.7,0,NA,NA,NA,NA,NA
"1993",236246,128160,"TAD",42276.5,220,2,9,100,20,4.2,7.2,4.7,3.2,22.3,33,4.6,0,NA,NA,NA,NA,NA
"1994",236247,128160,"TAD",42276.75,220,1,9,100,27,10.3,5.7,5.3,3.3,12.6,20,14.8,0,NA,NA,NA,NA,NA
"1995",236248,128160,"TAD",42277,220,2,9,100,18,6.7,4.8,2.4,1.7,11.3,41,12.2,0,NA,NA,NA,NA,NA
"1996",236249,128160,"TAD",42277.25,220,1,9,100,14,5.6,4.6,4.1,2.8,15.2,41,11.9,0,NA,NA,NA,NA,NA
"1997",236250,128160,"TAD",42277.75,220,1,9,100,21,13.1,4.4,1.5,1.4,6.3,17,33.1,1,NA,NA,NA,NA,NA
"1998",236251,128160,"TAD",42278,220,1,9,100,21,9.7,17.6,11.4,7.8,24,7,0.4,0,NA,NA,NA,NA,NA
"1999",236252,128160,"TAD",42278.5,221,1,9,100,33,23.3,13.7,4,2.9,9,14,0,0,NA,NA,NA,NA,NA
"2000",236253,128160,"TAD",42278.75,221,2,9,100,33,11,10.6,8.5,8.1,22.6,5,0.1,0,NA,NA,NA,NA,NA
"2001",236254,128160,"TAD",42279,221,3,9,100,28,22.3,9.7,3.2,3.1,8.5,25,0,0,NA,NA,NA,NA,NA
"2002",236255,128160,"TAD",42279.25,221,1,9,100,21,6.5,7.3,6.4,5.7,22.6,22,8.2,0,NA,NA,NA,NA,NA
"2003",236256,128160,"TAD",42279.75,221,1,9,100,24,7.4,12.2,16.5,6.8,15.4,17,0,0,NA,NA,NA,NA,NA
"2004",236257,128160,"TAD",42280.5,221,3,9,100,32,23.6,19.6,4.7,2.6,16.5,0,0,0,NA,NA,NA,NA,NA
"2005",236258,128160,"TAD",42280.75,221,2,9,100,55,29.2,13.9,1.2,0,0,0,0,0,NA,NA,NA,NA,NA
"2006",236259,128160,"TAD",42281.25,221,1,9,100,19,17.8,22.1,7.5,4.5,10.1,17,1.4,0,NA,NA,NA,NA,NA
"2007",236260,128160,"TAD",42281.75,221,2,9,100,25,19.2,28.9,11.1,3.2,6.1,6,0.1,0,NA,NA,NA,NA,NA
"2008",236261,128160,"TAD",42282,221,1,9,100,14,9.6,11.2,6.7,4.7,19.7,31,1.9,0,NA,NA,NA,NA,NA
"2009",236262,128160,"TAD",42282.75,222,2,9,100,23,21.9,22.6,11.8,4.2,6.1,9,0.4,0,NA,NA,NA,NA,NA
"2010",236263,128160,"TAD",42283.75,222,2,9,100,37,14.4,17,12.8,8.7,9.8,0,0,0,NA,NA,NA,NA,NA
"2011",236264,128160,"TAD",42284.5,222,1,9,100,22,13.5,18,11.3,5.3,23.1,6,0,0,NA,NA,NA,NA,NA
"2012",236265,128160,"TAD",42284.75,222,2,9,100,24,13.5,19.3,9.6,4.7,13.2,14,0.4,0,NA,NA,NA,NA,NA
"2013",237369,128161,"TAD",42195.91667,93,44,10,100,92,5.9,1.3,0,0.4,0.4,0,0,0,0,NA,NA,NA,NA
"2014",237370,128161,"TAD",42196,93,12,10,100,64,14.1,14.1,2.8,1.4,2.5,1,0,0,0,NA,NA,NA,NA
"2015",237371,128161,"TAD",42196.25,93,11,10,100,63,19.2,10.6,1.4,0.6,1.9,2,0.8,0,0,NA,NA,NA,NA
"2016",237372,128161,"TAD",42196.5,93,6,10,100,46,27,14.1,3,1.7,5,2,0,0,0,NA,NA,NA,NA
"2017",237373,128161,"TAD",42196.75,93,10,10,100,26,16.1,17.8,3.2,1.7,11.8,23,0,0,0,NA,NA,NA,NA
"2018",237374,128161,"TAD",42197,93,8,10,100,32,13.5,17,5.4,3.8,16.7,11,0,0,0,NA,NA,NA,NA
"2019",237375,128161,"TAD",42197.25,93,5,10,100,49,14.8,10.4,4.4,1.8,10.6,8,0,0,0,NA,NA,NA,NA
"2020",237376,128161,"TAD",42197.5,93,5,10,100,28,6.5,11.7,6.3,7.8,33.6,6,0,0,0,NA,NA,NA,NA
"2021",237377,128161,"TAD",42197.75,93,6,10,100,65,18.4,12.3,0.6,0.3,0.8,2,0.3,0,0,NA,NA,NA,NA
"2022",237378,128161,"TAD",42198,93,5,10,100,37,16.3,21.3,6.5,5.4,10.7,2,0,0,0,NA,NA,NA,NA
"2023",237379,128161,"TAD",42198.25,94,7,10,100,30,27.8,18.5,4,2.2,9.4,6,0.3,0,0,NA,NA,NA,NA
"2024",237380,128161,"TAD",42198.5,94,4,10,100,26,26.8,34.1,3.2,2.1,4.3,2,0,0,0,NA,NA,NA,NA
"2025",237381,128161,"TAD",42198.75,94,1,10,100,36,20.7,23.1,5,2.4,5.7,6,0.2,0,0,NA,NA,NA,NA
"2026",237382,128161,"TAD",42199,94,2,10,100,21,20.7,29,10.4,6.4,6,6,0.1,0,0,NA,NA,NA,NA
"2027",237383,128161,"TAD",42199.25,94,3,10,100,27,22.9,29,8.2,5.3,3.8,3,0,0,0,NA,NA,NA,NA
"2028",237384,128161,"TAD",42199.5,94,6,10,100,22,15.6,22.9,4.8,3.4,5.3,19,5.8,0,0,NA,NA,NA,NA
"2029",237385,128161,"TAD",42199.75,94,6,10,100,37,22.3,23.6,4.1,2.6,10,0,0,0,0,NA,NA,NA,NA
"2030",237386,128161,"TAD",42200,94,3,10,100,43,16.1,11.7,3.2,3.5,20.2,1,0,0,0,NA,NA,NA,NA
"2031",237387,128161,"TAD",42200.25,94,7,10,100,53,16.6,9.5,2.5,2.8,12.2,2,0,0,0,NA,NA,NA,NA
"2032",237388,128161,"TAD",42200.5,94,8,10,100,48,18.5,7.2,1.9,1.9,7.9,13,1.2,0,0,NA,NA,NA,NA
"2033",237389,128161,"TAD",42200.75,94,8,10,100,49,18.4,4.7,0.9,0.9,5.1,18,2.1,0,0,NA,NA,NA,NA
"2034",237390,128161,"TAD",42201,94,2,10,100,33,16.5,7.5,2.5,1.8,7.5,30,0.3,0,0,NA,NA,NA,NA
"2035",237391,128161,"TAD",42201.25,94,4,10,100,45,15.8,11.3,5,5.8,11.7,4,0.6,0,0,NA,NA,NA,NA
"2036",237392,128161,"TAD",42201.5,94,5,10,100,25,15.1,6.7,2.4,2.4,18.2,29,0,0,0,NA,NA,NA,NA
"2037",237393,128161,"TAD",42201.75,94,1,10,100,41,17.4,12.8,6.5,4.6,11.7,5,0,0,0,NA,NA,NA,NA
"2038",237394,128161,"TAD",42202.25,94,4,10,100,36,17.4,20.8,8.9,6.3,9.8,0,0,0,0,NA,NA,NA,NA
"2039",237395,128161,"TAD",42202.5,94,3,10,100,30,10.4,9.4,5.3,4.2,24.4,15,0,0,0,NA,NA,NA,NA
"2040",237396,128161,"TAD",42202.75,94,5,10,100,35,14.1,10,4.4,3.5,29.1,3,0,0,0,NA,NA,NA,NA
"2041",237397,128161,"TAD",42203,94,7,10,100,32,5,5.2,1.9,1.1,11.1,43,0,0,0,NA,NA,NA,NA
"2042",237398,128161,"TAD",42203.25,94,5,10,100,41,11.9,9.1,4.1,1.9,25.2,6,0,0,0,NA,NA,NA,NA
"2043",237399,128161,"TAD",42203.5,94,2,10,100,27,13.3,7.2,2,1.7,12,36,0,0,0,NA,NA,NA,NA
"2044",237400,128161,"TAD",42203.75,94,5,10,100,29,9.7,6.4,2.9,2.2,33.5,15,0,0,0,NA,NA,NA,NA
"2045",237401,128161,"TAD",42204,94,5,10,100,40,9.3,4.3,0.9,0.6,5,39,0,0,0,NA,NA,NA,NA
"2046",237402,128161,"TAD",42204.25,94,6,10,100,34,18.7,9.2,3.9,1.9,11,21,0,0,0,NA,NA,NA,NA
"2047",237403,128161,"TAD",42204.5,94,3,10,100,29,10.4,5.4,2.6,1.9,10.9,39,0,0,0,NA,NA,NA,NA
"2048",237404,128161,"TAD",42204.75,94,5,10,100,37,12.8,10,4.8,2.4,21,11,0,0,0,NA,NA,NA,NA
"2049",237405,128161,"TAD",42205,94,4,10,100,27,9.6,5.6,2.6,2.8,28.5,23,0,0,0,NA,NA,NA,NA
"2050",237406,128161,"TAD",42205.25,94,1,10,100,50,12.7,8.8,3,1.8,4.4,18,0,0,0,NA,NA,NA,NA
"2051",237407,128161,"TAD",42205.5,94,3,10,100,31,11.2,10.1,4.3,2.9,8.4,26,4.4,0,0,NA,NA,NA,NA
"2052",237408,128161,"TAD",42205.75,94,5,10,100,45,12.5,12.1,0.9,1.5,13.8,11,1.5,0,0,NA,NA,NA,NA
"2053",237409,128161,"TAD",42206,94,7,10,100,42,28.4,20.2,1.1,0.7,3.3,3,0,0,0,NA,NA,NA,NA
"2054",237410,128161,"TAD",42206.25,94,5,10,100,29,10.7,10,4.7,3.7,21.1,20,0.1,0,0,NA,NA,NA,NA
"2055",237411,128161,"TAD",42206.5,94,4,10,100,24,22.3,16.1,5.4,4.7,11,9,6.2,0,0,NA,NA,NA,NA
"2056",237412,128161,"TAD",42206.75,94,3,10,100,35,17,14.3,4.1,3,7.4,18,0,0,0,NA,NA,NA,NA
"2057",237413,128161,"TAD",42207,94,2,10,100,35,13,6.3,2.6,1.9,6.1,32,2.2,0,0,NA,NA,NA,NA
"2058",237414,128161,"TAD",42207.25,94,7,10,100,55,6.7,10.4,3.7,2.8,7.4,10,3.9,0,0,NA,NA,NA,NA
"2059",237415,128161,"TAD",42207.5,95,3,10,100,23,7.1,7.8,5.8,6.9,25.7,22,0.3,0,0,NA,NA,NA,NA
"2060",237416,128161,"TAD",42207.75,95,5,10,100,18,8.2,11.2,4.5,7.1,36.6,13,0.4,0,0,NA,NA,NA,NA
"2061",237417,128161,"TAD",42208,95,3,10,100,23,10.3,7.5,2.9,2.5,21,31,0.8,0,0,NA,NA,NA,NA
"2062",237418,128161,"TAD",42208.25,95,3,10,100,37,8.2,6.3,2,2.2,29.5,11,2.2,0,0,NA,NA,NA,NA
"2063",237419,128161,"TAD",42208.5,95,8,10,100,41,22.4,23.9,2.8,3.3,3.2,2,0.7,0,0,NA,NA,NA,NA
"2064",237420,128161,"TAD",42208.75,95,4,10,100,14,7.6,6,3.7,3.6,26.4,25,12.3,0,0,NA,NA,NA,NA
"2065",237421,128161,"TAD",42209,95,5,10,100,34,8.2,5,2,1.7,9.3,38,1.1,0,0,NA,NA,NA,NA
"2066",237422,128161,"TAD",42209.25,95,3,10,100,34,6.5,6.8,2.5,1.7,26.5,21,0.7,0,0,NA,NA,NA,NA
"2067",237423,128161,"TAD",42209.5,95,1,10,100,34,7.1,5.1,2.4,1.9,10.1,18,20.4,0,0,NA,NA,NA,NA
"2068",237424,128161,"TAD",42209.75,95,1,10,100,48,16.9,8.1,2.5,1.6,9.2,13,0.2,0,0,NA,NA,NA,NA
"2069",237425,128161,"TAD",42210,95,5,10,100,45,12.2,7.4,3.5,2.6,10.8,13,3.7,0,0,NA,NA,NA,NA
"2070",237426,128161,"TAD",42210.25,95,5,10,100,46,15.8,8.9,3.3,2,10.4,13,0.2,0,0,NA,NA,NA,NA
"2071",237427,128161,"TAD",42210.5,95,2,10,100,31,9,12.9,4.2,4.9,29.4,8,0,0,0,NA,NA,NA,NA
"2072",237428,128161,"TAD",42210.75,95,4,10,100,59,19.5,10.9,2.2,1.4,5.3,0,0,0,0,NA,NA,NA,NA
"2073",237429,128161,"TAD",42211,95,2,10,100,37,10.6,37.5,9.1,5,0.4,0,0,0,0,NA,NA,NA,NA
"2074",237430,128161,"TAD",42211.25,95,1,10,100,51,15,10.6,10,10.9,2.3,0,0,0,0,NA,NA,NA,NA
"2075",237431,128161,"TAD",42211.5,95,3,10,100,36,12.6,8.2,21,14.3,7.6,0,0,0,0,NA,NA,NA,NA
"2076",237432,128161,"TAD",42211.75,95,3,10,100,29,9.6,16.3,13.1,19.4,12.1,0,0,0,0,NA,NA,NA,NA
"2077",237433,128161,"TAD",42212,95,3,10,100,32,11.4,35.2,6.3,3.5,11,0,0,0,0,NA,NA,NA,NA
"2078",237434,128161,"TAD",42212.25,95,5,10,100,56,8.3,11.3,3.5,1.6,19.2,0,0,0,0,NA,NA,NA,NA
"2079",237435,128161,"TAD",42212.5,95,2,10,100,22,7.8,12.4,17.3,17,23.4,0,0,0,0,NA,NA,NA,NA
"2080",237436,128161,"TAD",42212.75,95,4,10,100,39,22.4,9.8,2.2,2.8,23.6,0,0,0,0,NA,NA,NA,NA
"2081",237437,128161,"TAD",42213,95,6,10,100,34,10,13.2,13.5,15.1,13.9,0,0,0,0,NA,NA,NA,NA
"2082",237438,128161,"TAD",42213.25,95,3,10,100,36,17.1,19.9,12.2,9.6,4.6,0,0,0,0,NA,NA,NA,NA
"2083",237439,128161,"TAD",42213.5,95,1,10,100,49,17.6,24.5,5.1,2.1,1.2,0,0,0,0,NA,NA,NA,NA
"2084",237440,128161,"TAD",42213.75,95,4,10,100,31,9.2,18.6,12.9,15,12.5,0,0,0,0,NA,NA,NA,NA
"2085",237441,128161,"TAD",42214,95,2,10,100,37,12.6,12.2,16.1,15.2,6.1,0,0,0,0,NA,NA,NA,NA
"2086",237442,128161,"TAD",42214.25,95,2,10,100,32,14.5,18.9,5.1,4.2,25,0,0,0,0,NA,NA,NA,NA
"2087",237443,128161,"TAD",42214.5,95,1,10,100,26,15.9,28.4,13.3,7.6,8.6,0,0,0,0,NA,NA,NA,NA
"2088",237444,128161,"TAD",42214.75,95,4,10,100,26,16.4,29.2,6.8,6.1,13.8,1,0,0,0,NA,NA,NA,NA
"2089",237445,128161,"TAD",42215,95,1,10,100,21,13.5,24.9,9.4,8.5,22.6,0,0,0,0,NA,NA,NA,NA
"2090",237446,128161,"TAD",42215.25,95,1,10,100,33,12.2,28.3,15.8,5.7,4.4,0,0,0,0,NA,NA,NA,NA
"2091",237447,128161,"TAD",42215.5,95,3,10,100,70,16.7,10.6,2.5,0.3,0,0,0,0,0,NA,NA,NA,NA
"2092",237448,128161,"TAD",42215.75,95,4,10,100,72,12.6,8.7,2.6,3.2,0.6,0,0,0,0,NA,NA,NA,NA
"2093",237449,128161,"TAD",42216,95,6,10,100,72,11.3,10,5.2,1,0.3,0,0,0,0,NA,NA,NA,NA
"2094",237450,128161,"TAD",42216.25,95,3,10,100,69,13.3,16.9,0.6,0,0,0,0,0,0,NA,NA,NA,NA
"2095",237451,128161,"TAD",42216.5,95,1,10,100,66,14.8,17.8,0.6,0.3,0,0,0,0,0,NA,NA,NA,NA
"2096",237452,128161,"TAD",42216.75,96,4,10,100,53,17.4,23.6,3,1.9,0.7,0,0,0,0,NA,NA,NA,NA
"2097",237453,128161,"TAD",42217.25,96,3,10,100,17,13.6,28.3,11.7,9.7,18.5,0,0,0,0,NA,NA,NA,NA
"2098",237454,128161,"TAD",42217.5,96,3,10,100,16,6,5.1,1.9,2.3,13.7,55,0,0,0,NA,NA,NA,NA
"2099",237455,128161,"TAD",42217.75,96,4,10,100,20,6.4,9.8,5.3,6.1,21.8,30,0,0,0,NA,NA,NA,NA
"2100",237456,128161,"TAD",42218,96,1,10,100,15,10.8,14.2,8.2,5.4,21.4,24,0,0,0,NA,NA,NA,NA
"2101",237457,128161,"TAD",42218.25,96,2,10,100,42,12.1,16,5,4.5,10.8,9,0,0,0,NA,NA,NA,NA
"2102",237458,128161,"TAD",42218.5,96,1,10,100,20,14.3,20.1,5.4,6.2,25.7,7,0,0,0,NA,NA,NA,NA
"2103",237459,128161,"TAD",42218.75,96,2,10,100,30,20.4,21.2,4.9,3.1,12.3,8,0.1,0,0,NA,NA,NA,NA
"2104",237460,128161,"TAD",42219,96,4,10,100,19,8.6,14.3,7.6,6.7,35.7,8,0,0,0,NA,NA,NA,NA
"2105",237461,128161,"TAD",42219.25,96,4,10,100,22,16,25.3,7.2,5.6,17,6,0,0,0,NA,NA,NA,NA
"2106",237462,128161,"TAD",42219.5,96,4,10,100,21,9.9,15,4.8,4.1,20.6,18,5.2,0,0,NA,NA,NA,NA
"2107",237463,128161,"TAD",42219.75,96,7,10,100,43,14.8,11.9,3,2.4,5.4,18,0,0,0,NA,NA,NA,NA
"2108",237464,128161,"TAD",42220.5,96,5,10,100,28,13.5,19.3,3.3,3.5,11.8,17,3.1,0,0,NA,NA,NA,NA
"2109",237465,128161,"TAD",42220.75,96,3,10,100,23,14.2,14.7,6.5,7.5,23.6,9,0.3,0,0,NA,NA,NA,NA
"2110",237466,128161,"TAD",42221.25,96,2,10,100,31,14,13.7,3.1,2.5,9.7,25,0,0,0,NA,NA,NA,NA
"2111",237467,128161,"TAD",42221.5,96,1,10,100,18,8.2,8.4,2.5,2.6,30.2,28,1.5,0,0,NA,NA,NA,NA
"2112",237468,128161,"TAD",42221.75,96,2,10,100,39,16.3,15.4,3.9,3.5,13.9,6,0.9,0,0,NA,NA,NA,NA
"2113",237469,128161,"TAD",42222,96,1,10,100,44,12.4,10,3,3.2,11.1,15,0,0,0,NA,NA,NA,NA
"2114",237470,128161,"TAD",42222.75,96,1,10,100,22,11.7,15.7,4.2,2.6,32.5,10,0,0,0,NA,NA,NA,NA
"2115",237471,128161,"TAD",42223,96,2,10,100,28,16,12.7,2.9,2.2,9.6,27,0,0,0,NA,NA,NA,NA
"2116",237472,128161,"TAD",42223.25,96,2,10,100,38,14.3,17.6,8.7,6.7,11.9,2,0,0,0,NA,NA,NA,NA
"2117",237473,128161,"TAD",42223.75,96,2,10,100,28,16.8,20.1,5.4,2.2,8.1,15,2.9,0,0,NA,NA,NA,NA
"2118",237474,128161,"TAD",42224,96,1,10,100,35,37.6,26.5,0.2,0,0,0,0,0,0,NA,NA,NA,NA
"2119",237475,128161,"TAD",42224.25,96,1,10,100,54,16.4,25.8,3.2,0.2,0,0,0,0,0,NA,NA,NA,NA
"2120",237476,128161,"TAD",42224.5,96,3,10,100,76,15.2,8.1,0.3,0,0,0,0,0,0,NA,NA,NA,NA
"2121",237477,128161,"TAD",42224.75,96,3,10,100,58,29.6,12,0,0,0,0,0,0,0,NA,NA,NA,NA
"2122",237478,128161,"TAD",42225,96,1,10,100,60,8.9,15.3,5,4.4,5.6,0,0,0,0,NA,NA,NA,NA
"2123",237479,128161,"TAD",42225.25,96,1,10,100,58,12.5,6.9,0.9,0.5,3,18,0,0,0,NA,NA,NA,NA
"2124",237480,128161,"TAD",42225.5,96,1,10,100,74,10,12,1,1,1.6,0,0,0,0,NA,NA,NA,NA
"2125",237481,128161,"TAD",42225.75,96,4,10,100,97,2.9,0,0,0,0,0,0,0,0,NA,NA,NA,NA
"2126",237482,128161,"TAD",42226,97,1,10,100,59,4.7,2.5,0.6,0.6,29.4,2,0,0,0,NA,NA,NA,NA
"2127",237483,128161,"TAD",42226.5,97,2,10,100,28,31.3,35.1,2.8,0.8,1.3,0,0,0,0,NA,NA,NA,NA
"2128",237484,128161,"TAD",42226.75,97,2,10,100,34,49.2,16.6,0,0,0,0,0,0,0,NA,NA,NA,NA
"2129",237485,128161,"TAD",42227.25,97,4,10,100,51,25.5,13.7,2.1,0.9,5.1,1,0,0,0,NA,NA,NA,NA
"2130",237486,128161,"TAD",42227.5,97,4,10,100,26,18.8,26,5.7,2.5,16.9,3,0.3,0,0,NA,NA,NA,NA
"2131",237487,128161,"TAD",42227.75,97,3,10,100,60,28.3,11.1,0.3,0,0,0,0,0,0,NA,NA,NA,NA
"2132",237488,128161,"TAD",42228,97,2,10,100,53,16.4,12.2,5.5,3.9,7.2,1,0,0,0,NA,NA,NA,NA
"2133",237489,128161,"TAD",42228.25,97,3,10,100,34,14.7,24.3,3.1,2.4,16.1,5,0,0,0,NA,NA,NA,NA
"2134",237490,128161,"TAD",42228.5,97,5,10,100,40,23,26.1,3.5,1.5,3.3,2,0,0,0,NA,NA,NA,NA
"2135",237491,128161,"TAD",42228.75,97,6,10,100,82,13.9,3.9,0,0,0,0,0,0,0,NA,NA,NA,NA
"2136",237492,128161,"TAD",42229,97,3,10,100,79,9.1,11.3,0.3,0,0,0,0,0,0,NA,NA,NA,NA
"2137",237493,128161,"TAD",42229.25,97,4,10,100,83,10,7,0,0,0,0,0,0,0,NA,NA,NA,NA
"2138",237494,128161,"TAD",42229.5,97,3,10,100,85,9.6,4,0.4,0.4,0.4,0,0,0,0,NA,NA,NA,NA
"2139",237495,128161,"TAD",42229.75,97,4,10,100,83,9.6,5.5,0.7,0.4,0.4,0,0,0,0,NA,NA,NA,NA
"2140",237496,128161,"TAD",42230,97,3,10,100,78,12.6,7.1,0.6,0.6,0.6,0,0,0,0,NA,NA,NA,NA
"2141",237497,128161,"TAD",42230.25,97,2,10,100,55,14.4,7.6,2.1,1.6,7.9,11,0,0,0,NA,NA,NA,NA
"2142",237498,128161,"TAD",42230.5,97,3,10,100,53,19.4,17.8,2.3,1.6,3.5,1,0.2,0,0,NA,NA,NA,NA
"2143",237499,128161,"TAD",42230.75,97,7,10,100,36,23.1,29.1,2.4,1.5,6.9,0,0,0,0,NA,NA,NA,NA
"2144",237500,128161,"TAD",42231,97,7,10,100,26,16.8,28.2,7.1,4.7,10.2,6,0,0,0,NA,NA,NA,NA
"2145",237501,128161,"TAD",42231.25,97,6,10,100,42,16.5,20.2,4.6,3.1,9.6,3,0,0,0,NA,NA,NA,NA
"2146",237502,128161,"TAD",42231.5,97,2,10,100,30,24.5,36.7,5.4,1.9,0.7,0,0,0,0,NA,NA,NA,NA
"2147",237503,128161,"TAD",42231.75,97,5,10,100,24,25.9,33.4,6.3,4.9,5,0,0,0,0,NA,NA,NA,NA
"2148",237504,128161,"TAD",42232,97,8,10,100,26,17,36.7,2.6,2,9.4,5,0,0,0,NA,NA,NA,NA
"2149",237505,128161,"TAD",42232.25,97,6,10,100,35,19.6,19.2,5,3.8,12.6,4,0,0,0,NA,NA,NA,NA
"2150",237506,128161,"TAD",42232.5,97,10,10,100,34,18.6,16.3,3.3,3.1,14.4,9,0,0,0,NA,NA,NA,NA
"2151",237507,128161,"TAD",42232.75,97,2,10,100,24,14.2,16.1,3.1,3.2,16.9,22,0,0,0,NA,NA,NA,NA
"2152",237508,128161,"TAD",42233,97,2,10,100,25,4.8,7.8,3.5,4.1,37.8,16,0,0,0,NA,NA,NA,NA
"2153",237509,128161,"TAD",42233.25,97,2,10,100,18,6.4,9.7,8.5,25,31,1,0,0,0,NA,NA,NA,NA
"2154",237510,128161,"TAD",42233.5,97,3,10,100,39,16.3,21.5,4.8,4.8,12.4,0,0,0,0,NA,NA,NA,NA
"2155",237511,128161,"TAD",42233.75,97,7,10,100,60,21.2,16.4,1.4,0.6,0,0,0,0,0,NA,NA,NA,NA
"2156",237512,128161,"TAD",42234,97,6,10,100,38,22.8,24.1,4.8,3.3,6.9,0,0,0,0,NA,NA,NA,NA
"2157",237513,128161,"TAD",42234.25,97,3,10,100,36,21,22.6,8.2,5.8,6.3,0,0,0,0,NA,NA,NA,NA
"2158",237514,128161,"TAD",42234.5,97,3,10,100,61,26.6,10.8,0.6,0.6,0,0,0,0,0,NA,NA,NA,NA
"2159",237515,128161,"TAD",42234.75,97,7,10,100,28,13.1,15.3,6.8,7,24.1,5,0,0,0,NA,NA,NA,NA
"2160",237516,128161,"TAD",42235,97,4,10,100,32,30,25,2.9,1.8,4.9,3,0,0,0,NA,NA,NA,NA
"2161",237517,128161,"TAD",42235.25,97,4,10,100,35,14.7,23.3,5.8,5.1,11.3,4,0,0,0,NA,NA,NA,NA
"2162",237518,128161,"TAD",42235.5,98,3,10,100,60,16.7,8.1,1.7,2.5,10.9,0,0,0,0,NA,NA,NA,NA
"2163",237519,128161,"TAD",42235.75,98,3,10,100,41,30,17.4,4.1,2.2,5,0,0,0,0,NA,NA,NA,NA
"2164",237520,128161,"TAD",42236,98,4,10,100,19,15.9,39.3,6.3,4.6,13.9,0,0,0,0,NA,NA,NA,NA
"2165",237521,128161,"TAD",42236.25,98,3,10,100,22,11.5,26.7,6.4,7,22.8,3,0,0,0,NA,NA,NA,NA
"2166",237522,128161,"TAD",42236.5,98,1,10,100,23,13,27,8.2,5.7,13.5,9,0,0,0,NA,NA,NA,NA
"2167",237523,128161,"TAD",42236.75,98,2,10,100,23,21.4,22.1,9.5,6.9,15.8,1,0,0,0,NA,NA,NA,NA
"2168",237524,128161,"TAD",42237,98,3,10,100,16,9.7,22.7,11.2,7.6,24,7,0,0,0,NA,NA,NA,NA
"2169",237525,128161,"TAD",42237.25,98,3,10,100,23,12.9,31.1,10.4,6.5,15,0,0,0,0,NA,NA,NA,NA
"2170",237526,128161,"TAD",42237.5,98,6,10,100,23,10.3,24,6.1,5.8,27.2,3,0,0,0,NA,NA,NA,NA
"2171",237527,128161,"TAD",42237.75,98,2,10,100,55,12.8,9.7,3.5,3.5,11.8,3,0,0,0,NA,NA,NA,NA
"2172",237528,128161,"TAD",42238,98,3,10,100,38,15.4,20,3,1.5,5.4,16,0,0,0,NA,NA,NA,NA
"2173",237529,128161,"TAD",42238.25,98,2,10,100,31,16,18.3,4.3,3.1,17.2,9,0,0,0,NA,NA,NA,NA
"2174",237530,128161,"TAD",42238.75,98,7,10,100,25,18.3,24.6,6.7,6,16.8,2,0,0,0,NA,NA,NA,NA
"2175",237531,128161,"TAD",42239,98,5,10,100,26,14.2,31,7.6,5.6,9,6,0,0,0,NA,NA,NA,NA
"2176",237532,128161,"TAD",42239.5,98,7,10,100,31,16.5,10.6,2.2,1.7,37,0,0,0,0,NA,NA,NA,NA
"2177",237533,128161,"TAD",42239.75,98,3,10,100,22,17.8,19.4,4.7,5.4,30,0,0,0,0,NA,NA,NA,NA
"2178",237534,128161,"TAD",42240,98,6,10,100,26,16.1,22.4,3.5,3.9,22.1,5,0,0,0,NA,NA,NA,NA
"2179",237535,128161,"TAD",42240.25,98,6,10,100,34,20.3,14.5,11.4,13.4,5.8,0,0,0,0,NA,NA,NA,NA
"2180",237536,128161,"TAD",42240.5,98,3,10,100,21,20.1,21.7,5.7,8.5,16.3,6,0,0,0,NA,NA,NA,NA
"2181",237537,128161,"TAD",42240.75,98,2,10,100,17,10.5,20.4,8.3,8.7,27,7,0,0,0,NA,NA,NA,NA
"2182",237538,128161,"TAD",42241,98,3,10,100,26,10.7,14.3,4.7,4.9,20.5,17,0.3,0,0,NA,NA,NA,NA
"2183",237539,128161,"TAD",42241.25,98,5,10,100,25,16.5,15.8,3.8,2.9,16.7,15,3.8,0,0,NA,NA,NA,NA
"2184",237540,128161,"TAD",42241.5,98,3,10,100,22,15.4,25.3,8.6,5.8,17.1,5,0.1,0,0,NA,NA,NA,NA
"2185",237541,128161,"TAD",42241.75,98,4,10,100,36,11.9,7.1,3.7,5,16.5,19,0.6,0,0,NA,NA,NA,NA
"2186",237542,128161,"TAD",42242.25,98,4,10,100,39,17.1,17.3,5,3.7,15.2,2,0,0,0,NA,NA,NA,NA
"2187",237543,128161,"TAD",42242.5,98,6,10,100,17,10,15.6,10.8,8.6,26.5,11,0,0,0,NA,NA,NA,NA
"2188",237544,128161,"TAD",42242.75,98,2,10,100,58,20.1,11.6,0.5,0.7,3.7,5,0,0,0,NA,NA,NA,NA
"2189",237545,128161,"TAD",42243,98,6,10,100,46,14.3,15,3.9,3.2,9.3,7,0,0,0,NA,NA,NA,NA
"2190",237546,128161,"TAD",42243.25,98,2,10,100,33,14.6,15,5.7,4.2,14.6,11,0.4,0,0,NA,NA,NA,NA
"2191",237547,128161,"TAD",42243.5,98,1,10,100,29,18.2,13.6,5.1,3.9,14.3,15,0.3,0,0,NA,NA,NA,NA
"2192",237548,128161,"TAD",42243.75,98,2,10,100,31,15.1,26.1,12.3,8.3,5,1,0,0,0,NA,NA,NA,NA
"2193",237549,128161,"TAD",42244,98,7,10,100,39,20.9,21.9,4.1,2.2,7.2,4,0,0,0,NA,NA,NA,NA
"2194",237550,128161,"TAD",42244.25,98,5,10,100,33,9,13.1,5.6,4,18.8,14,1.1,0,0,NA,NA,NA,NA
"2195",237551,128161,"TAD",42244.5,98,4,10,100,22,19.6,26.7,3.8,1.9,7.8,14,3.3,0,0,NA,NA,NA,NA
"2196",237552,128161,"TAD",42244.75,99,2,10,100,30,16.3,33.6,3.8,2.9,11.9,1,0,0,0,NA,NA,NA,NA
"2197",237553,128161,"TAD",42245,99,7,10,100,37,20.2,23.1,5,4.1,5.6,4,0,0,0,NA,NA,NA,NA
"2198",237554,128161,"TAD",42245.25,99,2,10,100,27,17.8,27.2,6.9,4,11.7,4,0.1,0,0,NA,NA,NA,NA
"2199",237555,128161,"TAD",42245.75,99,3,10,100,25,14.4,21.7,6.4,5,17.9,8,0.1,0,0,NA,NA,NA,NA
"2200",237556,128161,"TAD",42246,99,2,10,100,29,16.9,24.7,6.3,4.2,10.4,8,0.1,0,0,NA,NA,NA,NA
"2201",237557,128161,"TAD",42246.25,99,5,10,100,28,11.1,23.9,7.4,6.5,16.9,5,0,0,0,NA,NA,NA,NA
"2202",237558,128161,"TAD",42246.5,99,2,10,100,19,14.1,22.8,5.8,6,18.1,14,0,0,0,NA,NA,NA,NA
"2203",237559,128161,"TAD",42246.75,99,3,10,100,15,10.3,18.8,10.4,7.7,23,14,0,0,0,NA,NA,NA,NA
"2204",237560,128161,"TAD",42247,99,4,10,100,22,12.9,18.6,4,4.2,12.2,25,0,0,0,NA,NA,NA,NA
"2205",237561,128161,"TAD",42247.25,99,6,10,100,33,13.1,11.5,6,4.9,13.1,18,0,0,0,NA,NA,NA,NA
"2206",237562,128161,"TAD",42247.5,99,6,10,100,63,24.7,11.4,0.3,0,0,0,0,0,0,NA,NA,NA,NA
"2207",237563,128161,"TAD",42247.75,99,7,10,100,27,14.6,22.2,6.2,6.2,17.8,5,0,0,0,NA,NA,NA,NA
"2208",237564,128161,"TAD",42248,99,3,10,100,38,21.3,16.3,6.3,3.9,8.9,5,0,0,0,NA,NA,NA,NA
"2209",237565,128161,"TAD",42248.25,99,3,10,100,29,19,21.7,7.2,4.7,12.8,4,0.1,0,0,NA,NA,NA,NA
"2210",237566,128161,"TAD",42248.5,99,3,10,100,36,22,23,6.1,5.7,7,0,0,0,0,NA,NA,NA,NA
"2211",237567,128161,"TAD",42248.75,99,4,10,100,27,11.9,10.4,6.9,5.4,28.2,10,0,0,0,NA,NA,NA,NA
"2212",237568,128161,"TAD",42249,99,5,10,100,33,24.1,24.5,10.1,2.5,3.7,1,0,0,0,NA,NA,NA,NA
"2213",237569,128161,"TAD",42249.25,99,4,10,100,28,18.9,19.4,9.2,3.3,13.3,7,0,0,0,NA,NA,NA,NA
"2214",237570,128161,"TAD",42249.5,99,1,10,100,42,21.7,22.6,3,1.5,4.1,4,0,0,0,NA,NA,NA,NA
"2215",237571,128161,"TAD",42249.75,99,3,10,100,26,16.4,20.6,7,5.1,14.6,9,0.3,0,0,NA,NA,NA,NA
"2216",237572,128161,"TAD",42250,99,5,10,100,43,20.2,15.2,4.3,2.8,7.6,6,0.6,0,0,NA,NA,NA,NA
"2217",237573,128161,"TAD",42250.25,99,2,10,100,26,13.5,17.2,6.1,6.1,17.4,13,0,0,0,NA,NA,NA,NA
"2218",237574,128161,"TAD",42250.5,99,5,10,100,25,14.4,21.5,7.6,6,19.6,5,0,0,0,NA,NA,NA,NA
"2219",237575,128161,"TAD",42250.75,99,4,10,100,26,32.1,30,7.1,2.2,2.4,0,0,0,0,NA,NA,NA,NA
"2220",237576,128161,"TAD",42251,99,2,10,100,23,14.7,31.1,8.3,5.8,13.5,3,0,0,0,NA,NA,NA,NA
"2221",237577,128161,"TAD",42251.25,99,1,10,100,22,11.5,31,11.5,8,13.2,2,0,0,0,NA,NA,NA,NA
"2222",237578,128161,"TAD",42251.5,99,3,10,100,38,11.1,14.7,3.9,3.9,21.5,6,0,0,0,NA,NA,NA,NA
"2223",237579,128161,"TAD",42251.75,99,1,10,100,26,26,37.8,5.2,3,2,0,0,0,0,NA,NA,NA,NA
"2224",237580,128161,"TAD",42252,99,4,10,100,22,12.1,18.7,5.8,4.3,25.7,11,0,0,0,NA,NA,NA,NA
"2225",237581,128161,"TAD",42252.25,99,3,10,100,39,17.4,21.3,5.8,4.5,9.3,2,0,0,0,NA,NA,NA,NA
"2226",237582,128161,"TAD",42252.5,99,4,10,100,27,25.7,34.2,4.7,3.1,4.6,0,0,0,0,NA,NA,NA,NA
"2227",237583,128161,"TAD",42252.75,99,1,10,100,29,22.9,33.6,5.4,3.6,4.6,0,0,0,0,NA,NA,NA,NA
"2228",237584,128161,"TAD",42253,99,3,10,100,42,12.8,17.4,6.3,5.4,14.7,0,0,0,0,NA,NA,NA,NA
"2229",237585,128161,"TAD",42253.25,99,6,10,100,24,10.8,17.6,5.7,6.1,27.1,7,0,0,0,NA,NA,NA,NA
"2230",237586,128161,"TAD",42253.5,99,3,10,100,38,17.1,30.1,5.9,2.4,5.9,0,0,0,0,NA,NA,NA,NA
"2231",237587,128161,"TAD",42253.75,99,3,10,100,36,28.4,29.5,4.1,0.9,0.2,0,0,0,0,NA,NA,NA,NA
"2232",237588,128161,"TAD",42254,100,2,10,100,27,22.5,31.4,9.4,5,3.9,0,0,0,0,NA,NA,NA,NA
"2233",237589,128161,"TAD",42254.25,100,5,10,100,21,8.5,29.9,14,7.2,13.1,5,0,0,0,NA,NA,NA,NA
"2234",237590,128161,"TAD",42254.5,100,5,10,100,26,15.2,39.1,10.6,4.6,3.9,0,0,0,0,NA,NA,NA,NA
"2235",237591,128161,"TAD",42254.75,100,3,10,100,22,26.5,46.8,3.5,0.9,0.2,0,0,0,0,NA,NA,NA,NA
"2236",237592,128161,"TAD",42255,100,3,10,100,15,6.7,15.6,9.7,8.6,30.9,13,0,0,0,NA,NA,NA,NA
"2237",237593,128161,"TAD",42255.25,100,8,10,100,34,13.5,16.9,6.5,4.6,13.3,11,0,0,0,NA,NA,NA,NA
"2238",237594,128161,"TAD",42255.5,100,6,10,100,20,15,44.2,12.1,6.1,1.9,0,0,0,0,NA,NA,NA,NA
"2239",237595,128161,"TAD",42255.75,100,5,10,100,19,9.9,30.4,11.7,7.6,19.7,1,0,0,0,NA,NA,NA,NA
"2240",237596,128161,"TAD",42256,100,4,10,100,23,12.8,35.4,12.2,6.7,9.1,0,0,0,0,NA,NA,NA,NA
"2241",237597,128161,"TAD",42256.25,100,5,10,100,22,12.1,19.5,7.7,8.3,22.1,7,0,0,0,NA,NA,NA,NA
"2242",237598,128161,"TAD",42256.5,100,7,10,100,19,11.7,41,13.2,9.1,5.4,0,0,0,0,NA,NA,NA,NA
"2243",237599,128161,"TAD",42256.75,100,6,10,100,16,5.4,9.5,5.6,8.7,46.6,8,0,0,0,NA,NA,NA,NA
"2244",237600,128161,"TAD",42257,100,3,10,100,25,11.2,23.6,8.5,8.7,17.9,4,0,0,0,NA,NA,NA,NA
"2245",237601,128161,"TAD",42257.25,100,5,10,100,52,17.6,20.8,4.2,2.1,3,0,0,0,0,NA,NA,NA,NA
"2246",237602,128161,"TAD",42257.5,100,5,10,100,49,25.7,17.8,2.1,1.6,3.2,0,0,0,0,NA,NA,NA,NA
"2247",237603,128161,"TAD",42257.75,100,7,10,100,27,20.7,15.7,6,3.1,17.4,9,0,0,0,NA,NA,NA,NA
"2248",237604,128161,"TAD",42258,100,7,10,100,47,12.2,9.3,4.6,4.1,8,14,0,0,0,NA,NA,NA,NA
"2249",237605,128161,"TAD",42258.25,100,6,10,100,22,8.9,13.2,5,3.3,22.1,24,0,0,0,NA,NA,NA,NA
"2250",237606,128161,"TAD",42258.5,100,2,10,100,27,11.8,13.4,3.3,1.8,5.3,23,13.2,0,0,NA,NA,NA,NA
"2251",237607,128161,"TAD",42258.75,100,4,10,100,27,11.3,12.7,9.9,10.2,19.1,9,0,0,0,NA,NA,NA,NA
"2252",237608,128161,"TAD",42259,100,3,10,100,23,10.2,23.1,11,17.4,12,2,0,0,0,NA,NA,NA,NA
"2253",237609,128161,"TAD",42259.25,100,2,10,100,17,7.5,13.3,8.5,8.6,28.2,16,0,0,0,NA,NA,NA,NA
"2254",237610,128161,"TAD",42259.5,100,3,10,100,31,21.7,20,6.4,6.8,13.5,0,0,0,0,NA,NA,NA,NA
"2255",237611,128161,"TAD",42259.75,100,8,10,100,43,21.5,20.6,3.7,2,6.1,2,0,0,0,NA,NA,NA,NA
"2256",237612,128161,"TAD",42260,100,3,10,100,38,20,23.3,10.6,4.4,3.5,0,0,0,0,NA,NA,NA,NA
"2257",237613,128161,"TAD",42260.25,100,3,10,100,19,13.3,19.1,6,4.2,29.9,7,0,0,0,NA,NA,NA,NA
"2258",237614,128161,"TAD",42260.5,100,5,10,100,20,7,19.9,15.8,14.1,21.8,0,0,0,0,NA,NA,NA,NA
"2259",237615,128161,"TAD",42260.75,100,2,10,100,17,11.9,20.2,15.8,10.7,24.3,0,0,0,0,NA,NA,NA,NA
"2260",237616,128161,"TAD",42261,100,3,10,100,26,12.1,12.9,5.1,4.3,20.7,18,0,0,0,NA,NA,NA,NA
"2261",237617,128161,"TAD",42261.25,100,6,10,100,15,11.1,16.8,5.4,4,22.5,24,0,0,0,NA,NA,NA,NA
"2262",237618,128161,"TAD",42261.5,100,3,10,100,48,18.2,21.5,4.4,2.5,3.9,1,0,0,0,NA,NA,NA,NA
"2263",237619,128161,"TAD",42261.75,100,4,10,100,21,11.2,28.7,10.7,12.8,14.7,0,0,0,0,NA,NA,NA,NA
"2264",237620,128161,"TAD",42262,100,3,10,100,22,10.8,17.3,8.3,6.5,21.8,12,0,0,0,NA,NA,NA,NA
"2265",237621,128161,"TAD",42262.25,100,2,10,100,37,14.7,10.8,2.8,3.5,11.1,16,2.8,0,0,NA,NA,NA,NA
"2266",237622,128161,"TAD",42262.5,100,6,10,100,31,14.2,17.1,10,7.6,15.3,3,0,0,0,NA,NA,NA,NA
"2267",237623,128161,"TAD",42262.75,100,2,10,100,16,4.6,3.1,1.5,1.7,10.3,30,32.2,0,0,NA,NA,NA,NA
"2268",237624,128161,"TAD",42263,100,5,10,100,24,8.6,9.9,3.3,3.6,14.2,26,10.1,0,0,NA,NA,NA,NA
"2269",237625,128161,"TAD",42263.25,101,5,10,100,16,8.9,15.1,14.4,8,25.5,11,0,0,0,NA,NA,NA,NA
"2270",237626,128161,"TAD",42263.5,101,7,10,100,13,4.3,13.4,18.8,22.3,27.4,0,0,0,0,NA,NA,NA,NA
"2271",237627,128161,"TAD",42263.75,101,1,10,100,18,7.5,17.6,17.9,13.5,22.5,2,0,0,0,NA,NA,NA,NA
"2272",237628,128161,"TAD",42264,101,2,10,100,22,7.1,10.4,5.8,4.4,23.3,23,3.3,0,0,NA,NA,NA,NA
"2273",237629,128161,"TAD",42264.25,101,2,10,100,30,12.1,16.4,7.6,3.5,9.6,5,15.3,0,0,NA,NA,NA,NA
"2274",237630,128161,"TAD",42264.5,101,9,10,100,16,7.6,14.7,14.1,17.1,29.4,0,0,0,0,NA,NA,NA,NA
"2275",237631,128161,"TAD",42264.75,101,7,10,100,25,14.2,34.9,13.3,7.4,5.1,0,0,0,0,NA,NA,NA,NA
"2276",237632,128161,"TAD",42265,101,1,10,100,22,15,35.4,12.1,4.3,11,0,0,0,0,NA,NA,NA,NA
"2277",237633,128161,"TAD",42265.25,101,1,10,100,21,18.9,29.4,12.6,5.7,11,0,0,0,0,NA,NA,NA,NA
"2278",237634,128161,"TAD",42265.5,101,1,10,100,31,15,17.9,6.8,4.4,21.3,3,0,0,0,NA,NA,NA,NA
"2279",237635,128161,"TAD",42265.75,101,2,10,100,37,21.7,26.6,5.6,3.7,4.8,0,0,0,0,NA,NA,NA,NA
"2280",237636,128161,"TAD",42266,101,3,10,100,43,21.1,13,3.7,1.9,12.4,5,0,0,0,NA,NA,NA,NA
"2281",237637,128161,"TAD",42266.25,101,2,10,100,39,27.8,20,3.3,1.9,5,2,0,0,0,NA,NA,NA,NA
"2282",237638,128161,"TAD",42266.5,101,4,10,100,34,17.5,19,3.3,1.8,6.9,16,0,0,0,NA,NA,NA,NA
"2283",237639,128161,"TAD",42266.75,101,2,10,100,40,16,8.2,3.9,2.2,7.2,15,6.7,0,0,NA,NA,NA,NA
"2284",237640,128161,"TAD",42267,101,5,10,100,28,12.6,8.3,3.6,2.4,7.2,16,20.7,0,0,NA,NA,NA,NA
"2285",237641,128161,"TAD",42267.25,101,3,10,100,13,8.2,7.6,4.1,3.2,23.2,38,1.5,0,0,NA,NA,NA,NA
"2286",237642,128161,"TAD",42267.5,101,6,10,100,18,6.5,8.5,12.2,12.4,36.2,5,0,0,0,NA,NA,NA,NA
"2287",237643,128161,"TAD",42267.75,101,5,10,100,19,5.4,5.4,4.1,3,19.5,38,4.5,0,0,NA,NA,NA,NA
"2288",237644,128161,"TAD",42268,101,4,10,100,43,16,8.4,2.8,2.2,6.7,10,10,0,0,NA,NA,NA,NA
"2289",237645,128161,"TAD",42268.25,101,2,10,100,18,7.8,6.3,3.2,2,15.4,43,3.2,0,0,NA,NA,NA,NA
"2290",237646,128161,"TAD",42268.5,101,2,10,100,27,14.3,6.9,3.6,1.8,10,28,7.4,0,0,NA,NA,NA,NA
"2291",237647,128161,"TAD",42268.75,101,5,10,100,53,13.5,5.8,2.1,1.6,7.2,10,5.8,0,0,NA,NA,NA,NA
"2292",237648,128161,"TAD",42269,101,2,10,100,34,8.7,9,4.7,2.6,9.7,12,18.9,0,0,NA,NA,NA,NA
"2293",237649,128161,"TAD",42269.25,101,3,10,100,16,8.6,6.3,3,2.6,17.7,45,0.6,0,0,NA,NA,NA,NA
"2294",237650,128161,"TAD",42269.5,101,2,10,100,19,10.1,10.3,4.2,2.2,18.9,32,2.1,0,0,NA,NA,NA,NA
"2295",237651,128161,"TAD",42269.75,101,4,10,100,20,6.7,5,0.7,1.3,3.9,18,43.4,0,0,NA,NA,NA,NA
"2296",237652,128161,"TAD",42270,101,3,10,100,16,9,8.8,1.9,2.6,10.6,22,28.3,0,0,NA,NA,NA,NA
"2297",237653,128161,"TAD",42270.5,101,1,10,100,15,7.9,9.7,6,6.4,28.6,25,0.1,0,0,NA,NA,NA,NA
"2298",237654,128161,"TAD",42270.75,101,5,10,100,46,9.1,9.1,2.8,2,6.7,6,16.9,0,0,NA,NA,NA,NA
"2299",237655,128161,"TAD",42271,101,3,10,100,38,5.8,3.9,1.5,1.3,5.4,12,31.4,0,0,NA,NA,NA,NA
"2300",237656,128161,"TAD",42271.25,101,3,10,100,70,6.1,3.9,0.6,0.3,2.6,5,10.4,0,0,NA,NA,NA,NA
"2301",237657,128161,"TAD",42271.75,101,3,10,100,32,13.2,15.1,2.1,1,5,6,24.6,0.3,0,NA,NA,NA,NA
"2302",237658,128161,"TAD",42272,101,1,10,100,26,6.7,4.7,1.3,1.1,5.8,15,30.9,7.1,0,NA,NA,NA,NA
"2303",237659,128161,"TAD",42272.25,101,2,10,100,18,5.7,5.2,2,1.7,6.9,20,38.7,0.2,0,NA,NA,NA,NA
"2304",237660,128161,"TAD",42272.5,102,2,10,100,25,17.2,16.5,7.6,4.9,9.2,10,9.2,0,0,NA,NA,NA,NA
"2305",237661,128161,"TAD",42272.75,102,1,10,100,21,13.5,11,3.9,2.4,9.5,13,25.5,0.1,0,NA,NA,NA,NA
"2306",237662,128161,"TAD",42273,102,3,10,100,14,6.3,3.3,1.7,1.3,5.4,13,39.8,14.3,0,NA,NA,NA,NA
"2307",237663,128161,"TAD",42273.25,102,2,10,100,21,5.2,3.3,1.7,0.9,6.1,19,37.5,3.9,0,NA,NA,NA,NA
"2308",237664,128161,"TAD",42273.5,102,3,10,100,31,10.3,6.8,3.7,1.8,8.3,27,9.8,0,0,NA,NA,NA,NA
"2309",237665,128161,"TAD",42274,102,2,10,100,19,15.1,15.6,4.3,2.8,7.1,12,23.9,0,0,NA,NA,NA,NA
"2310",237666,128161,"TAD",42274.25,102,1,10,100,18,8.7,4.5,3,1.7,7.6,12,42.9,0,0,NA,NA,NA,NA
"2311",237667,128161,"TAD",42274.5,102,1,10,100,27,16.5,6.5,1.4,1.1,3.9,8,29.9,4.6,0,NA,NA,NA,NA
"2312",237668,128161,"TAD",42274.75,102,1,10,100,27,14.3,6,2.1,1.5,4.9,7,18.5,18.1,0,NA,NA,NA,NA
"2313",237669,128161,"TAD",42275,102,1,10,100,48,8.6,3.7,1.6,1.9,3.2,7,24.8,0,0,NA,NA,NA,NA
"2314",237670,128161,"TAD",42275.5,102,2,10,100,14,7.1,3.3,2.2,1.9,11.1,44,14.8,0,0,NA,NA,NA,NA
"2315",237671,128161,"TAD",42275.75,102,3,10,100,12,7.2,3.7,3.3,5.7,29.3,38,0,0,0,NA,NA,NA,NA
"2316",237672,128161,"TAD",42276,102,2,10,100,14,3.6,3.6,1.1,0.8,9.2,61,5.8,0,0,NA,NA,NA,NA
"2317",237673,128161,"TAD",42276.25,102,1,10,100,16,7.8,5.6,2.4,2,22.3,42,0.4,0,0,NA,NA,NA,NA
"2318",237674,128161,"TAD",42276.5,102,3,10,100,13,6.3,2.4,1.5,1.1,7.8,40,27.1,0,0,NA,NA,NA,NA
"2319",237675,128161,"TAD",42276.75,102,1,10,100,21,5.4,3.6,1.3,1.8,15.4,34,17.1,0,0,NA,NA,NA,NA
"2320",237676,128161,"TAD",42277,102,1,10,100,28,9.5,8.3,3.6,4,21.4,21,2.5,0,0,NA,NA,NA,NA
"2321",237677,128161,"TAD",42277.5,102,3,10,100,20,12.3,5.8,3.1,2.6,10.8,16,29.3,0,0,NA,NA,NA,NA
"2322",237678,128161,"TAD",42277.75,102,2,10,100,19,11.3,6.3,1.1,0.9,4.3,8,46.7,2.2,0,NA,NA,NA,NA
"2323",237679,128161,"TAD",42278.25,102,3,10,100,21,10.9,9.4,8.5,6.7,36.3,6,0,0,0,NA,NA,NA,NA
"2324",237680,128161,"TAD",42278.5,102,2,10,100,29,20.7,31.4,6.1,1.7,11,0,0,0,0,NA,NA,NA,NA
"2325",237681,128161,"TAD",42278.75,102,1,10,100,24,34.5,29.1,7.6,3.6,1,0,0,0,0,NA,NA,NA,NA
"2326",237682,128161,"TAD",42279,102,3,10,100,28,19.8,13.8,4.5,2.9,20.9,9,0,0,0,NA,NA,NA,NA
"2327",237683,128161,"TAD",42279.25,102,1,10,100,17,9.2,8.3,2.8,1.7,12.9,33,14.7,0,0,NA,NA,NA,NA
"2328",237684,128161,"TAD",42279.75,102,3,10,100,19,13.1,32.6,12.1,8.1,14.6,0,0,0,0,NA,NA,NA,NA
"2329",237685,128161,"TAD",42280,102,2,10,100,30,18.6,22.1,5.4,3.3,12.8,7,0,0,0,NA,NA,NA,NA
"2330",237686,128161,"TAD",42280.25,102,2,10,100,51,22.7,12,1.6,3.9,7.4,1,0,0,0,NA,NA,NA,NA
"2331",237687,128161,"TAD",42280.5,102,1,10,100,40,28.6,16,2.6,1.7,9.1,1,0,0,0,NA,NA,NA,NA
"2332",237688,128161,"TAD",42280.75,102,4,10,100,31,27.3,16,2.4,2.8,8.9,11,0,0,0,NA,NA,NA,NA
"2333",237689,128161,"TAD",42281.25,102,2,10,100,15,7.8,13.1,16.7,11.9,29.9,5,0,0,0,NA,NA,NA,NA
"2334",237690,128161,"TAD",42281.5,102,1,10,100,21,18.4,24.6,13.1,7.4,14.7,0,0,0,0,NA,NA,NA,NA
"2335",237691,128161,"TAD",42281.75,103,1,10,100,29,23.8,26.8,9.7,4.2,5.4,0,0,0,0,NA,NA,NA,NA
"2336",237692,128161,"TAD",42282,103,2,10,100,15,10.3,24.6,14.9,7.8,13.9,13,0,0,0,NA,NA,NA,NA
"2337",237693,128161,"TAD",42282.25,103,4,10,100,21,13.8,19.1,9.1,4.2,15.3,17,0,0,0,NA,NA,NA,NA
"2338",237694,128161,"TAD",42282.5,103,4,10,100,25,25.8,25.7,10.8,6.8,4.9,0,0,0,0,NA,NA,NA,NA
"2339",237695,128161,"TAD",42283.75,103,1,10,100,15,5,12.1,10.6,9.7,32.5,14,0,0,0,NA,NA,NA,NA
"2340",237696,128161,"TAD",42284.25,103,1,10,100,24,15.3,19.9,9.9,6,22.1,2,0,0,0,NA,NA,NA,NA
"2341",237697,128161,"TAD",42284.75,103,3,10,100,20,10.9,5.4,0.6,0.6,2.2,3,36.2,20,0,NA,NA,NA,NA
"2342",237698,128161,"TAD",42285,103,2,10,100,18,5,3.7,3,1.5,5.9,26,35.7,0,0,NA,NA,NA,NA
"2343",237699,128161,"TAD",42285.75,103,1,10,100,14,7.9,6.7,3.9,3.3,7.6,25,30.7,0,0,NA,NA,NA,NA
"2344",237700,128161,"TAD",42286,103,3,10,100,26,16.7,13.8,6.1,3.1,4,3,6.8,20,0,NA,NA,NA,NA
"2345",237701,128161,"TAD",42286.25,103,1,10,100,20,10.3,14.3,8.1,5.8,2.2,2,21.3,15.4,0,NA,NA,NA,NA
"2346",237702,128161,"TAD",42288.5,103,1,10,100,12,5.1,5.4,4.9,11,27.6,33,0,0,0,NA,NA,NA,NA
"2347",237703,128161,"TAD",42288.75,103,4,10,100,14,3,3.1,2.4,1.5,23.1,41,11.1,0,0,NA,NA,NA,NA
"2348",237704,128161,"TAD",42289,103,3,10,100,16,3.5,3.7,2.6,2.8,16.5,39,15.2,0,0,NA,NA,NA,NA
"2349",237705,128161,"TAD",42289.75,103,1,10,100,24,8.3,12.5,5.6,6.4,17,16,9.2,0,0,NA,NA,NA,NA
"2350",237706,128161,"TAD",42290.25,103,1,10,100,19,3.5,2.8,1.7,1.3,4.3,10,39.4,17.5,0,NA,NA,NA,NA
"2351",237707,128161,"TAD",42291,104,1,10,100,18,4.4,3.5,1.6,1.6,6,13,50.9,0,0,NA,NA,NA,NA
"2352",237708,128161,"TAD",42291.75,104,1,10,100,30,9,4.9,2.4,1.7,5.7,8,12.7,24.6,0,NA,NA,NA,NA
"2353",237709,128161,"TAD",42292,104,1,10,100,18,5.4,3.9,2.6,2.2,8.2,4,16.5,37.7,0,NA,NA,NA,NA
"2354",237710,128161,"TAD",42293,104,1,10,100,22,2.1,0.9,0.5,0.5,1.4,3,13.2,55.9,0,NA,NA,NA,NA
"2355",237711,128161,"TAD",42293.5,104,1,10,100,22,9.1,15.9,11.9,6.5,4.8,4,7,17.6,0,NA,NA,NA,NA
"2356",237712,128161,"TAD",42293.75,104,1,10,100,22,6.8,2.6,2.6,2.5,2.6,5,16,31.1,7.2,NA,NA,NA,NA
"2357",237713,128161,"TAD",42294,104,1,10,100,17,3.5,2.9,1.4,0.6,2.2,6,29.8,23.9,12.1,NA,NA,NA,NA
"2358",237714,128161,"TAD",42296,104,1,10,100,18,3.3,3.6,2.9,2.4,5.7,9,9.4,26.5,17.6,NA,NA,NA,NA
"2359",237715,128161,"TAD",42296.25,104,1,10,100,18,3.5,2.2,1,1,2.5,5,13.2,26.9,26.8,NA,NA,NA,NA
"2360",237716,128161,"TAD",42297,104,1,10,100,16,4.3,4.6,3.1,3.3,20.1,29,11,5,2.2,NA,NA,NA,NA
"2361",237717,128161,"TAD",42297.75,104,1,10,100,28,6.5,14.2,3.9,1.9,2.5,2,6.7,28.4,5.4,NA,NA,NA,NA
"2362",237718,128161,"TAD",42298,104,1,10,100,23,1.9,3.5,2.8,2,6.9,7,13.4,38.4,0.2,NA,NA,NA,NA
"2363",237719,128161,"TAD",42298.75,104,1,10,100,36,8.5,6.5,0.2,0.4,1.3,2,6.7,23.9,13.9,NA,NA,NA,NA
"2364",237720,128161,"TAD",42300.25,105,1,10,100,25,4.9,5.5,3.3,2.8,3.7,3,7.2,13,30.9,NA,NA,NA,NA
"2365",237721,128161,"TAD",42300.5,105,3,10,100,35,6.5,1.7,0.4,0.2,0.6,2,5.9,18.9,27.8,NA,NA,NA,NA
"2366",237722,128161,"TAD",42301.75,105,1,10,100,23,5.2,4.7,1.7,1.9,6.3,11,8,14.5,22.8,NA,NA,NA,NA
"2367",237723,128161,"TAD",42302.5,105,1,10,100,29,9,7.6,0.8,0.3,2.1,3,8.1,20.1,19.9,NA,NA,NA,NA
"2368",237724,128161,"TAD",42302.75,105,1,10,100,24,6.5,3.7,0.4,0.6,1.1,3,10,29.1,20.9,NA,NA,NA,NA
"2369",237725,128161,"TAD",42303.75,105,1,10,100,27,3.3,2.5,0.6,0.4,1.3,4,12.3,31.6,16.7,NA,NA,NA,NA
"2370",237726,128161,"TAD",42305,105,2,10,100,29,1.3,1.1,0.4,1,2.4,4,9.7,31.5,18.9,NA,NA,NA,NA
"2371",237727,128161,"TAD",42306.75,105,1,10,100,27,8.2,9.9,5.4,4.2,1.4,2,6.7,18.2,16.5,NA,NA,NA,NA
"2372",237728,128161,"TAD",42309,105,2,10,100,30,8.3,15.4,10.1,11.8,7.6,1,6,7.4,1.1,NA,NA,NA,NA
"2373",237729,128161,"TAD",42310.25,106,1,10,100,23,1.5,0.9,0.4,0.6,1.1,3,11.7,44.2,13,NA,NA,NA,NA
"2374",237730,128161,"TAD",42310.75,106,1,10,100,36,2.8,1.3,0.4,0.4,1.5,3,10.6,39,5,NA,NA,NA,NA
"2375",237731,128161,"TAD",42311.5,106,2,10,100,31,7.1,1.7,0.6,0.3,1.4,2,8.1,28.2,18.6,NA,NA,NA,NA
"2376",237732,128161,"TAD",42312.5,106,1,10,100,31,5.7,5.9,1.3,0.7,0.7,1,5.9,10.9,35.7,NA,NA,NA,NA
"2377",237733,128161,"TAD",42313.5,106,1,10,100,27,2.6,0.4,0.2,0.4,1.1,2,6.9,11.9,47.1,NA,NA,NA,NA
"2378",237734,128161,"TAD",42313.75,106,2,10,100,28,6.5,6.5,4.7,5.3,4.2,2,6.3,13.2,22.6,NA,NA,NA,NA
"2379",237735,128161,"TAD",42315.5,106,1,10,100,29,11.4,7.8,2.5,3.5,6,1,4.2,6.7,27,NA,NA,NA,NA
"2380",237736,128161,"TAD",42316,106,1,10,100,29,5.3,7,4.7,5.7,5.6,3,30.5,3.9,4.6,NA,NA,NA,NA
"2381",237737,128161,"TAD",42316.75,106,1,10,100,33,7.2,2,0.2,0.2,0.7,2,7.2,11.1,35.6,NA,NA,NA,NA
"2382",237738,128161,"TAD",42317.25,106,1,10,100,24,2.8,1,0.4,0.1,1.3,3,8.3,27.5,31.1,NA,NA,NA,NA
"2383",237739,128161,"TAD",42317.5,106,1,10,100,31,9.3,8.7,2.8,4.6,6.4,2,3.7,7.2,23.6,NA,NA,NA,NA
"2384",237740,128161,"TAD",42319.25,106,1,10,100,20,3.7,0.7,0.2,0.2,0.9,2,6.5,10.2,54.5,NA,NA,NA,NA
"2385",237741,128161,"TAD",42319.75,106,2,10,100,25,6.1,3.9,0.6,0.6,1.1,3,7.5,22.4,28.9,NA,NA,NA,NA
"2386",237742,128161,"TAD",42320.75,106,1,10,100,26,3.7,1.7,0.4,0.6,2,3,8.2,15,39,NA,NA,NA,NA
"2387",237743,128161,"TAD",42321,106,1,10,100,25,3.5,1.1,0.6,0.4,1.3,3,8.7,13.2,42.9,NA,NA,NA,NA
"2388",237744,128161,"TAD",42322.25,106,3,10,100,21,3.1,1.9,0.2,0.7,1.7,3,9.1,15.2,43.7,NA,NA,NA,NA
"2389",237745,128161,"TAD",42323.5,106,1,10,100,26,8.3,5.4,2.6,6.4,8,3,4.9,11.4,23,NA,NA,NA,NA
"2390",237746,128161,"TAD",42324.5,107,2,10,100,37,7.1,10,2.8,3.3,1.7,0,4.6,8.7,23,NA,NA,NA,NA
"2391",237747,128161,"TAD",42324.75,107,1,10,100,25,3.5,0.9,0.2,0.5,1.2,2,6.5,11.3,48.3,NA,NA,NA,NA
"2392",237748,128161,"TAD",42325.5,107,1,10,100,20,7,3.8,1.6,3,13.5,19,6.8,7.6,17.3,NA,NA,NA,NA
"2393",237749,128161,"TAD",42329.25,107,1,10,100,17,6.1,1.1,0.3,0.6,1,3,12.5,27.4,30.3,NA,NA,NA,NA
"2394",237750,128161,"TAD",42329.5,107,1,10,100,28,4.4,6.9,5.7,7.8,6.7,1,3.3,6.1,29.1,NA,NA,NA,NA
"2395",237751,128161,"TAD",42330.75,107,1,10,100,30,4.8,1.5,0.7,1.3,1.5,2,5.9,13,38.5,NA,NA,NA,NA
"2396",237752,128161,"TAD",42332.5,107,1,10,100,30,12.5,6.1,2.2,2.8,10,7,6.1,10.3,12.2,NA,NA,NA,NA
"2397",237753,128161,"TAD",42333.25,107,1,10,100,28,4.7,1.4,0.6,0.3,1.3,3,8.2,32.1,19.3,NA,NA,NA,NA
"2398",237754,128161,"TAD",42334.5,107,1,10,100,30,16.6,7.4,2.9,2.9,5.4,4,5.1,9.3,15.4,NA,NA,NA,NA
"2399",237755,128161,"TAD",42334.75,107,1,10,100,39,15.6,7,2.2,1.9,4.6,2,3.3,5,19.1,NA,NA,NA,NA
"2400",237756,128161,"TAD",42336,107,1,10,100,21,13.9,7.8,1.8,1.2,3.6,9,9.9,10.5,21.1,NA,NA,NA,NA
"2401",237757,128161,"TAD",42337,107,1,10,100,28,3.2,1.5,0.2,0.4,1.1,3,7.1,11.9,42.9,NA,NA,NA,NA
"2402",237758,128161,"TAD",42339,107,1,10,100,25,5,3.7,0.6,0.7,1.4,2,7.6,19.7,32.9,NA,NA,NA,NA
"2403",237759,128161,"TAD",42339.5,107,1,10,100,28,3.6,1.7,0.3,0.7,1.3,4,11.8,18.5,29.1,NA,NA,NA,NA
"2404",237760,128161,"TAD",42339.75,107,2,10,100,25,7.1,2.5,0.8,0.8,3.2,5,8,13.5,33.3,NA,NA,NA,NA
"2405",237761,128161,"TAD",42340,107,1,10,100,27,6.8,4,0.7,0.6,1.8,3,8.9,14.7,32.1,NA,NA,NA,NA
"2406",237762,128161,"TAD",42342.25,107,2,10,100,24,6.4,2.9,1.2,1.4,4.6,9,8,28.4,13.7,NA,NA,NA,NA
"2407",237763,128161,"TAD",42342.5,107,1,10,100,18,10.8,9.8,4,3.8,7.2,7,11.4,21.2,6.5,NA,NA,NA,NA
"2408",237764,128161,"TAD",42344,108,1,10,100,25,14.3,7.2,1.4,1.3,3.6,4,8.6,9.7,23.8,NA,NA,NA,NA
"2409",237765,128161,"TAD",42344.5,108,1,10,100,28,6.7,5.4,1.8,1.8,3.6,7,7.2,14.3,23.8,NA,NA,NA,NA
"2410",237766,128161,"TAD",42345,108,1,10,100,28,7.1,4.6,1.7,1.5,2.9,3,8.1,12.1,29.7,NA,NA,NA,NA
"2411",237767,128161,"TAD",42345.25,108,1,10,100,32,3.6,2.9,1,0.7,1.3,3,6.8,12.9,35,NA,NA,NA,NA
"2412",237768,128161,"TAD",42347.5,108,1,10,100,23,5.9,5.2,1.9,2.2,6.8,18,15.7,15.6,5.4,NA,NA,NA,NA
"2413",237769,128161,"TAD",42347.75,108,2,10,100,21,9.9,8,2.9,2.4,5.3,7,16.4,23.3,2.7,NA,NA,NA,NA
"2414",237770,128161,"TAD",42349,108,1,10,100,18,4.7,2.5,0.6,0.8,1.4,2,8.1,61,0,NA,NA,NA,NA
"2415",237771,128161,"TAD",42349.25,108,1,10,100,17,6,2.3,0.7,0.9,2.5,3,12.2,54.4,0,NA,NA,NA,NA
"2416",237772,128161,"TAD",42349.75,108,3,10,100,22,5.4,4.8,2,1.3,4.5,8,11.9,35.8,3.3,NA,NA,NA,NA
"2417",237773,128161,"TAD",42350.25,108,1,10,100,17,4.6,2,0.7,0.7,1.5,4,6.7,18.2,43.6,NA,NA,NA,NA
"2418",237774,128161,"TAD",42351.25,108,1,10,100,18,3.3,3.2,1.4,1.1,4.2,7,11.1,19.6,30.5,NA,NA,NA,NA
"2419",237775,128161,"TAD",42351.5,108,1,10,100,25,5.1,2.9,0.6,1.2,2.5,3,7.8,24.4,26.5,NA,NA,NA,NA
"2420",238940,128162,"TAD",42195.91667,98,22,8,100,38,38.9,21,1.1,0.4,0,0,0,NA,NA,NA,NA,NA,NA
"2421",238941,128162,"TAD",42196,98,9,8,100,59,10.9,16.7,2.8,2.2,3.9,4,0,NA,NA,NA,NA,NA,NA
"2422",238942,128162,"TAD",42196.25,98,12,8,100,74,9.4,5.8,1,1,1.6,2,3.6,NA,NA,NA,NA,NA,NA
"2423",238943,128162,"TAD",42196.5,98,10,8,100,40,18.4,14.8,2.8,2.8,10.6,8,2.2,NA,NA,NA,NA,NA,NA
"2424",238944,128162,"TAD",42196.75,98,13,8,100,53,27.1,9.3,1.4,1.2,7.2,0,0,NA,NA,NA,NA,NA,NA
"2425",238945,128162,"TAD",42197,98,6,8,100,60,14.2,9.2,1.9,2.2,9.7,2,0,NA,NA,NA,NA,NA,NA
"2426",238946,128162,"TAD",42197.25,98,3,8,100,51,11.1,9.3,2.1,3.2,19.2,3,0.2,NA,NA,NA,NA,NA,NA
"2427",238947,128162,"TAD",42197.5,98,4,8,100,25,13.6,9.6,3.5,5.1,16.4,21,5,NA,NA,NA,NA,NA,NA
"2428",238948,128162,"TAD",42197.75,98,6,8,100,21,29.6,33.7,6.5,3.3,5.1,0,0,NA,NA,NA,NA,NA,NA
"2429",238949,128162,"TAD",42198,98,3,8,100,26,16.3,17.5,5.1,5.3,28.9,0,0,NA,NA,NA,NA,NA,NA
"2430",238950,128162,"TAD",42198.25,98,5,8,100,34,8.1,8.3,2.9,3.8,19.7,23,0,NA,NA,NA,NA,NA,NA
"2431",238951,128162,"TAD",42198.5,98,3,8,100,34,11.1,13.2,3.3,2.8,26.3,8,0,NA,NA,NA,NA,NA,NA
"2432",238952,128162,"TAD",42198.75,98,3,8,100,24,16,20.1,3.6,2.9,16,17,0,NA,NA,NA,NA,NA,NA
"2433",238953,128162,"TAD",42199,98,3,8,100,26,6.4,6.7,3.2,2.2,27.2,28,0,NA,NA,NA,NA,NA,NA
"2434",238954,128162,"TAD",42199.25,98,3,8,100,35,25.3,14.2,2.4,2.2,20.8,0,0,NA,NA,NA,NA,NA,NA
"2435",238955,128162,"TAD",42199.5,98,1,8,100,37,17.6,8,1.1,0.9,27,7,0,NA,NA,NA,NA,NA,NA
"2436",238956,128162,"TAD",42199.75,98,4,8,100,45,18.3,9.8,2.2,2.8,17,4,0,NA,NA,NA,NA,NA,NA
"2437",238957,128162,"TAD",42200,98,5,8,100,39,6.5,4.3,1.5,1.3,40.6,6,0,NA,NA,NA,NA,NA,NA
"2438",238958,128162,"TAD",42200.25,98,8,8,100,53,13.4,3.5,0.7,0.5,27.7,0,0,NA,NA,NA,NA,NA,NA
"2439",238959,128162,"TAD",42200.5,98,5,8,100,35,17.2,18.4,4.2,3.8,17.4,3,0,NA,NA,NA,NA,NA,NA
"2440",238960,128162,"TAD",42200.75,98,5,8,100,40,16.9,14.1,4.1,4.1,14.7,5,0,NA,NA,NA,NA,NA,NA
"2441",238961,128162,"TAD",42201,98,3,8,100,35,10.8,14.3,4.5,3.9,30.8,0,0,NA,NA,NA,NA,NA,NA
"2442",238962,128162,"TAD",42201.25,98,3,8,100,33,12.5,16.8,10.2,17.2,9.9,0,0,NA,NA,NA,NA,NA,NA
"2443",238963,128162,"TAD",42201.5,98,1,8,100,29,17.6,10.7,3.6,4.2,34.4,0,0,NA,NA,NA,NA,NA,NA
"2444",238964,128162,"TAD",42201.75,98,2,8,100,34,12.1,21.5,8.9,6.8,16.7,0,0,NA,NA,NA,NA,NA,NA
"2445",238965,128162,"TAD",42202,99,3,8,100,49,10,5.6,2.8,6.3,25.8,0,0,NA,NA,NA,NA,NA,NA
"2446",238966,128162,"TAD",42202.25,99,4,8,100,40,24.3,13.6,4.8,7.1,9.3,0,0,NA,NA,NA,NA,NA,NA
"2447",238967,128162,"TAD",42202.5,99,3,8,100,30,9.8,8.1,2.6,2.6,44.6,1,0,NA,NA,NA,NA,NA,NA
"2448",238968,128162,"TAD",42202.75,99,3,8,100,32,11.5,10,3.3,3,37.2,2,0,NA,NA,NA,NA,NA,NA
"2449",238969,128162,"TAD",42203,99,4,8,100,27,10.7,11,1.3,1.1,14.9,34,0,NA,NA,NA,NA,NA,NA
"2450",238970,128162,"TAD",42203.25,99,3,8,100,41,15.8,15,2.4,5,18.2,2,0,NA,NA,NA,NA,NA,NA
"2451",238971,128162,"TAD",42203.5,99,7,8,100,33,5.3,6.5,2.6,2.1,50.1,0,0,NA,NA,NA,NA,NA,NA
"2452",238972,128162,"TAD",42203.75,99,7,8,100,43,25.4,13.9,2.4,4.1,10,0,0,NA,NA,NA,NA,NA,NA
"2453",238973,128162,"TAD",42204,99,4,8,100,31,7.2,4.1,2,2,39.8,13,0,NA,NA,NA,NA,NA,NA
"2454",238974,128162,"TAD",42204.25,99,4,8,100,45,15.6,13.7,4.3,5,16.1,0,0,NA,NA,NA,NA,NA,NA
"2455",238975,128162,"TAD",42204.5,99,4,8,100,47,30.9,18.7,1.8,0.5,0.2,0,0,NA,NA,NA,NA,NA,NA
"2456",238976,128162,"TAD",42204.75,99,1,8,100,69,15.9,11.1,1.7,0.8,0.6,0,0,NA,NA,NA,NA,NA,NA
"2457",238977,128162,"TAD",42205,99,1,8,100,35,6.1,5.2,1.9,2.4,24.1,24,0,NA,NA,NA,NA,NA,NA
"2458",238978,128162,"TAD",42205.25,99,3,8,100,50,13.2,22,1.9,1.6,9,1,0,NA,NA,NA,NA,NA,NA
"2459",238979,128162,"TAD",42205.5,99,4,8,100,32,11.7,6,2.4,3.1,28.4,16,0,NA,NA,NA,NA,NA,NA
"2460",238980,128162,"TAD",42205.75,99,8,8,100,42,20.4,27.5,7.6,1.3,0.4,0,0,NA,NA,NA,NA,NA,NA
"2461",238981,128162,"TAD",42206,99,3,8,100,57,10.9,8.1,2.1,1.4,15.2,4,0,NA,NA,NA,NA,NA,NA
"2462",238982,128162,"TAD",42206.5,99,5,8,100,39,35.3,23.7,1.7,0.2,0,0,0,NA,NA,NA,NA,NA,NA
"2463",238983,128162,"TAD",42206.75,99,9,8,100,70,22.8,6.4,0.3,0,0,0,0,NA,NA,NA,NA,NA,NA
"2464",238984,128162,"TAD",42207,99,5,8,100,35,20.6,28.6,5.4,1.8,7.6,0,0,NA,NA,NA,NA,NA,NA
"2465",238985,128162,"TAD",42207.5,99,3,8,100,66,22.7,9.7,0.6,0.3,0,0,0,NA,NA,NA,NA,NA,NA
"2466",238986,128162,"TAD",42207.75,99,5,8,100,71,21,7.1,0,0,0,0,0,NA,NA,NA,NA,NA,NA
"2467",238987,128162,"TAD",42208,99,3,8,100,79,13.9,6.1,0.3,0,0,0,0,NA,NA,NA,NA,NA,NA
"2468",238988,128162,"TAD",42208.25,99,1,8,100,60,20.5,10,5,3.9,0.3,0,0,NA,NA,NA,NA,NA,NA
"2469",238989,128162,"TAD",42208.5,99,3,8,100,24,34,36.6,4.3,0.6,0.2,0,0,NA,NA,NA,NA,NA,NA
"2470",238990,128162,"TAD",42208.75,99,1,8,100,19,9,24.4,14.6,10.4,22.2,0,0,NA,NA,NA,NA,NA,NA
"2471",238991,128162,"TAD",42209,99,6,8,100,24,18.2,19.4,9.7,12.1,15.4,0,0,NA,NA,NA,NA,NA,NA
"2472",238992,128162,"TAD",42209.25,99,5,8,100,26,10.6,29.4,9.3,15.4,8.8,0,0,NA,NA,NA,NA,NA,NA
"2473",238993,128162,"TAD",42209.5,99,3,8,100,51,16.8,20.5,9.7,0.9,0.2,0,0,NA,NA,NA,NA,NA,NA
"2474",238994,128162,"TAD",42209.75,99,5,8,100,50,29.1,10.9,3.9,4.4,1.4,0,0,NA,NA,NA,NA,NA,NA
"2475",238995,128162,"TAD",42210,99,4,8,100,32,10.5,37.2,10.7,5.7,3,0,0,NA,NA,NA,NA,NA,NA
"2476",238996,128162,"TAD",42210.25,99,6,8,100,32,10.4,12.9,2.9,7.5,33.8,0,0,NA,NA,NA,NA,NA,NA
"2477",238997,128162,"TAD",42210.5,99,6,8,100,31,12.2,10.5,7.6,12.2,26.4,0,0,NA,NA,NA,NA,NA,NA
"2478",238998,128162,"TAD",42210.75,100,4,8,100,39,14.8,11.7,4.3,15,14.8,0,0,NA,NA,NA,NA,NA,NA
"2479",238999,128162,"TAD",42211,100,4,8,100,54,12.7,7.6,6.9,6.5,11.3,0,0,NA,NA,NA,NA,NA,NA
"2480",239000,128162,"TAD",42211.25,100,2,8,100,39,13.4,10.2,4.3,6.7,26.2,0,0,NA,NA,NA,NA,NA,NA
"2481",239001,128162,"TAD",42211.5,100,6,8,100,73,22.3,3.5,0.3,0,0,0,0,NA,NA,NA,NA,NA,NA
"2482",239002,128162,"TAD",42211.75,100,6,8,100,69,21.9,8,0.3,0,0,0,0,NA,NA,NA,NA,NA,NA
"2483",239003,128162,"TAD",42212,100,4,8,100,79,14.6,5.8,0.3,0,0,0,0,NA,NA,NA,NA,NA,NA
"2484",239004,128162,"TAD",42212.25,100,3,8,100,71,23.3,4.9,0,0,0,0,0,NA,NA,NA,NA,NA,NA
"2485",239005,128162,"TAD",42212.5,100,4,8,100,64,23.1,11.1,0.8,0,0,0,0,NA,NA,NA,NA,NA,NA
"2486",239006,128162,"TAD",42212.75,100,3,8,100,50,35.8,12.7,0.7,0.2,0,0,0,NA,NA,NA,NA,NA,NA
"2487",239007,128162,"TAD",42213,100,1,8,100,23,18.2,27.4,10.4,16.1,4.9,0,0,NA,NA,NA,NA,NA,NA
"2488",239008,128162,"TAD",42213.25,100,3,8,100,24,4.6,13.6,33.3,19.3,4.4,0,0,NA,NA,NA,NA,NA,NA
"2489",239009,128162,"TAD",42213.5,100,2,8,100,23,10.9,50.7,6.5,7.4,0.9,0,0,NA,NA,NA,NA,NA,NA
"2490",239010,128162,"TAD",42213.75,100,4,8,100,25,16.5,31.9,10.6,8.1,7.5,0,0,NA,NA,NA,NA,NA,NA
"2491",239011,128162,"TAD",42214,100,3,8,100,25,12.6,32.2,16.7,11.9,0.7,0,0,NA,NA,NA,NA,NA,NA
"2492",239012,128162,"TAD",42214.25,100,2,8,100,38,13.5,17.8,19.3,8.9,2.4,0,0,NA,NA,NA,NA,NA,NA
"2493",239013,128162,"TAD",42214.5,100,5,8,100,38,30.1,27.1,3.7,0.9,0,0,0,NA,NA,NA,NA,NA,NA
"2494",239014,128162,"TAD",42214.75,100,7,8,100,35,24.4,29.4,1.4,0.4,9.2,0,0,NA,NA,NA,NA,NA,NA
"2495",239015,128162,"TAD",42215,100,3,8,100,16,11,27.6,16.9,13.9,13.7,0,0,NA,NA,NA,NA,NA,NA
"2496",239016,128162,"TAD",42215.25,100,1,8,100,26,15.5,26.6,5.7,4.6,16.4,4,0,NA,NA,NA,NA,NA,NA
"2497",239017,128162,"TAD",42215.5,100,4,8,100,28,15.4,25,4.3,2.4,8.8,15,0,NA,NA,NA,NA,NA,NA
"2498",239018,128162,"TAD",42215.75,100,8,8,100,22,9.3,8.2,4.3,3.9,24.4,27,0,NA,NA,NA,NA,NA,NA
"2499",239019,128162,"TAD",42216,100,3,8,100,23,12.9,23.3,7.6,4.7,10.4,17,0,NA,NA,NA,NA,NA,NA
"2500",239020,128162,"TAD",42216.25,100,2,8,100,34,17.5,27.1,2.9,4.4,13.3,0,0,NA,NA,NA,NA,NA,NA
"2501",239021,128162,"TAD",42216.5,100,8,8,100,37,14.7,32.5,6.1,4.8,4.1,0,0,NA,NA,NA,NA,NA,NA
"2502",239022,128162,"TAD",42216.75,100,4,8,100,22,30.3,21.6,2.9,5.7,16.6,0,0,NA,NA,NA,NA,NA,NA
"2503",239023,128162,"TAD",42217,100,10,8,100,26,7.4,9.8,4.2,4.2,29,19,0,NA,NA,NA,NA,NA,NA
"2504",239024,128162,"TAD",42217.25,100,1,8,100,39,19.3,28.8,3.7,2.4,6.3,0,0,NA,NA,NA,NA,NA,NA
"2505",239025,128162,"TAD",42217.5,100,3,8,100,60,16.4,14.2,6.7,1.7,0.3,0,0,NA,NA,NA,NA,NA,NA
"2506",239026,128162,"TAD",42217.75,100,3,8,100,58,20.1,11.1,7.4,2.5,0.2,0,0,NA,NA,NA,NA,NA,NA
"2507",239027,128162,"TAD",42218,100,4,8,100,18,12.1,24.3,5.3,3.8,24.8,11,0,NA,NA,NA,NA,NA,NA
"2508",239028,128162,"TAD",42218.25,100,3,8,100,14,10,44.3,13.2,10,8,0,0,NA,NA,NA,NA,NA,NA
"2509",239029,128162,"TAD",42218.5,100,1,8,100,20,5.8,12.1,2.2,1.7,12.8,44,0,NA,NA,NA,NA,NA,NA
"2510",239030,128162,"TAD",42218.75,100,2,8,100,20,9.3,18.6,8.2,4.2,19.9,19,0,NA,NA,NA,NA,NA,NA
"2511",239031,128162,"TAD",42219,100,2,8,100,21,13.5,22.9,6.9,8.1,25.4,1,0,NA,NA,NA,NA,NA,NA
"2512",239032,128162,"TAD",42219.25,100,2,8,100,21,17.2,15,5,5.6,24.3,11,0,NA,NA,NA,NA,NA,NA
"2513",239033,128162,"TAD",42219.5,101,5,8,100,30,19.6,47.6,2.1,0.2,0,0,0,NA,NA,NA,NA,NA,NA
"2514",239034,128162,"TAD",42219.75,101,2,8,100,26,16.1,17.9,2.2,1.9,30.4,4,0,NA,NA,NA,NA,NA,NA
"2515",239035,128162,"TAD",42220,101,2,8,100,27,24.3,23.2,3.2,1,2.8,9,8.5,NA,NA,NA,NA,NA,NA
"2516",239036,128162,"TAD",42220.25,101,5,8,100,17,22.6,51,3.5,1.4,4.4,0,0,NA,NA,NA,NA,NA,NA
"2517",239037,128162,"TAD",42220.5,101,2,8,100,18,10.6,19.3,4.5,1.5,5,35,4.8,NA,NA,NA,NA,NA,NA
"2518",239038,128162,"TAD",42220.75,101,4,8,100,24,27.8,32.6,6.7,4.2,3.5,1,0.1,NA,NA,NA,NA,NA,NA
"2519",239039,128162,"TAD",42221,101,2,8,100,26,11.8,14.2,9,5.3,14.7,18,0,NA,NA,NA,NA,NA,NA
"2520",239040,128162,"TAD",42221.25,101,3,8,100,29,27.6,17.3,3.1,4.3,11.7,6,0.6,NA,NA,NA,NA,NA,NA
"2521",239041,128162,"TAD",42221.5,101,2,8,100,85,14,0.4,0,0,0,0,0,NA,NA,NA,NA,NA,NA
"2522",239042,128162,"TAD",42221.75,101,4,8,100,53,19.7,19.9,3.5,2.5,1.4,0,0,NA,NA,NA,NA,NA,NA
"2523",239043,128162,"TAD",42222,101,2,8,100,30,32.6,29,1.9,3.6,1.2,1,0,NA,NA,NA,NA,NA,NA
"2524",239044,128162,"TAD",42222.25,101,2,8,100,33,29.9,28.2,2.9,1.8,2.8,0,0,NA,NA,NA,NA,NA,NA
"2525",239045,128162,"TAD",42222.5,101,3,8,100,82,9.1,3.9,1.3,1.3,1.3,0,0,NA,NA,NA,NA,NA,NA
"2526",239046,128162,"TAD",42222.75,101,2,8,100,17,14.8,15.3,5.5,4.6,15.9,20,5.6,NA,NA,NA,NA,NA,NA
"2527",239047,128162,"TAD",42223,101,4,8,100,52,19,16.7,2.1,1.4,2.3,5,0,NA,NA,NA,NA,NA,NA
"2528",239048,128162,"TAD",42223.25,101,3,8,100,38,20.4,19.5,5,4.5,7.6,4,0,NA,NA,NA,NA,NA,NA
"2529",239049,128162,"TAD",42223.5,101,3,8,100,78,17.5,3.9,0.3,0,0,0,0,NA,NA,NA,NA,NA,NA
"2530",239050,128162,"TAD",42223.75,101,2,8,100,26,18.2,18.4,3.8,3.5,11.3,17,1.1,NA,NA,NA,NA,NA,NA
"2531",239051,128162,"TAD",42224,101,7,8,100,42,13.3,20.7,10.2,4.4,6.3,2,0,NA,NA,NA,NA,NA,NA
"2532",239052,128162,"TAD",42224.25,101,5,8,100,28,19.9,42.7,3.3,2,3.7,0,0,NA,NA,NA,NA,NA,NA
"2533",239053,128162,"TAD",42224.5,101,1,8,100,34,22.1,26,4.3,3.2,9.2,1,0,NA,NA,NA,NA,NA,NA
"2534",239054,128162,"TAD",42224.75,101,1,8,100,21,12.5,25.8,3.5,2.2,11.9,18,4.2,NA,NA,NA,NA,NA,NA
"2535",239055,128162,"TAD",42225,101,3,8,100,64,23.7,7.8,1.9,1.1,1.1,0,0,NA,NA,NA,NA,NA,NA
"2536",239056,128162,"TAD",42225.25,101,3,8,100,79,17.9,2.3,0,0,0,0,0,NA,NA,NA,NA,NA,NA
"2537",239057,128162,"TAD",42225.5,101,5,8,100,50,25.6,11.5,1.4,1.2,8.3,1,0,NA,NA,NA,NA,NA,NA
"2538",239058,128162,"TAD",42225.75,101,1,8,100,37,12.6,20,5.8,3.3,9.3,11,0,NA,NA,NA,NA,NA,NA
"2539",239059,128162,"TAD",42226,101,3,8,100,31,18.6,22.6,2.5,3.1,11.1,10,0,NA,NA,NA,NA,NA,NA
"2540",239060,128162,"TAD",42226.25,101,1,8,100,25,21.8,18.4,7.1,3.3,12.7,11,0,NA,NA,NA,NA,NA,NA
"2541",239061,128162,"TAD",42226.5,101,4,8,100,44,25.4,21.1,1.1,0.6,4.8,2,0,NA,NA,NA,NA,NA,NA
"2542",239062,128162,"TAD",42226.75,101,3,8,100,68,22.2,8.9,0.3,0,0,0,0,NA,NA,NA,NA,NA,NA
"2543",239063,128162,"TAD",42227,101,5,8,100,50,26.6,20.3,0.5,0.2,2.1,0,0,NA,NA,NA,NA,NA,NA
"2544",239064,128162,"TAD",42227.25,101,3,8,100,63,20.1,9.2,1.4,0.8,3.6,1,0,NA,NA,NA,NA,NA,NA
"2545",239065,128162,"TAD",42227.5,101,4,8,100,73,20.7,5.5,0.3,0.3,0,0,0,NA,NA,NA,NA,NA,NA
"2546",239066,128162,"TAD",42227.75,101,3,8,100,87,12.3,0.7,0,0,0,0,0,NA,NA,NA,NA,NA,NA
"2547",239067,128162,"TAD",42228,101,2,8,100,37,16.3,19.7,6.3,5.8,11.5,2,0,NA,NA,NA,NA,NA,NA
"2548",239068,128162,"TAD",42228.25,101,2,8,100,64,29.2,5.3,0.3,0.3,0.6,0,0,NA,NA,NA,NA,NA,NA
"2549",239069,128162,"TAD",42228.5,102,2,8,100,43,30.8,20,1.7,1.3,2.4,0,0,NA,NA,NA,NA,NA,NA
"2550",239070,128162,"TAD",42228.75,102,3,8,100,54,31.5,12.5,0.7,0.5,0.2,0,0,NA,NA,NA,NA,NA,NA
"2551",239071,128162,"TAD",42229,102,4,8,100,36,16.4,26,4.3,3,10,3,0,NA,NA,NA,NA,NA,NA
"2552",239072,128162,"TAD",42229.25,102,2,8,100,64,14.2,6.9,1.9,1.7,5,5,0,NA,NA,NA,NA,NA,NA
"2553",239073,128162,"TAD",42229.5,102,2,8,100,60,16.9,19.1,1.7,1.1,0.3,0,0,NA,NA,NA,NA,NA,NA
"2554",239074,128162,"TAD",42229.75,102,5,8,100,90,5.6,3.7,0,0,0,0,0,NA,NA,NA,NA,NA,NA
"2555",239075,128162,"TAD",42230,102,3,8,100,58,9,22.3,3.2,0.7,4.9,1,0,NA,NA,NA,NA,NA,NA
"2556",239076,128162,"TAD",42230.25,102,5,8,100,61,18.5,18.8,0.3,0.3,0.3,0,0,NA,NA,NA,NA,NA,NA
"2557",239077,128162,"TAD",42230.5,102,4,8,100,52,21.7,11.3,1.4,0.9,6.5,6,0,NA,NA,NA,NA,NA,NA
"2558",239078,128162,"TAD",42230.75,102,1,8,100,30,17.1,25,4.7,4.3,16.3,1,0,NA,NA,NA,NA,NA,NA
"2559",239079,128162,"TAD",42231,102,1,8,100,18,12.9,28.8,9.2,7.2,18.2,5,0,NA,NA,NA,NA,NA,NA
"2560",239080,128162,"TAD",42231.25,102,6,8,100,23,29.5,38.2,1.7,1.1,3.5,2,0,NA,NA,NA,NA,NA,NA
"2561",239081,128162,"TAD",42231.5,102,6,8,100,22,13,25.9,6.7,5.5,11.4,14,0,NA,NA,NA,NA,NA,NA
"2562",239082,128162,"TAD",42231.75,102,4,8,100,38,28.7,30,0.7,0.4,1.3,0,0,NA,NA,NA,NA,NA,NA
"2563",239083,128162,"TAD",42232,102,1,8,100,46,15.8,25.4,2.2,0.6,3.9,5,0.2,NA,NA,NA,NA,NA,NA
"2564",239084,128162,"TAD",42232.25,102,5,8,100,18,12.4,29.3,4.4,5.8,16.9,12,0,NA,NA,NA,NA,NA,NA
"2565",239085,128162,"TAD",42232.5,102,5,8,100,27,13.2,29.4,7.6,7.6,14.7,0,0,NA,NA,NA,NA,NA,NA
"2566",239086,128162,"TAD",42232.75,102,6,8,100,30,26.9,40.9,1.9,0.2,0,0,0,NA,NA,NA,NA,NA,NA
"2567",239087,128162,"TAD",42233,102,7,8,100,38,21.2,25.8,9.5,3.3,1.9,0,0,NA,NA,NA,NA,NA,NA
"2568",239088,128162,"TAD",42233.25,102,6,8,100,29,31.4,34.7,2.4,1.5,0.4,0,0,NA,NA,NA,NA,NA,NA
"2569",239089,128162,"TAD",42233.5,102,6,8,100,47,28.2,22.9,0.9,0.2,0,0,0,NA,NA,NA,NA,NA,NA
"2570",239090,128162,"TAD",42233.75,102,5,8,100,32,35.9,30.5,0.9,0.2,0.2,0,0,NA,NA,NA,NA,NA,NA
"2571",239091,128162,"TAD",42234,102,2,8,100,35,19.6,31.5,7,4.1,1.7,0,0,NA,NA,NA,NA,NA,NA
"2572",239092,128162,"TAD",42234.25,102,2,8,100,37,24.6,30.6,5.7,1.5,0,0,0,NA,NA,NA,NA,NA,NA
"2573",239093,128162,"TAD",42234.5,102,2,8,100,29,14.6,25.8,9.3,6.4,14.7,0,0,NA,NA,NA,NA,NA,NA
"2574",239094,128162,"TAD",42234.75,102,1,8,100,47,25.8,13.2,1.7,1.3,7.8,3,0,NA,NA,NA,NA,NA,NA
"2575",239095,128162,"TAD",42235,102,5,8,100,22,20,40.3,5.2,4.3,7.6,0,0,NA,NA,NA,NA,NA,NA
"2576",239096,128162,"TAD",42235.25,102,8,8,100,29,25.4,28.3,5.6,8.8,2.9,0,0,NA,NA,NA,NA,NA,NA
"2577",239097,128162,"TAD",42235.5,102,4,8,100,41,16.5,10.9,2,8.9,20,0,0,NA,NA,NA,NA,NA,NA
"2578",239098,128162,"TAD",42235.75,102,3,8,100,38,38.9,21.5,1.3,0,0,0,0,NA,NA,NA,NA,NA,NA
"2579",239099,128162,"TAD",42236,102,4,8,100,35,25.2,35.1,3.5,0.4,0.2,0,0,NA,NA,NA,NA,NA,NA
"2580",239100,128162,"TAD",42236.25,102,4,8,100,21,21.4,34.9,12.4,7.8,1.8,0,0,NA,NA,NA,NA,NA,NA
"2581",239101,128162,"TAD",42236.5,102,3,8,100,26,24.3,43.5,4.1,1.7,0.4,0,0,NA,NA,NA,NA,NA,NA
"2582",239102,128162,"TAD",42236.75,102,4,8,100,43,30.2,25,1.5,0.2,0,0,0,NA,NA,NA,NA,NA,NA
"2583",239103,128162,"TAD",42237,102,5,8,100,22,21.3,39.6,7.8,5.2,3.3,0,0,NA,NA,NA,NA,NA,NA
"2584",239104,128162,"TAD",42237.25,103,5,8,100,37,21.7,22,5.7,7,6.5,0,0,NA,NA,NA,NA,NA,NA
"2585",239105,128162,"TAD",42237.5,103,6,8,100,33,21.4,16.7,5.7,12.1,10.4,0,0,NA,NA,NA,NA,NA,NA
"2586",239106,128162,"TAD",42237.75,103,4,8,100,23,18.4,39.6,6.5,2.2,9.9,0,0,NA,NA,NA,NA,NA,NA
"2587",239107,128162,"TAD",42238,103,5,8,100,38,20,25.6,5.4,3.9,6.3,0,0,NA,NA,NA,NA,NA,NA
"2588",239108,128162,"TAD",42238.25,103,5,8,100,45,18.6,23.7,4.3,4.8,2.8,0,0,NA,NA,NA,NA,NA,NA
"2589",239109,128162,"TAD",42238.5,103,4,8,100,38,13.4,17.6,2.8,0.9,14.5,12,0,NA,NA,NA,NA,NA,NA
"2590",239110,128162,"TAD",42238.75,103,3,8,100,28,26.9,28.5,3.2,1.7,5.6,5,0,NA,NA,NA,NA,NA,NA
"2591",239111,128162,"TAD",42239,103,7,8,100,22,21.8,30.1,9.4,4.6,11,0,0,NA,NA,NA,NA,NA,NA
"2592",239112,128162,"TAD",42239.25,103,5,8,100,18,14,23.8,4.2,6.1,18.3,15,0,NA,NA,NA,NA,NA,NA
"2593",239113,128162,"TAD",42239.5,103,10,8,100,14,18.8,57.4,8.6,0.5,0,0,0,NA,NA,NA,NA,NA,NA
"2594",239114,128162,"TAD",42239.75,103,3,8,100,24,24.4,40.6,8,1.7,1.1,0,0,NA,NA,NA,NA,NA,NA
"2595",239115,128162,"TAD",42240,103,1,8,100,31,20.2,32.5,7.6,4.5,4.2,0,0,NA,NA,NA,NA,NA,NA
"2596",239116,128162,"TAD",42240.25,103,7,8,100,20,22.4,32.9,6.1,4.4,13.9,0,0,NA,NA,NA,NA,NA,NA
"2597",239117,128162,"TAD",42240.5,103,5,8,100,28,27.8,35.6,3.9,2.6,1.9,0,0,NA,NA,NA,NA,NA,NA
"2598",239118,128162,"TAD",42240.75,103,6,8,100,17,21.8,25.3,11.9,12.2,11.5,0,0,NA,NA,NA,NA,NA,NA
"2599",239119,128162,"TAD",42241,103,2,8,100,56,20.1,16,1.9,2.1,3.2,0,0,NA,NA,NA,NA,NA,NA
"2600",239120,128162,"TAD",42241.25,103,5,8,100,35,30.6,21.3,2.2,0.9,3,6,0,NA,NA,NA,NA,NA,NA
"2601",239121,128162,"TAD",42241.5,103,3,8,100,34,15.7,25.1,11.3,9.2,4.2,0,0,NA,NA,NA,NA,NA,NA
"2602",239122,128162,"TAD",42241.75,103,2,8,100,35,30.4,24.1,5.8,2.9,1.8,0,0,NA,NA,NA,NA,NA,NA
"2603",239123,128162,"TAD",42242,103,2,8,100,41,25.2,25,2.8,0.4,1.1,3,0,NA,NA,NA,NA,NA,NA
"2604",239124,128162,"TAD",42242.25,103,5,8,100,41,25.7,20.6,2.2,1.3,5.6,3,0,NA,NA,NA,NA,NA,NA
"2605",239125,128162,"TAD",42242.5,103,6,8,100,33,13.8,16.1,7.2,5,23.9,0,0,NA,NA,NA,NA,NA,NA
"2606",239126,128162,"TAD",42242.75,103,4,8,100,37,25.2,16,3.9,3.5,9.5,4,0,NA,NA,NA,NA,NA,NA
"2607",239127,128162,"TAD",42243,103,3,8,100,23,21.7,35.1,7.8,6.5,5,0,0,NA,NA,NA,NA,NA,NA
"2608",239128,128162,"TAD",42243.25,103,2,8,100,26,20.4,24.8,2.8,1.8,7.9,16,0,NA,NA,NA,NA,NA,NA
"2609",239129,128162,"TAD",42243.5,103,7,8,100,21,16.8,29.8,7.5,4.3,14.9,5,0,NA,NA,NA,NA,NA,NA
"2610",239130,128162,"TAD",42243.75,103,6,8,100,31,12.6,16.9,13.5,13.8,11.4,0,0,NA,NA,NA,NA,NA,NA
"2611",239131,128162,"TAD",42244,103,2,8,100,33,22,18.5,6,4.5,15.6,0,0,NA,NA,NA,NA,NA,NA
"2612",239132,128162,"TAD",42244.25,103,2,8,100,45,13.6,23.8,10,4.6,2.4,0,0,NA,NA,NA,NA,NA,NA
"2613",239133,128162,"TAD",42244.5,103,2,8,100,26,30.8,26.8,6.4,3.3,4.7,1,0,NA,NA,NA,NA,NA,NA
"2614",239134,128162,"TAD",42244.75,103,6,8,100,32,18.9,32.9,11.1,4.2,0.1,0,0,NA,NA,NA,NA,NA,NA
"2615",239135,128162,"TAD",42245,103,5,8,100,21,17.1,31.6,13.9,10.3,5.6,0,0,NA,NA,NA,NA,NA,NA
"2616",239136,128162,"TAD",42245.25,103,2,8,100,24,14.5,32.8,5.6,1.9,20.4,0,0,NA,NA,NA,NA,NA,NA
"2617",239137,128162,"TAD",42245.5,103,2,8,100,34,27.2,30.1,3.8,2.8,2.1,0,0,NA,NA,NA,NA,NA,NA
"2618",239138,128162,"TAD",42245.75,103,2,8,100,20,22.9,47.9,6.5,1.9,0.2,0,0,NA,NA,NA,NA,NA,NA
"2619",239139,128162,"TAD",42246,104,4,8,100,20,16.5,45,9.6,3.7,4.4,0,0,NA,NA,NA,NA,NA,NA
"2620",239140,128162,"TAD",42246.25,104,1,8,100,28,12.9,49.7,7.6,1.2,0.2,0,0,NA,NA,NA,NA,NA,NA
"2621",239141,128162,"TAD",42246.5,104,5,8,100,37,32.9,27.7,1.1,0.6,0.2,0,0,NA,NA,NA,NA,NA,NA
"2622",239142,128162,"TAD",42246.75,104,12,8,100,16,19.4,51.4,4.9,3,4.4,0,0,NA,NA,NA,NA,NA,NA
"2623",239143,128162,"TAD",42247,104,5,8,100,13,13.7,41.2,13.2,8.5,9.6,0,0,NA,NA,NA,NA,NA,NA
"2624",239144,128162,"TAD",42247.25,104,2,8,100,9,8.1,43.5,21.1,13.1,4.4,0,0,NA,NA,NA,NA,NA,NA
"2625",239145,128162,"TAD",42247.5,104,5,8,100,22,10.2,39.8,13.2,6.7,7.2,0,0,NA,NA,NA,NA,NA,NA
"2626",239146,128162,"TAD",42247.75,104,7,8,100,34,35.7,29.8,0.2,0,0,0,0,NA,NA,NA,NA,NA,NA
"2627",239147,128162,"TAD",42248,104,1,8,100,20,21.2,37.8,7.8,8.7,4.3,0,0,NA,NA,NA,NA,NA,NA
"2628",239148,128162,"TAD",42248.25,104,4,8,100,31,26.4,30.3,5.6,3.1,3.1,0,0,NA,NA,NA,NA,NA,NA
"2629",239149,128162,"TAD",42248.5,104,1,8,100,25,17.5,19.6,5.1,7.4,24.9,0,0,NA,NA,NA,NA,NA,NA
"2630",239150,128162,"TAD",42248.75,104,4,8,100,39,31.2,29.9,0,0,0,0,0,NA,NA,NA,NA,NA,NA
"2631",239151,128162,"TAD",42249,104,3,8,100,23,18.3,36.1,8.1,6.1,7.6,0,0,NA,NA,NA,NA,NA,NA
"2632",239152,128162,"TAD",42249.25,104,8,8,100,29,19.6,23.2,10.8,7.8,8.9,0,0,NA,NA,NA,NA,NA,NA
"2633",239153,128162,"TAD",42249.5,104,4,8,100,24,19.2,49.8,4.4,1.4,1.2,0,0,NA,NA,NA,NA,NA,NA
"2634",239154,128162,"TAD",42249.75,104,6,8,100,41,26.7,25.8,4.1,1.9,0.4,0,0,NA,NA,NA,NA,NA,NA
"2635",239155,128162,"TAD",42250,104,5,8,100,22,25.6,30.6,7.4,6.4,7.4,0,0,NA,NA,NA,NA,NA,NA
"2636",239156,128162,"TAD",42250.25,104,6,8,100,37,15.4,34,7.2,3.7,1.7,0,0,NA,NA,NA,NA,NA,NA
"2637",239157,128162,"TAD",42250.5,104,3,8,100,48,21.7,19.6,3.2,2.3,4.4,0,0,NA,NA,NA,NA,NA,NA
"2638",239158,128162,"TAD",42250.75,104,3,8,100,30,31.3,30.7,1.9,1.9,3.5,0,0,NA,NA,NA,NA,NA,NA
"2639",239159,128162,"TAD",42251,104,10,8,100,17,9.1,23.3,13.9,15.5,20.8,0,0,NA,NA,NA,NA,NA,NA
"2640",239160,128162,"TAD",42251.25,104,3,8,100,36,22.8,28.2,5.6,3.7,2.8,0,0,NA,NA,NA,NA,NA,NA
"2641",239161,128162,"TAD",42251.5,104,2,8,100,41,14.1,23.3,3.3,3,11.7,3,0,NA,NA,NA,NA,NA,NA
"2642",239162,128162,"TAD",42251.75,104,6,8,100,22,27.6,36,5.2,2.6,5.8,0,0,NA,NA,NA,NA,NA,NA
"2643",239163,128162,"TAD",42252,104,1,8,100,24,11.8,20.1,8.8,7.6,22.5,4,0,NA,NA,NA,NA,NA,NA
"2644",239164,128162,"TAD",42252.25,104,3,8,100,17,15,38,10.8,5.8,12.6,0,0,NA,NA,NA,NA,NA,NA
"2645",239165,128162,"TAD",42252.5,104,6,8,100,35,17.2,24.5,4.2,2.1,13.4,3,0,NA,NA,NA,NA,NA,NA
"2646",239166,128162,"TAD",42252.75,104,6,8,100,16,12,45,14.4,5.7,6.3,0,0,NA,NA,NA,NA,NA,NA
"2647",239167,128162,"TAD",42253,104,5,8,100,14,10.2,37.7,14.1,8.3,15.6,0,0,NA,NA,NA,NA,NA,NA
"2648",239168,128162,"TAD",42253.25,104,6,8,100,13,4.7,13.6,7.5,6.9,26.6,26,0,NA,NA,NA,NA,NA,NA
"2649",239169,128162,"TAD",42253.5,104,5,8,100,26,19.9,34.4,6.5,3.5,8.9,0,0,NA,NA,NA,NA,NA,NA
"2650",239170,128162,"TAD",42253.75,104,7,8,100,22,17.6,51.2,7.9,1.2,0,0,0,NA,NA,NA,NA,NA,NA
"2651",239171,128162,"TAD",42254,104,3,8,100,17,10.1,31.6,14,11.4,15.5,0,0,NA,NA,NA,NA,NA,NA
"2652",239172,128162,"TAD",42254.25,104,6,8,100,21,11.4,28,4.7,3.3,16,15,0,NA,NA,NA,NA,NA,NA
"2653",239173,128162,"TAD",42254.5,104,2,8,100,26,26.7,43.5,1.5,1.3,0.6,0,0,NA,NA,NA,NA,NA,NA
"2654",239174,128162,"TAD",42254.75,104,3,8,100,28,22.2,41.3,3.5,3.1,1.3,0,0,NA,NA,NA,NA,NA,NA
"2655",239175,128162,"TAD",42255,105,7,8,100,12,4.4,24,15.3,10,26.8,7,0,NA,NA,NA,NA,NA,NA
"2656",239176,128162,"TAD",42255.5,105,3,8,100,25,17,36.9,6.1,1.9,8.9,4,0,NA,NA,NA,NA,NA,NA
"2657",239177,128162,"TAD",42255.75,105,5,8,100,24,11.3,29.3,9,8.9,10.7,6,0,NA,NA,NA,NA,NA,NA
"2658",239178,128162,"TAD",42256,105,5,8,100,26,13,34.1,6,6,11.8,3,0,NA,NA,NA,NA,NA,NA
"2659",239179,128162,"TAD",42256.25,105,2,8,100,21,16.2,30.5,6.4,5.4,15.8,3,0,NA,NA,NA,NA,NA,NA
"2660",239180,128162,"TAD",42256.5,105,3,8,100,32,16,29.3,3.1,2.6,12.1,4,0,NA,NA,NA,NA,NA,NA
"2661",239181,128162,"TAD",42256.75,105,2,8,100,23,20.1,31.9,9,6.3,6.5,2,0,NA,NA,NA,NA,NA,NA
"2662",239182,128162,"TAD",42257,105,4,8,100,27,20.7,21.7,5.6,5.8,8.6,9,0.1,NA,NA,NA,NA,NA,NA
"2663",239183,128162,"TAD",42257.25,105,3,8,100,32,18.3,25.7,7.8,6.1,6.8,2,0,NA,NA,NA,NA,NA,NA
"2664",239184,128162,"TAD",42257.5,105,3,8,100,40,16.1,30.4,6.7,3.5,1.9,0,0,NA,NA,NA,NA,NA,NA
"2665",239185,128162,"TAD",42257.75,105,3,8,100,47,15.1,25.1,3,1.3,1.9,5,0.9,NA,NA,NA,NA,NA,NA
"2666",239186,128162,"TAD",42258,105,6,8,100,22,13.1,26,6.9,4,20,7,0,NA,NA,NA,NA,NA,NA
"2667",239187,128162,"TAD",42258.25,105,8,8,100,20,18.5,23.6,5.1,4.5,12,14,0.8,NA,NA,NA,NA,NA,NA
"2668",239188,128162,"TAD",42258.5,105,5,8,100,22,16.9,9.2,1.7,1.5,6,31,10,NA,NA,NA,NA,NA,NA
"2669",239189,128162,"TAD",42258.75,105,4,8,100,22,10.8,23.2,11.4,11.4,21,0,0,NA,NA,NA,NA,NA,NA
"2670",239190,128162,"TAD",42259,105,3,8,100,13,14.8,35.9,10.4,6.9,15,4,0,NA,NA,NA,NA,NA,NA
"2671",239191,128162,"TAD",42259.25,105,4,8,100,19,14.9,33.6,6.1,4.9,13.1,7,0.3,NA,NA,NA,NA,NA,NA
"2672",239192,128162,"TAD",42259.5,105,4,8,100,29,16.6,20.5,5.5,6.2,11.4,9,0.6,NA,NA,NA,NA,NA,NA
"2673",239193,128162,"TAD",42259.75,105,6,8,100,40,6.7,6.7,2.4,3.3,23.2,16,0,NA,NA,NA,NA,NA,NA
"2674",239194,128162,"TAD",42260,105,2,8,100,30,14.2,25.6,5.7,5.8,9.9,8,0,NA,NA,NA,NA,NA,NA
"2675",239195,128162,"TAD",42260.25,105,1,8,100,16,8.1,29.7,12.5,10.7,19.4,2,0,NA,NA,NA,NA,NA,NA
"2676",239196,128162,"TAD",42260.5,105,5,8,100,23,11.1,37.3,7.4,4.3,12.2,4,0,NA,NA,NA,NA,NA,NA
"2677",239197,128162,"TAD",42260.75,105,6,8,100,26,9.8,16.8,4.9,6,19.1,16,0,NA,NA,NA,NA,NA,NA
"2678",239198,128162,"TAD",42261,105,6,8,100,14,5,10.3,8.6,9.2,23.5,28,0,NA,NA,NA,NA,NA,NA
"2679",239199,128162,"TAD",42261.25,105,4,8,100,31,13.7,33.8,6,3.9,8.6,2,0,NA,NA,NA,NA,NA,NA
"2680",239200,128162,"TAD",42261.5,105,2,8,100,26,13.1,20.3,8.3,4.3,11.7,15,0.3,NA,NA,NA,NA,NA,NA
"2681",239201,128162,"TAD",42261.75,105,1,8,100,29,10.6,22.4,10.7,6.4,13.2,7,0.3,NA,NA,NA,NA,NA,NA
"2682",239202,128162,"TAD",42262,105,5,8,100,19,7.8,11,4,3.5,18.8,29,6.1,NA,NA,NA,NA,NA,NA
"2683",239203,128162,"TAD",42262.25,105,2,8,100,37,13.2,16.3,4.6,2.6,9.8,15,0,NA,NA,NA,NA,NA,NA
"2684",239204,128162,"TAD",42262.5,105,2,8,100,73,10.4,6.1,1.6,1,2.9,3,1.3,NA,NA,NA,NA,NA,NA
"2685",239205,128162,"TAD",42262.75,105,5,8,100,23,15.3,20.9,5.9,5.7,21.6,7,0.2,NA,NA,NA,NA,NA,NA
"2686",239206,128162,"TAD",42263,105,3,8,100,15,8.3,11.8,3.5,6.3,27.2,27,0.1,NA,NA,NA,NA,NA,NA
"2687",239207,128162,"TAD",42263.25,105,3,8,100,17,11.4,31.9,14.3,10.5,14.7,0,0,NA,NA,NA,NA,NA,NA
"2688",239208,128162,"TAD",42263.5,105,3,8,100,17,11,35,10,2.5,9.6,13,1,NA,NA,NA,NA,NA,NA
"2689",239209,128162,"TAD",42263.75,106,2,8,100,25,25.1,34.8,5,3.3,6.8,0,0,NA,NA,NA,NA,NA,NA
"2690",239210,128162,"TAD",42264,106,1,8,100,27,11.9,32.2,6.9,3.9,13.3,4,0,NA,NA,NA,NA,NA,NA
"2691",239211,128162,"TAD",42264.25,106,4,8,100,18,15,33.8,7.6,4.3,16.3,4,0,NA,NA,NA,NA,NA,NA
"2692",239212,128162,"TAD",42264.5,106,5,8,100,25,16.4,24.6,7,4,10.4,11,1.3,NA,NA,NA,NA,NA,NA
"2693",239213,128162,"TAD",42264.75,106,5,8,100,20,8.2,8,2.6,3.5,36.4,19,1.7,NA,NA,NA,NA,NA,NA
"2694",239214,128162,"TAD",42265,106,1,8,100,12,5.8,8.6,2.8,3.3,24.2,40,2.4,NA,NA,NA,NA,NA,NA
"2695",239215,128162,"TAD",42265.5,106,2,8,100,17,9.5,9.9,3.6,4,26.3,29,0.4,NA,NA,NA,NA,NA,NA
"2696",239216,128162,"TAD",42265.75,106,1,8,100,44,10.9,10.6,3.3,1.3,6.3,15,7.6,NA,NA,NA,NA,NA,NA
"2697",239217,128162,"TAD",42266.25,106,1,8,100,21,7.4,22.8,11.5,6.6,13.3,17,0,NA,NA,NA,NA,NA,NA
"2698",239218,128162,"TAD",42266.5,106,1,8,100,42,7.1,8.6,3.2,2,7.1,11,18,NA,NA,NA,NA,NA,NA
"2699",239219,128162,"TAD",42267,106,1,8,100,21,5.6,16.7,8.4,6.2,15.4,17,8.7,NA,NA,NA,NA,NA,NA
"2700",239220,128162,"TAD",42267.25,106,2,8,100,16,7.4,23.8,9.2,7.2,26.4,8,1.5,NA,NA,NA,NA,NA,NA
"2701",239221,128162,"TAD",42267.75,106,1,8,100,40,7.8,5.4,1.9,1.5,8,17,17.7,NA,NA,NA,NA,NA,NA
"2702",239222,128162,"TAD",42268,106,1,8,100,32,5,8.7,3.6,2.6,11.7,17,17.9,NA,NA,NA,NA,NA,NA
"2703",239223,128162,"TAD",42268.25,106,1,8,100,24,11.2,24,8.5,6,18.6,7,0,NA,NA,NA,NA,NA,NA
"2704",239224,128162,"TAD",42268.75,106,1,8,100,54,9,15.7,7.2,4.9,7.9,1,0,NA,NA,NA,NA,NA,NA
"2705",240173,128164,"TAD",42199.95833,-31,35,9,100,70,24.8,4.4,0,0,0,0,0,0,NA,NA,NA,NA,NA
"2706",240174,128164,"TAD",42200,-31,6,9,100,56,16,14.6,3.5,2.1,6.3,1,0,0,NA,NA,NA,NA,NA
"2707",240175,128164,"TAD",42200.25,-31,5,9,100,52,26.2,20.4,0.5,0.2,0.7,0,0,0,NA,NA,NA,NA,NA
"2708",240176,128164,"TAD",42200.5,-31,8,9,100,42,24.7,22.1,2.8,1.9,4.3,1,0,0,NA,NA,NA,NA,NA
"2709",240177,128164,"TAD",42200.75,-31,7,9,100,57,19,13.7,1.9,1.9,5.1,0,0,0,NA,NA,NA,NA,NA
"2710",240178,128164,"TAD",42201,-31,7,9,100,31,15.3,15.2,3.3,2.1,10.3,10,11.7,0,NA,NA,NA,NA,NA
"2711",240179,128164,"TAD",42201.25,-31,2,9,100,34,14,16.3,3.9,3.9,24.9,2,0,0,NA,NA,NA,NA,NA
"2712",240180,128164,"TAD",42201.5,-31,8,9,100,22,21.2,18.7,6.5,5.6,19.6,5,0.2,0,NA,NA,NA,NA,NA
"2713",240181,128164,"TAD",42201.75,-31,6,9,100,21,24,23.9,6.5,4.6,15.1,4,0,0,NA,NA,NA,NA,NA
"2714",240182,128164,"TAD",42202,-31,5,9,100,27,10.6,15.6,6.1,6.1,25.1,9,0,0,NA,NA,NA,NA,NA
"2715",240183,128164,"TAD",42202.25,-31,4,9,100,49,18.7,16.4,3.9,4.2,6.9,0,0,0,NA,NA,NA,NA,NA
"2716",240184,128164,"TAD",42202.5,-31,5,9,100,51,20.1,15.3,5.1,2.5,4.2,1,0,0,NA,NA,NA,NA,NA
"2717",240185,128164,"TAD",42202.75,-31,3,9,100,48,12,16.9,3.7,3.2,8.5,7,0.2,0,NA,NA,NA,NA,NA
"2718",240186,128164,"TAD",42203,-31,6,9,100,63,9.7,10.2,6.1,6.9,3.6,0,0,0,NA,NA,NA,NA,NA
"2719",240187,128164,"TAD",42203.25,-31,7,9,100,49,24.8,10.2,3,3,7,2,0,0,NA,NA,NA,NA,NA
"2720",240188,128164,"TAD",42203.5,-31,9,9,100,66,21.4,10,1.7,0.3,0,0,0,0,NA,NA,NA,NA,NA
"2721",240189,128164,"TAD",42203.75,-31,4,9,100,25,14.4,26.4,5.7,4.7,16.8,6,0,0,NA,NA,NA,NA,NA
"2722",240190,128164,"TAD",42204,-31,6,9,100,25,14.9,29.4,11.8,6.1,8.1,4,0,0,NA,NA,NA,NA,NA
"2723",240191,128164,"TAD",42204.25,-31,5,9,100,25,9.7,18.7,9.3,6.9,20.7,9,0,0,NA,NA,NA,NA,NA
"2724",240192,128164,"TAD",42204.5,-31,2,9,100,22,13.1,17.4,4.7,3.5,28.9,10,0,0,NA,NA,NA,NA,NA
"2725",240193,128164,"TAD",42204.75,-31,4,9,100,28,24.7,23.2,7.5,5,11.1,0,0,0,NA,NA,NA,NA,NA
"2726",240194,128164,"TAD",42205,-31,7,9,100,25,10.1,16.1,6.8,8.5,32.3,0,0,0,NA,NA,NA,NA,NA
"2727",240195,128164,"TAD",42205.25,-31,5,9,100,25,10,12.6,4.8,4.6,35.9,6,0,0,NA,NA,NA,NA,NA
"2728",240196,128164,"TAD",42205.5,-31,3,9,100,30,20.4,18.3,4,2.8,16.1,7,0,0,NA,NA,NA,NA,NA
"2729",240197,128164,"TAD",42205.75,-31,8,9,100,42,37.8,17.2,2,0.6,0.4,0,0,0,NA,NA,NA,NA,NA
"2730",240198,128164,"TAD",42206,-31,3,9,100,35,13.1,21.5,9.6,6.3,14.6,0,0,0,NA,NA,NA,NA,NA
"2731",240199,128164,"TAD",42206.25,-31,9,9,100,37,16.3,18.9,9.1,7.2,11.1,0,0,0,NA,NA,NA,NA,NA
"2732",240200,128164,"TAD",42206.5,-31,8,9,100,58,28.9,12.7,0.2,0,0,0,0,0,NA,NA,NA,NA,NA
"2733",240201,128164,"TAD",42206.75,-31,3,9,100,70,18.4,8.4,1.4,0.8,0.8,0,0,0,NA,NA,NA,NA,NA
"2734",240202,128164,"TAD",42207,-32,3,9,100,39,20,28.4,3.9,1.9,5.6,0,0,0,NA,NA,NA,NA,NA
"2735",240203,128164,"TAD",42207.5,-32,2,9,100,52,32.3,7.9,1.2,1.6,4.4,0,0,0,NA,NA,NA,NA,NA
"2736",240204,128164,"TAD",42207.75,-32,4,9,100,59,29.4,10,0.6,0.3,0,0,0,0,NA,NA,NA,NA,NA
"2737",240205,128164,"TAD",42208,-32,4,9,100,48,14.1,9.2,4.8,4.4,18.5,0,0,0,NA,NA,NA,NA,NA
"2738",240206,128164,"TAD",42208.25,-32,2,9,100,17,8.5,14.1,6.7,12.6,40.4,0,0,0,NA,NA,NA,NA,NA
"2739",240207,128164,"TAD",42208.5,-32,2,9,100,14,8.4,16,6.5,9.7,44.4,0,0,0,NA,NA,NA,NA,NA
"2740",240208,128164,"TAD",42208.75,-32,5,9,100,27,14.6,25.8,10.8,10.3,10.6,0,0,0,NA,NA,NA,NA,NA
"2741",240209,128164,"TAD",42209,-32,6,9,100,27,16.1,27.8,9.2,8.2,10.8,0,0,0,NA,NA,NA,NA,NA
"2742",240210,128164,"TAD",42209.25,-32,2,9,100,24,12.8,23.9,10.3,9.6,18.5,0,0,0,NA,NA,NA,NA,NA
"2743",240211,128164,"TAD",42209.5,-32,3,9,100,26,14.4,29.3,12.6,8.3,9.2,0,0,0,NA,NA,NA,NA,NA
"2744",240212,128164,"TAD",42209.75,-32,3,9,100,27,17.6,13.6,7.9,8.2,24,0,0,0,NA,NA,NA,NA,NA
"2745",240213,128164,"TAD",42210,-32,2,9,100,18,6.9,12,5.5,9.5,47.3,0,0,0,NA,NA,NA,NA,NA
"2746",240214,128164,"TAD",42210.25,-32,5,9,100,20,13.7,11.3,3.7,5.2,39.9,6,0,0,NA,NA,NA,NA,NA
"2747",240215,128164,"TAD",42210.5,-32,3,9,100,18,12.8,21.8,8.2,8.6,30.1,0,0,0,NA,NA,NA,NA,NA
"2748",240216,128164,"TAD",42210.75,-32,2,9,100,13,13.5,18,6.9,4.8,38.8,5,0,0,NA,NA,NA,NA,NA
"2749",240217,128164,"TAD",42211,-32,4,9,100,17,12.8,11.7,5.7,7.4,45,0,0,0,NA,NA,NA,NA,NA
"2750",240218,128164,"TAD",42211.25,-32,6,9,100,43,16.5,19.8,8.5,11.3,0.2,0,0,0,NA,NA,NA,NA,NA
"2751",240219,128164,"TAD",42211.5,-32,5,9,100,56,31,11.8,0.7,0.2,0,0,0,0,NA,NA,NA,NA,NA
"2752",240220,128164,"TAD",42211.75,-32,6,9,100,62,18.6,18.1,0.8,0.3,0,0,0,0,NA,NA,NA,NA,NA
"2753",240221,128164,"TAD",42212,-32,7,9,100,56,15.3,12.8,2.6,3.2,9.7,0,0,0,NA,NA,NA,NA,NA
"2754",240222,128164,"TAD",42212.25,-32,4,9,100,23,17.9,28.5,8.3,4.7,13.9,2,0,0,NA,NA,NA,NA,NA
"2755",240223,128164,"TAD",42212.5,-32,4,9,100,29,21.3,38.8,7.4,2.2,0.4,0,0,0,NA,NA,NA,NA,NA
"2756",240224,128164,"TAD",42212.75,-32,3,9,100,31,21.5,26.2,5.1,2.8,12.6,0,0,0,NA,NA,NA,NA,NA
"2757",240225,128164,"TAD",42213,-32,4,9,100,32,13.5,17.2,8.8,12.5,15.6,0,0,0,NA,NA,NA,NA,NA
"2758",240226,128164,"TAD",42213.25,-32,4,9,100,24,17.9,26.4,10,10.6,10.4,0,0,0,NA,NA,NA,NA,NA
"2759",240227,128164,"TAD",42213.75,-32,2,9,100,36,26.9,34.1,2.4,0.2,0,0,0,0,NA,NA,NA,NA,NA
"2760",240228,128164,"TAD",42214,-32,2,9,100,63,22.3,11.4,1.1,0.6,1.7,0,0,0,NA,NA,NA,NA,NA
"2761",240229,128164,"TAD",42214.25,-32,2,9,100,34,33.1,24.3,5,1.8,1.4,0,0,0,NA,NA,NA,NA,NA
"2762",240230,128164,"TAD",42214.5,-32,8,9,100,19,19.4,34,11.8,10.4,5.3,0,0,0,NA,NA,NA,NA,NA
"2763",240231,128164,"TAD",42214.75,-32,4,9,100,14,14.3,28.9,8.6,5.6,19.2,9,0,0,NA,NA,NA,NA,NA
"2764",240232,128164,"TAD",42215,-32,2,9,100,13,9.4,35.7,14.8,11.1,14.8,0,0,0,NA,NA,NA,NA,NA
"2765",240233,128164,"TAD",42215.25,-32,4,9,100,14,9.8,16.1,8.5,8,39.1,4,0,0,NA,NA,NA,NA,NA
"2766",240234,128164,"TAD",42215.5,-32,2,9,100,16,10.7,27.4,17.2,11.1,17.2,0,0,0,NA,NA,NA,NA,NA
"2767",240235,128164,"TAD",42215.75,-32,3,9,100,12,9.3,20.7,11.4,15.3,31,0,0,0,NA,NA,NA,NA,NA
"2768",240236,128164,"TAD",42216.25,-32,1,9,100,22,14.3,29.5,14.6,8.9,10.4,0,0,0,NA,NA,NA,NA,NA
"2769",240237,128164,"TAD",42216.5,-32,3,9,100,16,12.5,31.1,12.9,11.8,15.4,0,0,0,NA,NA,NA,NA,NA
"2770",240238,128164,"TAD",42216.75,-32,4,9,100,14,15.3,31.3,15.8,9.9,13.1,0,0,0,NA,NA,NA,NA,NA
"2771",240239,128164,"TAD",42217,-32,1,9,100,16,9.7,13.9,7.1,7.9,27,18,0,0,NA,NA,NA,NA,NA
"2772",240240,128164,"TAD",42217.25,-32,2,9,100,26,12.5,23.3,10.1,9.6,16.9,1,0,0,NA,NA,NA,NA,NA
"2773",240241,128164,"TAD",42217.5,-32,3,9,100,15,11,26.5,16.5,14.8,16.1,0,0,0,NA,NA,NA,NA,NA
"2774",240242,128164,"TAD",42217.75,-32,3,9,100,19,20,35.3,11.4,7.9,6.1,0,0,0,NA,NA,NA,NA,NA
"2775",240243,128164,"TAD",42218,-32,4,9,100,14,7.1,9.3,5,7.5,31.9,24,0,0,NA,NA,NA,NA,NA
"2776",240244,128164,"TAD",42218.25,-32,4,9,100,14,8.9,17.5,12.1,9.6,34.7,2,0,0,NA,NA,NA,NA,NA
"2777",240245,128164,"TAD",42218.5,-32,3,9,100,14,13.6,23.9,16,13.4,15.7,3,0,0,NA,NA,NA,NA,NA
"2778",240246,128164,"TAD",42218.75,-32,1,9,100,43,29.6,22,0.7,1.1,2.6,0,0,0,NA,NA,NA,NA,NA
"2779",240247,128164,"TAD",42219.25,-32,3,9,100,47,22.1,14.1,1.1,1.7,11.7,2,0,0,NA,NA,NA,NA,NA
"2780",240248,128164,"TAD",42219.5,-32,1,9,100,51,22.4,23.3,1.8,0.2,0.5,0,0,0,NA,NA,NA,NA,NA
"2781",240249,128164,"TAD",42219.75,-32,1,9,100,37,23.9,20,4.1,3.3,9.5,1,0,0,NA,NA,NA,NA,NA
"2782",240250,128164,"TAD",42220,-32,2,9,100,53,23.3,22.4,0.5,0.2,0.2,0,0,0,NA,NA,NA,NA,NA
"2783",240251,128164,"TAD",42220.25,-32,3,9,100,28,28,18.9,1.9,1.5,9.7,11,0.1,0,NA,NA,NA,NA,NA
"2784",240252,128164,"TAD",42220.5,-32,4,9,100,25,34.9,36.1,3,0.4,0,0,0,0,NA,NA,NA,NA,NA
"2785",240253,128164,"TAD",42220.75,-32,2,9,100,28,19.8,34,7.4,4.3,5.8,0,0,0,NA,NA,NA,NA,NA
"2786",240254,128164,"TAD",42221,-32,3,9,100,27,11.3,13.8,3.5,3.2,17.8,23,0.4,0,NA,NA,NA,NA,NA
"2787",240255,128164,"TAD",42221.75,-32,1,9,100,13,10.6,17.2,6,9.2,34.2,9,0,0,NA,NA,NA,NA,NA
"2788",240256,128164,"TAD",42222,-32,1,9,100,55,13,22,4.9,2.5,1.9,0,0,0,NA,NA,NA,NA,NA
"2789",240257,128164,"TAD",42222.5,-32,1,9,100,92,7,0.4,0,0,0,0,0,0,NA,NA,NA,NA,NA
"2790",240258,128164,"TAD",42222.75,-32,1,9,100,32,24.6,28.2,3.8,1.9,8.3,0,0,0,NA,NA,NA,NA,NA
"2791",240259,128164,"TAD",42223,-32,5,9,100,78,9.1,8.4,1.3,1,1.6,0,0,0,NA,NA,NA,NA,NA
"2792",240260,128164,"TAD",42223.25,-32,2,9,100,32,12.5,14.9,3.9,3.3,14.2,17,1,0,NA,NA,NA,NA,NA
"2793",240261,128164,"TAD",42223.5,-32,4,9,100,79,16.6,3.6,0,0,0,0,0,0,NA,NA,NA,NA,NA
"2794",240262,128164,"TAD",42223.75,-32,1,9,100,66,19.5,9.7,1.4,0.8,2.5,0,0,0,NA,NA,NA,NA,NA
"2795",240263,128164,"TAD",42224,-32,3,9,100,50,35.3,13.9,0.5,0.2,0,0,0,0,NA,NA,NA,NA,NA
"2796",240264,128164,"TAD",42224.25,-32,3,9,100,18,11.3,19.2,5.2,5.6,19.9,17,2.6,0,NA,NA,NA,NA,NA
"2797",240265,128164,"TAD",42224.5,-32,5,9,100,48,12.3,10.9,3,3,3.5,19,0.2,0,NA,NA,NA,NA,NA
"2798",240266,128164,"TAD",42224.75,-32,8,9,100,61,14.2,8.1,3.1,1.1,8.1,3,0,0,NA,NA,NA,NA,NA
"2799",240267,128164,"TAD",42225,-32,4,9,100,47,11.8,13,3.9,4.9,14.4,4,0.2,0,NA,NA,NA,NA,NA
"2800",240268,128164,"TAD",42225.5,-32,1,9,100,15,10.3,28.2,8.9,11.5,24.8,1,0,0,NA,NA,NA,NA,NA
"2801",240269,128164,"TAD",42225.75,-32,4,9,100,20,18.2,36.5,8.7,6.1,10,0,0,0,NA,NA,NA,NA,NA
"2802",240270,128164,"TAD",42226,-32,5,9,100,27,23.7,42.3,5.8,0.9,0,0,0,0,NA,NA,NA,NA,NA
"2803",240271,128164,"TAD",42226.25,-32,8,9,100,31,17.4,36.3,7.4,3.7,3.3,0,0,0,NA,NA,NA,NA,NA
"2804",240272,128164,"TAD",42226.5,-32,6,9,100,32,22.2,38.1,5.6,1.7,0.2,0,0,0,NA,NA,NA,NA,NA
"2805",240273,128164,"TAD",42226.75,-32,5,9,100,25,17.3,30.7,6.8,3.6,15.8,0,0,0,NA,NA,NA,NA,NA
"2806",240274,128164,"TAD",42227,-32,3,9,100,40,29.1,24.6,2.4,0.9,2,0,0,0,NA,NA,NA,NA,NA
"2807",240275,128164,"TAD",42227.25,-32,2,9,100,49,25.7,21.3,1.2,1.4,0.9,0,0,0,NA,NA,NA,NA,NA
"2808",240276,128164,"TAD",42227.5,-32,2,9,100,33,23.5,23.2,7.5,6.8,5.4,0,0,0,NA,NA,NA,NA,NA
"2809",240277,128164,"TAD",42227.75,-32,3,9,100,23,36,34.3,2.4,2.2,1.9,0,0,0,NA,NA,NA,NA,NA
"2810",240278,128164,"TAD",42228,-32,2,9,100,47,11.7,23.3,7.2,5.7,4.8,0,0,0,NA,NA,NA,NA,NA
"2811",240279,128164,"TAD",42228.25,-32,2,9,100,61,19.8,15.3,1.9,1.4,0.3,0,0,0,NA,NA,NA,NA,NA
"2812",240280,128164,"TAD",42228.5,-32,6,9,100,57,19.9,19,2.3,1.2,0.2,0,0,0,NA,NA,NA,NA,NA
"2813",240281,128164,"TAD",42228.75,-32,10,9,100,45,21.9,22.4,5.4,2.8,1.9,0,0,0,NA,NA,NA,NA,NA
"2814",240282,128164,"TAD",42229,-32,4,9,100,76,13,7.8,0.6,1.3,1,0,0,0,NA,NA,NA,NA,NA
"2815",240283,128164,"TAD",42229.5,-32,3,9,100,60,17,12.5,3.3,4.5,2.5,0,0,0,NA,NA,NA,NA,NA
"2816",240284,128164,"TAD",42229.75,-32,2,9,100,33,33.8,30.2,2.2,0.6,0,0,0,0,NA,NA,NA,NA,NA
"2817",240285,128164,"TAD",42230,-32,2,9,100,39,18.2,29.1,6.7,3.7,2.4,0,0,0,NA,NA,NA,NA,NA
"2818",240286,128164,"TAD",42230.25,-32,4,9,100,38,13.9,22.6,4.8,4.3,15.4,0,0,0,NA,NA,NA,NA,NA
"2819",240287,128164,"TAD",42230.75,-32,4,9,100,60,16.4,18.9,2.2,1.1,0.6,0,0,0,NA,NA,NA,NA,NA
"2820",240288,128164,"TAD",42231,-32,3,9,100,20,21.7,44.5,7.1,3.3,3.3,0,0,0,NA,NA,NA,NA,NA
"2821",240289,128164,"TAD",42231.25,-32,4,9,100,44,31.3,23.1,0.7,0.2,0,0,0,0,NA,NA,NA,NA,NA
"2822",240290,128164,"TAD",42231.5,-32,7,9,100,39,26.9,27.1,3.9,2,0.7,0,0,0,NA,NA,NA,NA,NA
"2823",240291,128164,"TAD",42231.75,-32,7,9,100,34,32.1,27.3,5.1,1,0.4,0,0,0,NA,NA,NA,NA,NA
"2824",240292,128164,"TAD",42232,-32,5,9,100,22,16,34.7,11,7.1,7.5,1,0,0,NA,NA,NA,NA,NA
"2825",240293,128164,"TAD",42232.25,-32,1,9,100,33,13.3,22.5,5,5.8,19,0,0,0,NA,NA,NA,NA,NA
"2826",240294,128164,"TAD",42232.5,-32,2,9,100,48,26.8,20.6,3,0.7,0.2,0,0,0,NA,NA,NA,NA,NA
"2827",240295,128164,"TAD",42232.75,-33,8,9,100,23,15.4,33.7,13.2,8.1,6.1,0,0,0,NA,NA,NA,NA,NA
"2828",240296,128164,"TAD",42233,-33,5,9,100,25,10.1,18.1,7.8,8.2,30.1,0,0,0,NA,NA,NA,NA,NA
"2829",240297,128164,"TAD",42233.25,-33,5,9,100,25,12.5,18.8,4.2,3.6,27.2,8,0,0,NA,NA,NA,NA,NA
"2830",240298,128164,"TAD",42233.5,-33,5,9,100,15,11.4,18.6,7.8,7.6,33.4,5,0,0,NA,NA,NA,NA,NA
"2831",240299,128164,"TAD",42233.75,-33,2,9,100,27,24.9,37,6.5,1.7,2.4,0,0,0,NA,NA,NA,NA,NA
"2832",240300,128164,"TAD",42234,-33,6,9,100,47,19.9,24.2,2.5,1.6,4.4,0,0,0,NA,NA,NA,NA,NA
"2833",240301,128164,"TAD",42234.25,-33,5,9,100,29,13.4,39,8,4.8,5,0,0,0,NA,NA,NA,NA,NA
"2834",240302,128164,"TAD",42234.5,-33,5,9,100,16,12.9,33.3,13.6,10.3,13.2,0,0,0,NA,NA,NA,NA,NA
"2835",240303,128164,"TAD",42234.75,-33,2,9,100,30,11.4,21.1,11.9,12.9,11.9,0,0,0,NA,NA,NA,NA,NA
"2836",240304,128164,"TAD",42235,-33,6,9,100,31,17.6,36.1,8.3,5,1.3,0,0,0,NA,NA,NA,NA,NA
"2837",240305,128164,"TAD",42235.25,-33,9,9,100,38,18.1,29.4,5.4,2.8,6.1,0,0,0,NA,NA,NA,NA,NA
"2838",240306,128164,"TAD",42235.5,-33,7,9,100,47,21.3,17.4,5.2,3.9,4.8,0,0,0,NA,NA,NA,NA,NA
"2839",240307,128164,"TAD",42235.75,-33,5,9,100,36,37,26.1,0.6,0,0,0,0,0,NA,NA,NA,NA,NA
"2840",240308,128164,"TAD",42236,-33,6,9,100,25,21.6,34.9,5.6,3.3,9.2,0,0,0,NA,NA,NA,NA,NA
"2841",240309,128164,"TAD",42236.25,-33,3,9,100,22,14.8,36.7,12.4,10.6,3,0,0,0,NA,NA,NA,NA,NA
"2842",240310,128164,"TAD",42236.5,-33,5,9,100,29,24.6,34.2,5.6,1.9,4.6,0,0,0,NA,NA,NA,NA,NA
"2843",240311,128164,"TAD",42236.75,-33,4,9,100,22,20.6,43,8.9,4.3,0.6,0,0,0,NA,NA,NA,NA,NA
"2844",240312,128164,"TAD",42237,-33,6,9,100,23,19.6,34.1,8.9,7.6,6.5,0,0,0,NA,NA,NA,NA,NA
"2845",240313,128164,"TAD",42237.25,-33,6,9,100,25,13.3,30.4,11,11.5,8.6,0,0,0,NA,NA,NA,NA,NA
"2846",240314,128164,"TAD",42237.5,-33,2,9,100,30,14.6,26.2,8.2,8,12.2,0,0,0,NA,NA,NA,NA,NA
"2847",240315,128164,"TAD",42237.75,-33,4,9,100,16,17.1,21.6,6.1,6.7,28.7,3,0,0,NA,NA,NA,NA,NA
"2848",240316,128164,"TAD",42238,-33,7,9,100,18,17.8,28.2,8.9,7.8,18.3,0,0,0,NA,NA,NA,NA,NA
"2849",240317,128164,"TAD",42238.25,-33,4,9,100,21,10.4,26,11.3,10.1,19.4,1,0,0,NA,NA,NA,NA,NA
"2850",240318,128164,"TAD",42238.5,-33,2,9,100,17,13.9,32.8,13.6,7.8,11.1,3,0,0,NA,NA,NA,NA,NA
"2851",240319,128164,"TAD",42238.75,-33,6,9,100,16,9.6,29.6,12.2,11.1,18.3,3,0,0,NA,NA,NA,NA,NA
"2852",240320,128164,"TAD",42239,-33,7,9,100,20,19.3,33.9,9.2,5.6,11.4,0,0,0,NA,NA,NA,NA,NA
"2853",240321,128164,"TAD",42239.25,-33,2,9,100,28,9.3,15.9,5.1,3.7,13.7,23,0.1,0,NA,NA,NA,NA,NA
"2854",240322,128164,"TAD",42239.5,-33,7,9,100,14,10.4,34.3,13.8,10.3,15.3,1,0,0,NA,NA,NA,NA,NA
"2855",240323,128164,"TAD",42239.75,-33,8,9,100,14,14.7,30,9.2,7.5,19.5,4,0,0,NA,NA,NA,NA,NA
"2856",240324,128164,"TAD",42240,-33,4,9,100,17,11.5,33.5,12.8,11.5,12.9,0,0,0,NA,NA,NA,NA,NA
"2857",240325,128164,"TAD",42240.25,-33,3,9,100,19,12.1,23.6,7.1,6.8,20.3,10,0,0,NA,NA,NA,NA,NA
"2858",240326,128164,"TAD",42240.5,-33,3,9,100,19,9.8,28.4,12.2,12.8,17.6,0,0,0,NA,NA,NA,NA,NA
"2859",240327,128164,"TAD",42240.75,-33,4,9,100,11,11.4,31.1,12.2,9.9,18.9,4,0,0,NA,NA,NA,NA,NA
"2860",240328,128164,"TAD",42241,-33,1,9,100,33,7.8,9.7,5.3,7.5,21.1,15,0,0,NA,NA,NA,NA,NA
"2861",240329,128164,"TAD",42241.25,-33,2,9,100,24,10.1,21.1,4.9,7.4,20,11,0.1,0,NA,NA,NA,NA,NA
"2862",240330,128164,"TAD",42241.5,-33,4,9,100,21,18.1,16.6,5.5,4,15.8,18,0,0,NA,NA,NA,NA,NA
"2863",240331,128164,"TAD",42241.75,-33,10,9,100,70,16.7,11.4,0.8,0.3,0.3,0,0,0,NA,NA,NA,NA,NA
"2864",240332,128164,"TAD",42242,-33,8,9,100,33,12.6,21.2,5.5,5.5,19.6,2,0,0,NA,NA,NA,NA,NA
"2865",240333,128164,"TAD",42242.25,-33,2,9,100,33,13.8,21.2,6.3,5.7,14.6,5,0,0,NA,NA,NA,NA,NA
"2866",240334,128164,"TAD",42242.5,-33,3,9,100,13,9.9,23.9,8.1,9.3,24,11,0.3,0,NA,NA,NA,NA,NA
"2867",240335,128164,"TAD",42242.75,-33,3,9,100,66,19.6,8.1,2.2,0.8,0.8,2,0,0,NA,NA,NA,NA,NA
"2868",240336,128164,"TAD",42243,-33,1,9,100,19,9.3,25.1,12.8,10.1,15.8,7,0,0,NA,NA,NA,NA,NA
"2869",240337,128164,"TAD",42243.25,-33,4,9,100,30,13.9,22.7,5.1,4.7,13.1,9,0,0,NA,NA,NA,NA,NA
"2870",240338,128164,"TAD",42243.5,-33,4,9,100,18,15,12.6,5.1,6.9,25.1,15,0.8,0,NA,NA,NA,NA,NA
"2871",240339,128164,"TAD",42243.75,-33,5,9,100,61,24.2,12.8,0.8,0.3,0,0,0,0,NA,NA,NA,NA,NA
"2872",240340,128164,"TAD",42244,-33,2,9,100,17,14,26.3,7.9,4.2,13.6,15,0.6,0,NA,NA,NA,NA,NA
"2873",240341,128164,"TAD",42244.25,-33,4,9,100,44,11,15.1,3.9,3,20.6,1,0,0,NA,NA,NA,NA,NA
"2874",240342,128164,"TAD",42244.5,-33,5,9,100,20,19.1,41.6,6.7,3.5,8.5,0,0,0,NA,NA,NA,NA,NA
"2875",240343,128164,"TAD",42244.75,-33,6,9,100,31,18.3,29,5.8,3.2,11.9,0,0,0,NA,NA,NA,NA,NA
"2876",240344,128164,"TAD",42245,-33,4,9,100,22,13.1,30.6,8.8,8.1,17.2,0,0,0,NA,NA,NA,NA,NA
"2877",240345,128164,"TAD",42245.25,-33,5,9,100,37,12.8,16.9,4.8,5.8,19.5,2,0,0,NA,NA,NA,NA,NA
"2878",240346,128164,"TAD",42245.5,-33,6,9,100,23,22.6,43,5.2,3.5,2.6,0,0,0,NA,NA,NA,NA,NA
"2879",240347,128164,"TAD",42245.75,-33,4,9,100,23,15.4,39.3,10.2,6.9,4.8,0,0,0,NA,NA,NA,NA,NA
"2880",240348,128164,"TAD",42246,-33,4,9,100,19,10.2,36.7,11.7,8.3,13.7,0,0,0,NA,NA,NA,NA,NA
"2881",240349,128164,"TAD",42246.25,-33,6,9,100,29,13.1,38.9,5.4,3.9,9.6,0,0,0,NA,NA,NA,NA,NA
"2882",240350,128164,"TAD",42246.5,-33,7,9,100,26,35.1,37.1,1.3,0.2,0,0,0,0,NA,NA,NA,NA,NA
"2883",240351,128164,"TAD",42246.75,-33,3,9,100,45,32.3,22.4,0.2,0,0,0,0,0,NA,NA,NA,NA,NA
"2884",240352,128164,"TAD",42247,-33,5,9,100,28,21.1,41.5,7.8,0.9,0.4,0,0,0,NA,NA,NA,NA,NA
"2885",240353,128164,"TAD",42247.25,-33,4,9,100,26,24.8,38.1,5.2,3.3,1.9,0,0,0,NA,NA,NA,NA,NA
"2886",240354,128164,"TAD",42247.5,-33,3,9,100,25,39.4,33.5,1.3,0.2,0,0,0,0,NA,NA,NA,NA,NA
"2887",240355,128164,"TAD",42247.75,-33,7,9,100,26,25.6,37.8,5.8,3.3,1.5,0,0,0,NA,NA,NA,NA,NA
"2888",240356,128164,"TAD",42248,-33,3,9,100,27,22.5,35.3,4.7,3.1,7.4,0,0,0,NA,NA,NA,NA,NA
"2889",240357,128164,"TAD",42248.25,-33,4,9,100,24,10.6,19.9,6.3,6.1,27.1,5,0,0,NA,NA,NA,NA,NA
"2890",240358,128164,"TAD",42248.5,-33,2,9,100,18,14.2,28.4,10.3,7.1,16,5,0,0,NA,NA,NA,NA,NA
"2891",240359,128164,"TAD",42248.75,-33,5,9,100,12,12.2,35.6,17.1,11.1,11.7,0,0,0,NA,NA,NA,NA,NA
"2892",240360,128164,"TAD",42249,-33,5,9,100,20,13,37.7,18.4,6.9,3.7,0,0,0,NA,NA,NA,NA,NA
"2893",240361,128164,"TAD",42249.25,-33,6,9,100,23,7.5,20.1,8.2,9.9,26.5,4,0,0,NA,NA,NA,NA,NA
"2894",240362,128164,"TAD",42249.5,-33,3,9,100,21,14.8,39.1,10,5.6,6.3,2,0,0,NA,NA,NA,NA,NA
"2895",240363,128164,"TAD",42249.75,-33,3,9,100,28,18.6,21.1,4.3,3.6,23.8,0,0,0,NA,NA,NA,NA,NA
"2896",240364,128164,"TAD",42250,-33,6,9,100,28,7.5,19.7,9.9,9.2,24.8,0,0,0,NA,NA,NA,NA,NA
"2897",240365,128164,"TAD",42250.25,-33,5,9,100,35,8.9,25.3,16.6,6,6.9,1,0,0,NA,NA,NA,NA,NA
"2898",240366,128164,"TAD",42250.5,-33,3,9,100,26,7.4,13.3,9,11.2,13.2,19,0,0,NA,NA,NA,NA,NA
"2899",240367,128164,"TAD",42250.75,-33,3,9,100,15,13.2,52.1,15.3,3.5,0.7,0,0,0,NA,NA,NA,NA,NA
"2900",240368,128164,"TAD",42251,-33,3,9,100,17,10,35.1,11.9,8.9,15.4,1,0,0,NA,NA,NA,NA,NA
"2901",240369,128164,"TAD",42251.25,-33,8,9,100,29,12.2,16.4,7.6,7.2,21.3,6,0,0,NA,NA,NA,NA,NA
"2902",240370,128164,"TAD",42251.5,-33,5,9,100,49,11.1,9.5,2.8,2.5,15.5,9,0,0,NA,NA,NA,NA,NA
"2903",240371,128164,"TAD",42251.75,-33,4,9,100,65,8.3,7.8,3.3,3.6,11.4,0,0,0,NA,NA,NA,NA,NA
"2904",240372,128164,"TAD",42252,-33,2,9,100,22,19.9,38,9.6,4.3,5,0,0,0,NA,NA,NA,NA,NA
"2905",240373,128164,"TAD",42252.25,-33,4,9,100,23,9.9,24.4,12.9,7.9,16.3,5,0,0,NA,NA,NA,NA,NA
"2906",240374,128164,"TAD",42252.75,-33,4,9,100,17,15.5,22,5.4,5.9,20.1,12,1.9,0,NA,NA,NA,NA,NA
"2907",240375,128164,"TAD",42253,-33,4,9,100,32,14.2,26,6.8,6.3,12.5,1,0,0,NA,NA,NA,NA,NA
"2908",240376,128164,"TAD",42253.25,-33,1,9,100,28,10.7,13.5,3.6,3.3,26.4,13,0.1,0,NA,NA,NA,NA,NA
"2909",240377,128164,"TAD",42253.5,-33,8,9,100,36,23.8,27.1,5,3,4.3,0,0,0,NA,NA,NA,NA,NA
"2910",240378,128164,"TAD",42253.75,-33,6,9,100,14,14.7,30.8,7.5,4.9,21,5,0.4,0,NA,NA,NA,NA,NA
"2911",240379,128164,"TAD",42254,-33,4,9,100,24,14.2,18.2,6,5,24.9,6,0.1,0,NA,NA,NA,NA,NA
"2912",240380,128164,"TAD",42254.25,-33,4,9,100,21,13.2,21.3,7.1,8.2,25.3,4,0,0,NA,NA,NA,NA,NA
"2913",240381,128164,"TAD",42254.5,-33,5,9,100,14,8.5,18.1,6.4,5.7,23.2,22,1,0,NA,NA,NA,NA,NA
"2914",240382,128164,"TAD",42254.75,-33,3,9,100,19,14.2,33.1,5.3,3.3,12.2,12,0,0,NA,NA,NA,NA,NA
"2915",240383,128164,"TAD",42255,-33,1,9,100,19,12.8,23.6,12.5,8.3,17.3,6,0,0,NA,NA,NA,NA,NA
"2916",240384,128164,"TAD",42255.25,-33,1,9,100,17,12.8,30.8,6.7,5.3,19.2,7,0,0,NA,NA,NA,NA,NA
"2917",240385,128164,"TAD",42255.5,-33,5,9,100,20,14.6,23.8,7.8,4.9,20.6,8,0,0,NA,NA,NA,NA,NA
"2918",240386,128164,"TAD",42255.75,-33,9,9,100,9,7.2,12.3,5.3,5.4,27.5,32,0.3,0,NA,NA,NA,NA,NA
"2919",240387,128164,"TAD",42256,-33,2,9,100,15,13.3,21.8,7.3,4.4,23.5,14,0,0,NA,NA,NA,NA,NA
"2920",240388,128164,"TAD",42256.25,-33,5,9,100,25,16.6,25.6,4.6,5.1,15.9,7,0,0,NA,NA,NA,NA,NA
"2921",240389,128164,"TAD",42256.5,-33,5,9,100,17,9.6,13.2,4.3,4.4,35,16,0,0,NA,NA,NA,NA,NA
"2922",240390,128164,"TAD",42256.75,-33,6,9,100,15,7.6,14,3.1,4.4,35.1,20,0,0,NA,NA,NA,NA,NA
"2923",240391,128164,"TAD",42257,-33,5,9,100,16,10.1,21.4,7.9,7.1,25,11,0,0,NA,NA,NA,NA,NA
"2924",240392,128164,"TAD",42257.25,-33,3,9,100,16,6.3,12.1,6.3,4.1,16.1,39,0.2,0,NA,NA,NA,NA,NA
"2925",240393,128164,"TAD",42257.5,-33,2,9,100,22,6.7,7.4,2.4,2.8,16.9,37,4.3,0,NA,NA,NA,NA,NA
"2926",240394,128164,"TAD",42257.75,-33,2,9,100,24,15.3,10.7,3.6,3.3,10.7,20,11.3,0,NA,NA,NA,NA,NA
"2927",240395,128164,"TAD",42258,-33,5,9,100,16,4.7,6.5,2.8,3.6,33.3,14,18.8,0,NA,NA,NA,NA,NA
"2928",240396,128164,"TAD",42258.25,-34,4,9,100,19,8.1,12.2,4.2,4.9,17,34,0,0,NA,NA,NA,NA,NA
"2929",240397,128164,"TAD",42258.5,-34,6,9,100,17,7.9,9.2,2,2,15.3,45,0.2,0,NA,NA,NA,NA,NA
"2930",240398,128164,"TAD",42258.75,-34,4,9,100,10,8.3,15,4.7,3.9,29.1,28,0,0,NA,NA,NA,NA,NA
"2931",240399,128164,"TAD",42259,-34,7,9,100,14,7.8,12.8,7.3,8.9,41.2,7,0,0,NA,NA,NA,NA,NA
"2932",240400,128164,"TAD",42259.25,-34,5,9,100,11,7.5,15.4,12.9,13.5,29,10,0,0,NA,NA,NA,NA,NA
"2933",240401,128164,"TAD",42259.5,-34,3,9,100,24,12.9,30,16.4,11.8,4.7,0,0,0,NA,NA,NA,NA,NA
"2934",240402,128164,"TAD",42259.75,-34,3,9,100,18,11.9,11.5,2.5,1.7,29.3,24,0,0,NA,NA,NA,NA,NA
"2935",240403,128164,"TAD",42260,-34,3,9,100,21,16.7,35.6,8.3,5.6,8.5,4,0,0,NA,NA,NA,NA,NA
"2936",240404,128164,"TAD",42260.25,-34,3,9,100,19,9.6,25.5,11.3,8.6,13.4,12,0,0,NA,NA,NA,NA,NA
"2937",240405,128164,"TAD",42260.5,-34,4,9,100,21,34.6,26.1,3.6,4.6,9.3,0,0,0,NA,NA,NA,NA,NA
"2938",240406,128164,"TAD",42260.75,-34,4,9,100,38,35.6,23.2,2,0.6,0.6,0,0,0,NA,NA,NA,NA,NA
"2939",240407,128164,"TAD",42261,-34,6,9,100,18,12.8,35.6,15,8.5,9.1,0,0,0,NA,NA,NA,NA,NA
"2940",240408,128164,"TAD",42261.25,-34,5,9,100,25,12.8,29.7,9,8,11.8,3,0,0,NA,NA,NA,NA,NA
"2941",240409,128164,"TAD",42261.5,-34,8,9,100,25,18.3,22.3,7.2,4.3,15.7,6,0,0,NA,NA,NA,NA,NA
"2942",240410,128164,"TAD",42261.75,-34,8,9,100,14,6.5,15.6,6.3,6.9,37.6,12,0.2,0,NA,NA,NA,NA,NA
"2943",240411,128164,"TAD",42262,-34,3,9,100,16,8.5,11.5,4.9,5.3,27,18,8.1,0,NA,NA,NA,NA,NA
"2944",240412,128164,"TAD",42262.25,-34,3,9,100,38,7.2,5.6,1.9,2,10.4,23,10.6,0,NA,NA,NA,NA,NA
"2945",240413,128164,"TAD",42262.5,-34,3,9,100,47,23.4,7.4,1.6,1.2,4.6,9,4.4,0,NA,NA,NA,NA,NA
"2946",240414,128164,"TAD",42262.75,-34,3,9,100,16,11.5,8.7,1.9,1.1,6.7,17,36.5,0,NA,NA,NA,NA,NA
"2947",240415,128164,"TAD",42263,-34,1,9,100,15,4.6,7.8,3.3,4.6,38.8,25,0,0,NA,NA,NA,NA,NA
"2948",240416,128164,"TAD",42263.25,-34,4,9,100,18,7.6,16.1,5.6,8.2,39.5,5,0,0,NA,NA,NA,NA,NA
"2949",240417,128164,"TAD",42263.5,-34,5,9,100,13,5.3,13,8.3,7.1,33,19,0.1,0,NA,NA,NA,NA,NA
"2950",240418,128164,"TAD",42263.75,-34,1,9,100,13,5.6,8,4.8,4.8,26.5,37,0,0,NA,NA,NA,NA,NA
"2951",240419,128164,"TAD",42264,-34,6,9,100,13,5,12.9,7.8,7.8,35,17,0,0,NA,NA,NA,NA,NA
"2952",240420,128164,"TAD",42264.25,-34,3,9,100,10,4.6,10.4,8.6,7.2,37.7,21,0,0,NA,NA,NA,NA,NA
"2953",240421,128164,"TAD",42264.5,-34,5,9,100,18,10.6,23.1,9.9,10.7,26.8,0,0,0,NA,NA,NA,NA,NA
"2954",240422,128164,"TAD",42264.75,-34,7,9,100,25,20.2,38.5,7.4,5.6,3,0,0,0,NA,NA,NA,NA,NA
"2955",240423,128164,"TAD",42265,-34,8,9,100,17,8.6,25.6,12.9,9.2,19.5,6,0.1,0,NA,NA,NA,NA,NA
"2956",240424,128164,"TAD",42265.25,-34,4,9,100,14,3,4.8,1.9,2.2,30.5,41,2.2,0,NA,NA,NA,NA,NA
"2957",240425,128164,"TAD",42265.5,-34,2,9,100,21,7.6,4.6,0.7,0.7,13.4,37,13.2,0,NA,NA,NA,NA,NA
"2958",240426,128164,"TAD",42265.75,-34,7,9,100,24,7.8,9,4.7,4.6,32,17,0,0,NA,NA,NA,NA,NA
"2959",240427,128164,"TAD",42266,-34,3,9,100,34,10.3,13.8,3.9,3.5,16.3,17,0,0,NA,NA,NA,NA,NA
"2960",240428,128164,"TAD",42266.25,-34,4,9,100,21,8.5,17.1,6,8.6,31.4,7,0,0,NA,NA,NA,NA,NA
"2961",240429,128164,"TAD",42266.5,-34,5,9,100,20,8.2,11.7,3.6,4,15.4,27,8.5,0,NA,NA,NA,NA,NA
"2962",240430,128164,"TAD",42266.75,-34,3,9,100,27,14.3,12.4,2.8,2.2,10.4,14,15.3,0,NA,NA,NA,NA,NA
"2963",240431,128164,"TAD",42267,-34,2,9,100,16,5.4,8.1,3.6,3.2,17,19,27.1,0,NA,NA,NA,NA,NA
"2964",240432,128164,"TAD",42267.25,-34,2,9,100,11,4.8,6.1,2.8,3.5,31.8,39,0.2,0,NA,NA,NA,NA,NA
"2965",240433,128164,"TAD",42267.5,-34,1,9,100,13,1.6,3.2,1.4,1.9,48.4,29,0,0,NA,NA,NA,NA,NA
"2966",240434,128164,"TAD",42267.75,-34,4,9,100,22,7.4,5.7,2.1,1.8,13.5,26,20.4,0,NA,NA,NA,NA,NA
"2967",240435,128164,"TAD",42268,-34,3,9,100,30,5.7,5.4,1.9,1.1,6.8,18,30.1,0,NA,NA,NA,NA,NA
"2968",240436,128164,"TAD",42268.25,-34,3,9,100,29,8.8,9.3,4.6,4.6,19.7,17,6.9,0,NA,NA,NA,NA,NA
"2969",240437,128164,"TAD",42268.5,-34,3,9,100,29,9.9,8.9,2.1,2.5,10.8,17,19,0,NA,NA,NA,NA,NA
"2970",240438,128164,"TAD",42268.75,-34,5,9,100,36,6.7,4.6,1.8,1.1,5.7,7,37,0,NA,NA,NA,NA,NA
"2971",240439,128164,"TAD",42269,-34,3,9,100,18,8.5,5.8,3.5,3.3,13.7,38,8.7,0,NA,NA,NA,NA,NA
"2972",240440,128164,"TAD",42269.25,-34,2,9,100,24,7.9,13.6,4.3,3.3,10.6,35,0.8,0,NA,NA,NA,NA,NA
"2973",240441,128164,"TAD",42269.5,-34,5,9,100,21,7,5,1.1,1,5.4,29,29.5,0,NA,NA,NA,NA,NA
"2974",240442,128164,"TAD",42269.75,-34,3,9,100,16,10.1,11,3.1,2.6,8.8,12,25.8,9.7,NA,NA,NA,NA,NA
"2975",240443,128164,"TAD",42270,-34,7,9,100,16,6.7,7.8,1.7,1.7,4.6,10,44.5,6.7,NA,NA,NA,NA,NA
"2976",240444,128164,"TAD",42270.25,-34,3,9,100,17,4.8,4.8,2,1.5,5,14,46.2,3.7,NA,NA,NA,NA,NA
"2977",240445,128164,"TAD",42270.5,-34,3,9,100,24,14,15,3.6,3.9,14.2,13,11.8,0,NA,NA,NA,NA,NA
"2978",240446,128164,"TAD",42270.75,-34,3,9,100,26,12.3,10.4,2.4,2.5,12.1,19,13.7,0,NA,NA,NA,NA,NA
"2979",240447,128164,"TAD",42271,-34,6,9,100,19,6.7,6,2.1,1.8,12.1,15,33.1,3.2,NA,NA,NA,NA,NA
"2980",240448,128164,"TAD",42271.25,-34,1,9,100,30,7.2,8.9,1.5,0.7,4.6,3,36.2,6.3,NA,NA,NA,NA,NA
"2981",240449,128164,"TAD",42271.5,-34,3,9,100,16,4.3,14.3,7.1,8.3,14.4,30,5,0,NA,NA,NA,NA,NA
"2982",240450,128164,"TAD",42271.75,-34,1,9,100,18,8.3,24,5.3,4.9,11.1,22,5,0,NA,NA,NA,NA,NA
"2983",240451,128164,"TAD",42272,-34,4,9,100,26,8.5,10,1.3,0.7,3.7,11,36.9,0.4,NA,NA,NA,NA,NA
"2984",240452,128164,"TAD",42272.25,-34,2,9,100,24,13.2,18.6,6.7,3.5,6.7,5,21.5,0,NA,NA,NA,NA,NA
"2985",240453,128164,"TAD",42272.5,-34,3,9,100,13,10.9,9.8,1.5,1.7,7.2,12,41.2,1.1,NA,NA,NA,NA,NA
"2986",240454,128164,"TAD",42273,-34,2,9,100,14,6.5,24.3,19.3,16.1,18.9,0,0,0,NA,NA,NA,NA,NA
"2987",240455,128164,"TAD",42273.25,-34,3,9,100,27,9.3,12.6,4.3,3.9,16.3,26,0,0,NA,NA,NA,NA,NA
"2988",240456,128164,"TAD",42273.5,-34,1,9,100,15,7.6,5.9,2.6,3.1,27,37,0,0,NA,NA,NA,NA,NA
"2989",240457,128164,"TAD",42273.75,-34,2,9,100,58,11.4,7.4,2.1,2.3,7.9,7,2.8,0,NA,NA,NA,NA,NA
"2990",240458,128164,"TAD",42274,-34,3,9,100,21,8.3,12.6,4.2,3,12.4,17,20.1,0,NA,NA,NA,NA,NA
"2991",240459,128164,"TAD",42274.25,-34,1,9,100,22,7.3,14.7,6.5,5.1,16.9,21,5.1,0,NA,NA,NA,NA,NA
"2992",240460,128164,"TAD",42274.5,-34,3,9,100,21,18.9,13.8,3.2,2,8.4,19,12.4,0,NA,NA,NA,NA,NA
"2993",240461,128164,"TAD",42274.75,-34,3,9,100,18,13,13.3,4.4,4.5,9.1,15,12.2,9.8,NA,NA,NA,NA,NA
"2994",240462,128164,"TAD",42275,-34,4,9,100,32,6.4,10.3,3.8,2.9,8.8,13,21.3,0,NA,NA,NA,NA,NA
"2995",240463,128164,"TAD",42275.25,-34,1,9,100,12,4.3,5.1,2.2,2.4,18.3,31,23.8,0,NA,NA,NA,NA,NA
"2996",240464,128164,"TAD",42275.5,-34,1,9,100,18,5.6,7.2,3.5,3.1,11.7,10,35.7,4.8,NA,NA,NA,NA,NA
"2997",240465,128164,"TAD",42276,-34,1,9,100,17,5.8,6.5,2.1,2.5,11.4,10,29.2,14.4,NA,NA,NA,NA,NA
"2998",240466,128164,"TAD",42276.25,-34,1,9,100,14,3.6,5.8,2.4,3.1,25,20,24.6,0,NA,NA,NA,NA,NA
"2999",240467,128164,"TAD",42276.75,-34,1,9,100,17,7.8,8,1.3,1.5,7.2,11,44.7,0,NA,NA,NA,NA,NA
"3000",240468,128164,"TAD",42277,-34,1,9,100,18,8.8,16.5,6.6,4.6,21.3,22,1.2,0,NA,NA,NA,NA,NA
"3001",240469,128164,"TAD",42277.25,-34,1,9,100,17,7,17,9,6.8,15.6,24,2.8,0,NA,NA,NA,NA,NA
"3002",240470,128164,"TAD",42278.25,-34,2,9,100,15,9.9,24.1,10.7,8.8,24.1,6,0,0,NA,NA,NA,NA,NA
"3003",240471,128164,"TAD",42278.5,-34,4,9,100,11,9,18,11,7.9,26.9,15,0,0,NA,NA,NA,NA,NA
"3004",240472,128164,"TAD",42278.75,-34,1,9,100,7,13.9,20.7,9.9,4.2,10.7,32,0,0,NA,NA,NA,NA,NA
"3005",240473,128164,"TAD",42279.25,-34,1,9,100,13,3.2,4.4,1.4,1.6,10.2,52,13.7,0,NA,NA,NA,NA,NA
"3006",240474,128164,"TAD",42279.5,-34,1,9,100,19,12.6,8.4,0.9,0.7,4.1,8,41.1,3.7,NA,NA,NA,NA,NA
"3007",240475,128164,"TAD",42279.75,-34,1,9,100,26,15,14.6,1.5,1.4,7.5,7,22.5,2.9,NA,NA,NA,NA,NA
"3008",240476,128164,"TAD",42280.25,-34,6,9,100,17,10,32.8,16.7,16.3,7.2,0,0,0,NA,NA,NA,NA,NA
"3009",240477,128164,"TAD",42280.5,-34,2,9,100,26,27.6,39.9,4.1,1.5,0.4,0,0,0,NA,NA,NA,NA,NA
"3010",240478,128164,"TAD",42280.75,-34,1,9,100,52,35.9,11.3,0.2,0,0,0,0,0,NA,NA,NA,NA,NA
"3011",240479,128164,"TAD",42281,-34,1,9,100,14,11.4,20.1,9.9,7.2,24.6,11,0,0,NA,NA,NA,NA,NA
"3012",240480,128164,"TAD",42281.5,-34,1,9,100,14,8.8,21.4,7.5,7.9,28.5,11,0,0,NA,NA,NA,NA,NA
"3013",240481,128164,"TAD",42281.75,-34,2,9,100,15,10.6,27.2,11.4,12.2,23.6,0,0,0,NA,NA,NA,NA,NA
"3014",240482,128164,"TAD",42282,-34,1,9,100,11,7.4,23.3,9.7,10.1,25.4,12,0,0,NA,NA,NA,NA,NA
"3015",240483,128164,"TAD",42282.25,-34,1,9,100,12,5.8,14.2,8.2,8.2,34.6,16,0,0,NA,NA,NA,NA,NA
"3016",240484,128164,"TAD",42282.75,-34,1,9,100,20,13,36.9,13.5,8,8,0,0,0,NA,NA,NA,NA,NA
"3017",240485,128164,"TAD",42283.25,-34,1,9,100,15,9.3,20.3,9.3,5.3,30.9,9,0,0,NA,NA,NA,NA,NA
"3018",240486,128164,"TAD",42283.5,-34,3,9,100,15,8.9,36.9,15.4,8.9,13.9,0,0,0,NA,NA,NA,NA,NA
"3019",240487,128164,"TAD",42283.75,-35,3,9,100,8,5,9.3,4.5,5.2,31.8,36,0,0,NA,NA,NA,NA,NA
"3020",240488,128164,"TAD",42284.5,-35,1,9,100,14,8.2,20.8,16.1,15,25,0,0,0,NA,NA,NA,NA,NA
"3021",240489,128164,"TAD",42285,-35,1,9,100,11,6.9,34.3,15,12.2,19.7,0,0,0,NA,NA,NA,NA,NA
"3022",240490,128164,"TAD",42285.25,-35,3,9,100,19,11.3,44.8,7.4,5.6,11.3,0,0,0,NA,NA,NA,NA,NA
"3023",240491,128164,"TAD",42285.75,-35,2,9,100,15,3,4.6,1.4,1.2,18.3,56,0,0,NA,NA,NA,NA,NA
"3024",240492,128164,"TAD",42286.25,-35,1,9,100,11,2.3,4.2,1.9,3,52,25,0,0,NA,NA,NA,NA,NA
"3025",240493,128164,"TAD",42286.5,-35,1,9,100,13,5.4,6.5,1.8,2.6,15.7,46,8.7,0,NA,NA,NA,NA,NA
"3026",240494,128164,"TAD",42286.75,-35,1,9,100,14,16.8,10,3.8,2.1,11.7,33,7.9,0,NA,NA,NA,NA,NA
"3027",240495,128164,"TAD",42287,-35,1,9,100,55,18.8,17.4,5.6,0.7,1.9,0,0,0,NA,NA,NA,NA,NA
"3028",240496,128164,"TAD",42287.25,-35,1,9,100,24,7.8,16.2,10.5,9.3,23.7,8,0,0,NA,NA,NA,NA,NA
"3029",240497,128164,"TAD",42287.75,-35,1,9,100,14,6.9,9.4,3.9,3.1,19.8,17,25.4,0,NA,NA,NA,NA,NA
"3030",240498,128164,"TAD",42288,-35,1,9,100,17,6.8,9.6,9.2,6.2,13,8,28.7,0.6,NA,NA,NA,NA,NA
"3031",240499,128164,"TAD",42288.25,-35,1,9,100,13,4.5,4.5,0.8,1.4,4.5,7,29.2,34.2,NA,NA,NA,NA,NA
"3032",240500,128164,"TAD",42288.5,-35,2,9,100,24,2.6,3.2,0.6,0.7,2.8,8,35.6,21.3,NA,NA,NA,NA,NA
"3033",240501,128164,"TAD",42288.75,-35,1,9,100,30,5.8,8.9,5.4,6.3,18.3,9,15.1,0,NA,NA,NA,NA,NA
"3034",240502,128164,"TAD",42289.25,-35,2,9,100,17,6.4,9.6,5.8,2.9,8.6,22,26,0,NA,NA,NA,NA,NA
"3035",240503,128164,"TAD",42289.5,-35,2,9,100,18,7.4,9.3,3.8,3.6,25.4,24,7.6,0,NA,NA,NA,NA,NA
"3036",240504,128164,"TAD",42289.75,-35,1,9,100,29,9.7,8.3,3.2,2.9,11.3,12,22.1,0,NA,NA,NA,NA,NA
"3037",240505,128164,"TAD",42290,-35,1,9,100,20,5.5,10,3.7,3.7,14.1,24,17.8,0,NA,NA,NA,NA,NA
"3038",240506,128164,"TAD",42290.5,-35,1,9,100,14,6.7,6.7,2.4,2.4,6.7,23,37.1,0,NA,NA,NA,NA,NA
"3039",240507,128164,"TAD",42291,-35,1,9,100,18,7.2,10.8,4.9,4.4,18.5,30,5.1,0,NA,NA,NA,NA,NA
"3040",240508,128164,"TAD",42291.25,-35,1,9,100,52,4.4,4.2,3.2,3.2,17.6,14,0,0,NA,NA,NA,NA,NA
"3041",240509,128164,"TAD",42292.5,-35,1,9,100,10,3.1,3.1,0.8,1.4,10.8,61,8.9,0,NA,NA,NA,NA,NA
"3042",240510,128164,"TAD",42295.5,-35,1,9,100,13,4,6.4,6,5.3,19.8,11,33.3,0,NA,NA,NA,NA,NA
"3043",240511,128164,"TAD",42296.25,-35,1,9,100,13,3,3,2.2,2.8,32.5,37,2.2,3.3,NA,NA,NA,NA,NA
"3044",240512,128164,"TAD",42299.5,-35,1,9,100,13,8.7,11.4,10.8,7.6,22.8,11,13.5,0,NA,NA,NA,NA,NA
"3045",240513,128164,"TAD",42299.75,-35,1,9,100,18,4.9,5.7,4.4,6.8,33.3,21,4.7,0,NA,NA,NA,NA,NA
"3046",240514,128164,"TAD",42301.25,-35,1,9,100,13,5.5,4.7,3.2,3.2,9.2,31,28.7,0,NA,NA,NA,NA,NA
"3047",240515,128164,"TAD",42301.5,-35,1,9,100,7,6.3,3.9,1.9,0.9,5.6,58,15.5,0,NA,NA,NA,NA,NA
"3048",240516,128164,"TAD",42301.75,-35,1,9,100,11,5.8,5.6,1.7,1.7,7.8,35,30.1,0,NA,NA,NA,NA,NA
"3049",240517,128164,"TAD",42303.5,-35,1,9,100,10,3.9,3.7,3.7,3.1,13.7,31,30,0,NA,NA,NA,NA,NA
"3050",240518,128164,"TAD",42303.75,-35,1,9,100,11,4.7,6,4.3,2.8,17.2,30,23.6,0,NA,NA,NA,NA,NA
"3051",240519,128164,"TAD",42304.25,-35,1,9,100,15,8.3,10.8,11.9,12.1,29.4,9,1.9,0,NA,NA,NA,NA,NA
"3052",240520,128164,"TAD",42306,-35,1,9,100,14,4.4,3.5,2.9,2.2,15.3,22,34.4,0,NA,NA,NA,NA,NA
"3053",240521,128164,"TAD",42306.5,-35,2,9,100,17,8.2,11.4,8.4,6.6,21.6,22,4.5,0,NA,NA,NA,NA,NA
"3054",240522,128164,"TAD",42307.75,-35,1,9,100,15,6.9,7.5,10,8.5,26.4,8,16.4,0,NA,NA,NA,NA,NA
"3055",240523,128164,"TAD",42308.25,-35,1,9,100,10,4.3,2.4,1.9,1.7,10.4,30,38.8,0,NA,NA,NA,NA,NA
"3056",240524,128164,"TAD",42309.5,-35,1,9,100,14,5.6,4.3,2.9,2.5,16.4,26,27.1,0,NA,NA,NA,NA,NA
"3057",240525,128164,"TAD",42309.75,-35,1,9,100,16,3.5,3,2,1.1,10.9,25,37.5,0,NA,NA,NA,NA,NA
"3058",240526,128164,"TAD",42311.5,-35,2,9,100,15,4.1,3.5,2.4,1.9,14.8,47,10.6,0,NA,NA,NA,NA,NA
"3059",240527,128164,"TAD",42312,-35,1,9,100,17,3.8,3.1,1.7,1.4,21.3,16,34.3,0,NA,NA,NA,NA,NA
"3060",240528,128164,"TAD",42313.5,-35,1,9,100,38,7.6,4.4,1.9,0.9,4.8,6,35.2,0,NA,NA,NA,NA,NA
"3061",240529,128164,"TAD",42313.75,-35,3,9,100,19,5.4,4.3,3.9,5.2,15.8,8,37.1,0,NA,NA,NA,NA,NA
"3062",240530,128164,"TAD",42314.75,-35,1,9,100,16,5.2,2.8,1.3,0.7,5.4,24,43.8,0,NA,NA,NA,NA,NA
"3063",240531,128164,"TAD",42315.25,-35,2,9,100,12,2.5,1.6,0.7,0.5,4.2,23,54.9,0,NA,NA,NA,NA,NA
"3064",240532,128164,"TAD",42316.25,-35,1,9,100,16,5.4,4.4,2.4,3.5,15.9,9,42.2,0,NA,NA,NA,NA,NA
"3065",240533,128164,"TAD",42316.5,-35,1,9,100,15,3.5,2.3,0.9,1.6,4.2,14,58,0,NA,NA,NA,NA,NA
"3066",240534,128164,"TAD",42317.75,-35,1,9,100,18,7.2,5.3,4,3.1,15.4,23,22.5,0,NA,NA,NA,NA,NA
"3067",240535,128164,"TAD",42318.75,-35,1,9,100,19,3.5,2.3,2.3,1.2,6.9,9,55,0,NA,NA,NA,NA,NA
"3068",240536,128164,"TAD",42322.5,-35,1,9,100,12,5.1,3.2,1.4,1.8,9.7,16,49.4,0,NA,NA,NA,NA,NA
"3069",241636,128165,"TAD",42196.91667,80,35,10,100,90,4.7,2.5,0.4,0.4,1.7,0,0,0,0,NA,NA,NA,NA
"3070",241637,128165,"TAD",42197,80,5,10,100,69,18.9,5.6,1.1,0.6,2.5,2,0,0,0,NA,NA,NA,NA
"3071",241638,128165,"TAD",42197.25,80,6,10,100,73,23.9,2.3,0.3,0,0.3,0,0,0,0,NA,NA,NA,NA
"3072",241639,128165,"TAD",42197.5,80,12,10,100,77,14.2,3.9,1.3,0.3,1.3,1,1,0,0,NA,NA,NA,NA
"3073",241640,128165,"TAD",42197.75,80,11,10,100,51,22.9,8.6,1.9,0.7,2.8,3,8.1,0,0,NA,NA,NA,NA
"3074",241641,128165,"TAD",42198.25,80,5,10,100,33,18.1,7.2,4,2.6,9,10,14.9,0,0,NA,NA,NA,NA
"3075",241642,128165,"TAD",42198.5,80,5,10,100,34,11.5,6.1,3.1,2.2,11,16,14.9,0,0,NA,NA,NA,NA
"3076",241643,128165,"TAD",42198.75,80,10,10,100,55,19.7,10,2.3,0.9,2.8,6,2.3,0,0,NA,NA,NA,NA
"3077",241644,128165,"TAD",42199,80,3,10,100,52,17.6,15.1,4.9,1.6,7.9,0,0,0,0,NA,NA,NA,NA
"3078",241645,128165,"TAD",42199.25,80,5,10,100,55,22.2,12.7,1.9,0.7,6.9,0,0,0,0,NA,NA,NA,NA
"3079",241646,128165,"TAD",42199.5,81,6,10,100,49,13.2,15.8,5.8,2.6,12.5,0,0,0,0,NA,NA,NA,NA
"3080",241647,128165,"TAD",42199.75,81,7,10,100,37,13.5,16.1,9.1,5.7,14.1,3,0,0,0,NA,NA,NA,NA
"3081",241648,128165,"TAD",42200,81,9,10,100,25,10.3,12.3,9,9.2,33.8,0,0,0,0,NA,NA,NA,NA
"3082",241649,128165,"TAD",42200.25,81,4,10,100,34,12.6,18.8,9.6,5.1,18.9,0,0,0,0,NA,NA,NA,NA
"3083",241650,128165,"TAD",42200.5,81,6,10,100,56,17.6,9,4.8,2.5,9.2,0,0,0,0,NA,NA,NA,NA
"3084",241651,128165,"TAD",42200.75,81,4,10,100,47,15,16.7,8.3,4.4,7.4,0,0,0,0,NA,NA,NA,NA
"3085",241652,128165,"TAD",42201,81,2,10,100,46,10.4,9.5,4.6,4.3,20.2,4,0,0,0,NA,NA,NA,NA
"3086",241653,128165,"TAD",42201.25,81,4,10,100,40,11.3,15.4,9.3,6.7,16.7,0,0,0,0,NA,NA,NA,NA
"3087",241654,128165,"TAD",42201.5,81,5,10,100,40,8.9,6.1,3.9,3.5,24.2,13,0,0,0,NA,NA,NA,NA
"3088",241655,128165,"TAD",42201.75,81,5,10,100,52,13.6,12.7,6.5,4.4,9.7,0,0,0,0,NA,NA,NA,NA
"3089",241656,128165,"TAD",42202,81,5,10,100,58,9,7.6,4.2,3.9,15.5,1,0,0,0,NA,NA,NA,NA
"3090",241657,128165,"TAD",42202.25,81,4,10,100,47,17.4,9.7,3.7,2.6,12.5,6,0,0,0,NA,NA,NA,NA
"3091",241658,128165,"TAD",42202.75,81,3,10,100,43,15.6,13.3,6.9,4.3,13.5,3,0,0,0,NA,NA,NA,NA
"3092",241659,128165,"TAD",42203,81,5,10,100,33,24.9,22.5,9.2,2.2,5.3,2,0,0,0,NA,NA,NA,NA
"3093",241660,128165,"TAD",42203.25,81,4,10,100,38,16.3,16,8.2,2.2,5.8,12,0.7,0,0,NA,NA,NA,NA
"3094",241661,128165,"TAD",42203.5,81,1,10,100,47,13.6,9.7,4.5,2,4.1,19,0,0,0,NA,NA,NA,NA
"3095",241662,128165,"TAD",42203.75,81,3,10,100,43,9.1,11.9,8.2,5.6,19.3,2,0,0,0,NA,NA,NA,NA
"3096",241663,128165,"TAD",42204,81,1,10,100,50,21.8,15.3,4.6,2.5,4.6,1,0,0,0,NA,NA,NA,NA
"3097",241664,128165,"TAD",42204.25,81,5,10,100,39,17.6,14.8,5.4,3.3,5.2,13,0.2,0,0,NA,NA,NA,NA
"3098",241665,128165,"TAD",42204.5,81,5,10,100,57,15,7.4,1.8,1.4,6.2,11,0,0,0,NA,NA,NA,NA
"3099",241666,128165,"TAD",42204.75,81,4,10,100,64,13.9,8.9,3.9,1.7,6.4,1,0,0,0,NA,NA,NA,NA
"3100",241667,128165,"TAD",42205,81,1,10,100,50,10.2,10.6,5.3,3.7,18.5,0,0,0,0,NA,NA,NA,NA
"3101",241668,128165,"TAD",42205.25,81,2,10,100,50,12.5,13.2,4.6,2.1,4.2,12,0,0,0,NA,NA,NA,NA
"3102",241669,128165,"TAD",42205.5,81,5,10,100,50,22.9,13.2,5.1,2.8,4.6,1,0,0,0,NA,NA,NA,NA
"3103",241670,128165,"TAD",42205.75,81,7,10,100,41,10.2,25,7.6,2.8,12.6,0,0,0,0,NA,NA,NA,NA
"3104",241671,128165,"TAD",42206,81,2,10,100,42,8.7,18.9,13,7.2,6.3,3,0,0,0,NA,NA,NA,NA
"3105",241672,128165,"TAD",42206.25,81,2,10,100,34,9.8,12.2,9.2,7.8,22.7,3,0,0,0,NA,NA,NA,NA
"3106",241673,128165,"TAD",42206.5,81,7,10,100,41,13,16,7.1,4.3,15.2,2,0,0,0,NA,NA,NA,NA
"3107",241674,128165,"TAD",42206.75,81,4,10,100,66,14.4,10,1.9,1.1,4.4,1,0,0,0,NA,NA,NA,NA
"3108",241675,128165,"TAD",42207,81,5,10,100,38,13.4,21.5,6.5,3.5,16.7,0,0,0,0,NA,NA,NA,NA
"3109",241676,128165,"TAD",42207.25,81,4,10,100,50,11.9,15.8,6.3,4.2,9.3,2,0.2,0,0,NA,NA,NA,NA
"3110",241677,128165,"TAD",42207.75,81,2,10,100,51,11.8,6.7,2.8,2.1,9.5,16,0,0,0,NA,NA,NA,NA
"3111",241678,128165,"TAD",42208,81,2,10,100,54,15.5,15.5,7.6,3.2,3.9,0,0,0,0,NA,NA,NA,NA
"3112",241679,128165,"TAD",42208.25,81,5,10,100,47,17.4,10.6,4.4,3.7,16.2,0,0,0,0,NA,NA,NA,NA
"3113",241680,128165,"TAD",42208.5,81,4,10,100,32,12.5,20,12.9,7.9,14.3,0,0,0,0,NA,NA,NA,NA
"3114",241681,128165,"TAD",42208.75,81,3,10,100,35,16.4,16.7,13.6,9.3,9,0,0,0,0,NA,NA,NA,NA
"3115",241682,128165,"TAD",42209,81,3,10,100,39,19.1,10.4,6.3,4.1,14.8,5,0,0,0,NA,NA,NA,NA
"3116",241683,128165,"TAD",42209.25,81,4,10,100,39,12,11.5,4.6,2.6,13.5,16,0,0,0,NA,NA,NA,NA
"3117",241684,128165,"TAD",42209.5,81,4,10,100,54,15.7,15.5,5.8,2.3,3,3,0,0,0,NA,NA,NA,NA
"3118",241685,128165,"TAD",42209.75,81,5,10,100,42,12.6,10,4.6,3,16,11,0,0,0,NA,NA,NA,NA
"3119",241686,128165,"TAD",42210,81,5,10,100,64,13.6,8.9,3.1,2.5,6.1,1,0,0,0,NA,NA,NA,NA
"3120",241687,128165,"TAD",42210.25,81,6,10,100,57,15.5,9,3,2.1,10.9,1,0,0,0,NA,NA,NA,NA
"3121",241688,128165,"TAD",42210.5,82,3,10,100,43,14.1,10.9,5.6,4.1,17.6,4,0,0,0,NA,NA,NA,NA
"3122",241689,128165,"TAD",42210.75,82,2,10,100,46,25.7,10.6,2.6,1.9,6.7,6,0,0,0,NA,NA,NA,NA
"3123",241690,128165,"TAD",42211,82,4,10,100,30,16.4,15.4,9.2,5.3,17.8,5,0,0,0,NA,NA,NA,NA
"3124",241691,128165,"TAD",42211.25,82,5,10,100,30,9,7.9,6.5,8.2,16.7,20,0.4,0,0,NA,NA,NA,NA
"3125",241692,128165,"TAD",42211.5,82,4,10,100,77,5.5,3.9,1,0.6,5.8,6,0,0,0,NA,NA,NA,NA
"3126",241693,128165,"TAD",42211.75,82,3,10,100,47,9.3,10.8,9.3,5.8,12.2,4,0.6,0,0,NA,NA,NA,NA
"3127",241694,128165,"TAD",42212,82,4,10,100,64,19.3,8.1,2.2,2,2,2,0,0,0,NA,NA,NA,NA
"3128",241695,128165,"TAD",42212.25,82,3,10,100,39,17.9,14,6.5,3.3,10.7,7,0.2,0,0,NA,NA,NA,NA
"3129",241696,128165,"TAD",42212.5,82,6,10,100,77,10.7,7.4,1.3,0.3,2.9,0,0,0,0,NA,NA,NA,NA
"3130",241697,128165,"TAD",42212.75,82,1,10,100,61,8.9,16.4,7.5,4.2,1.9,0,0,0,0,NA,NA,NA,NA
"3131",241698,128165,"TAD",42213,82,2,10,100,37,13.9,15.2,3.9,3,18.2,7,0.6,0,0,NA,NA,NA,NA
"3132",241699,128165,"TAD",42213.25,82,4,10,100,45,14.7,15.2,4.3,1.9,8.7,9,0,0,0,NA,NA,NA,NA
"3133",241700,128165,"TAD",42213.5,82,3,10,100,60,14.8,18.4,2.2,0.3,3.6,0,0,0,0,NA,NA,NA,NA
"3134",241701,128165,"TAD",42213.75,82,2,10,100,76,10,8.4,3.6,1,0.3,0,0,0,0,NA,NA,NA,NA
"3135",241702,128165,"TAD",42214,82,5,10,100,36,10.9,9.3,5,4.6,23.2,10,0.2,0,0,NA,NA,NA,NA
"3136",241703,128165,"TAD",42214.25,82,4,10,100,46,17.8,14.5,4.6,3.3,8.2,4,0,0,0,NA,NA,NA,NA
"3137",241704,128165,"TAD",42214.5,82,5,10,100,34,12.2,15.3,5.7,3.9,16.6,11,0,0,0,NA,NA,NA,NA
"3138",241705,128165,"TAD",42214.75,82,2,10,100,83,13,4.1,0,0,0,0,0,0,0,NA,NA,NA,NA
"3139",241706,128165,"TAD",42215,82,3,10,100,32,15.1,20.3,10.1,3.9,13.6,4,0,0,0,NA,NA,NA,NA
"3140",241707,128165,"TAD",42215.25,82,1,10,100,23,13.7,14.8,12.2,6.8,27.5,1,0,0,0,NA,NA,NA,NA
"3141",241708,128165,"TAD",42215.5,82,4,10,100,34,13.7,25.9,12.6,6,7.5,0,0,0,0,NA,NA,NA,NA
"3142",241709,128165,"TAD",42215.75,82,5,10,100,33,20.1,20.9,9.3,3.9,12.2,0,0,0,0,NA,NA,NA,NA
"3143",241710,128165,"TAD",42216,82,1,10,100,45,23.2,18.6,4.5,2.8,5.2,0,0,0,0,NA,NA,NA,NA
"3144",241711,128165,"TAD",42216.25,82,2,10,100,39,12.1,14.7,6.3,3.9,12.4,10,0,0,0,NA,NA,NA,NA
"3145",241712,128165,"TAD",42216.5,82,2,10,100,42,17.6,19.5,8.2,3.3,9.1,0,0,0,0,NA,NA,NA,NA
"3146",241713,128165,"TAD",42216.75,82,5,10,100,30,14.9,21.8,11.4,7.2,13.4,1,0,0,0,NA,NA,NA,NA
"3147",241714,128165,"TAD",42217,82,7,10,100,30,19.2,20.1,11.4,6.1,12.5,0,0,0,0,NA,NA,NA,NA
"3148",241715,128165,"TAD",42217.25,82,5,10,100,36,20.9,21.3,6.8,6.1,8.5,0,0,0,0,NA,NA,NA,NA
"3149",241716,128165,"TAD",42217.5,82,8,10,100,24,16,31.8,21,4,2.2,0,0,0,0,NA,NA,NA,NA
"3150",241717,128165,"TAD",42217.75,82,5,10,100,32,13,15.3,15.1,7.5,15.5,1,0,0,0,NA,NA,NA,NA
"3151",241718,128165,"TAD",42218,82,4,10,100,24,11.2,12.8,5,3.7,18,24,0.4,0,0,NA,NA,NA,NA
"3152",241719,128165,"TAD",42218.25,82,3,10,100,35,13.3,13,8.9,5.7,23.3,0,0,0,0,NA,NA,NA,NA
"3153",241720,128165,"TAD",42218.5,82,2,10,100,34,27.6,25.1,6.9,2.8,2.9,0,0,0,0,NA,NA,NA,NA
"3154",241721,128165,"TAD",42218.75,82,1,10,100,42,18.4,14.9,7.1,5,12.3,0,0,0,0,NA,NA,NA,NA
"3155",241722,128165,"TAD",42219,82,5,10,100,40,15.2,15,7.4,6.9,13.9,1,0,0,0,NA,NA,NA,NA
"3156",241723,128165,"TAD",42219.25,82,4,10,100,34,12.1,12.5,8.2,5.8,17.5,9,0,0,0,NA,NA,NA,NA
"3157",241724,128165,"TAD",42219.5,82,5,10,100,32,17.6,15.1,7.8,5.8,11.7,9,0,0,0,NA,NA,NA,NA
"3158",241725,128165,"TAD",42219.75,82,10,10,100,31,13.2,16.3,6.4,2.6,13.9,15,0,0,0,NA,NA,NA,NA
"3159",241726,128165,"TAD",42220,82,6,10,100,22,9.3,13.1,9.5,5.6,33.5,6,0,0,0,NA,NA,NA,NA
"3160",241727,128165,"TAD",42220.25,82,2,10,100,30,15,10.4,6.1,5,30.6,2,0,0,0,NA,NA,NA,NA
"3161",241728,128165,"TAD",42220.5,82,2,10,100,28,12.8,17.5,13.5,7.9,19.6,0,0,0,0,NA,NA,NA,NA
"3162",241729,128165,"TAD",42220.75,82,4,10,100,52,23.9,17.4,3.7,1.2,1.4,0,0,0,0,NA,NA,NA,NA
"3163",241730,128165,"TAD",42221,82,4,10,100,35,11.9,22.1,8.2,6.2,13.3,2,0,0,0,NA,NA,NA,NA
"3164",241731,128165,"TAD",42221.25,83,4,10,100,47,21.3,13,4.4,2.5,6,5,0,0,0,NA,NA,NA,NA
"3165",241732,128165,"TAD",42221.5,83,2,10,100,30,12.8,11.7,4.9,2.8,15.4,20,1.9,0,0,NA,NA,NA,NA
"3166",241733,128165,"TAD",42221.75,83,1,10,100,22,9.3,11.5,9.4,10,31.8,5,0.1,0,0,NA,NA,NA,NA
"3167",241734,128165,"TAD",42222,83,6,10,100,40,9.6,14.7,3.5,3.7,18.7,8,0.2,0,0,NA,NA,NA,NA
"3168",241735,128165,"TAD",42222.25,83,4,10,100,41,10.4,14.1,8.9,6.1,16.5,2,0,0,0,NA,NA,NA,NA
"3169",241736,128165,"TAD",42222.5,83,5,10,100,27,16.5,25.1,17.2,9.6,4,0,0,0,0,NA,NA,NA,NA
"3170",241737,128165,"TAD",42222.75,83,3,10,100,20,10.6,15.3,9.6,7.8,24,11,0.4,0,0,NA,NA,NA,NA
"3171",241738,128165,"TAD",42223,83,3,10,100,37,30.7,23.8,4.5,0.7,1.7,1,0,0,0,NA,NA,NA,NA
"3172",241739,128165,"TAD",42223.25,83,2,10,100,38,28.2,24.5,5.6,1.7,1.3,0,0,0,0,NA,NA,NA,NA
"3173",241740,128165,"TAD",42223.5,83,3,10,100,19,9,17.4,11.5,10.4,24.3,7,0.1,0,0,NA,NA,NA,NA
"3174",241741,128165,"TAD",42223.75,83,4,10,100,19,9.6,13.9,7.8,3.5,16.8,27,1.8,0,0,NA,NA,NA,NA
"3175",241742,128165,"TAD",42224,83,3,10,100,29,20.3,25.7,20,2.6,1.1,1,0,0,0,NA,NA,NA,NA
"3176",241743,128165,"TAD",42224.25,83,1,10,100,32,18.9,27.9,9.6,4.4,6.5,0,0,0,0,NA,NA,NA,NA
"3177",241744,128165,"TAD",42224.5,83,3,10,100,43,14.1,18.3,9.6,5,8,1,0,0,0,NA,NA,NA,NA
"3178",241745,128165,"TAD",42224.75,83,7,10,100,48,13.4,15.7,6.5,4.6,9.9,1,0,0,0,NA,NA,NA,NA
"3179",241746,128165,"TAD",42225,83,2,10,100,43,11.1,16.7,8.2,4.1,9.1,7,0,0,0,NA,NA,NA,NA
"3180",241747,128165,"TAD",42225.25,83,6,10,100,70,8.6,2.2,0.8,0.8,2.2,15,0,0,0,NA,NA,NA,NA
"3181",241748,128165,"TAD",42225.5,83,3,10,100,30,11.7,29,15.3,4.4,8.2,0,0,0,0,NA,NA,NA,NA
"3182",241749,128165,"TAD",42225.75,83,2,10,100,27,14.9,13.8,11,4,16.8,11,1.3,0,0,NA,NA,NA,NA
"3183",241750,128165,"TAD",42226,83,3,10,100,53,18.1,9,2.6,1.6,11.1,4,0,0,0,NA,NA,NA,NA
"3184",241751,128165,"TAD",42226.25,83,5,10,100,29,12.9,14.2,7.6,4,19.3,12,0,0,0,NA,NA,NA,NA
"3185",241752,128165,"TAD",42226.5,83,6,10,100,48,19.4,22,4.4,1.9,2.8,0,0,0,0,NA,NA,NA,NA
"3186",241753,128165,"TAD",42226.75,83,3,10,100,70,16.2,9.5,2.8,1.1,0,0,0,0,0,NA,NA,NA,NA
"3187",241754,128165,"TAD",42227.25,83,2,10,100,56,17.6,18.7,3,0.5,0.9,2,0,0,0,NA,NA,NA,NA
"3188",241755,128165,"TAD",42227.5,83,2,10,100,47,16.3,16.7,8.1,2.4,7.2,1,0.2,0,0,NA,NA,NA,NA
"3189",241756,128165,"TAD",42227.75,83,3,10,100,79,8.7,3.9,1,0.6,4.9,1,0,0,0,NA,NA,NA,NA
"3190",241757,128165,"TAD",42228,83,4,10,100,29,13.4,23.5,10.8,4.2,14.3,4,0,0,0,NA,NA,NA,NA
"3191",241758,128165,"TAD",42228.25,83,5,10,100,28,17.3,26.1,10.7,3.6,12.2,1,0,0,0,NA,NA,NA,NA
"3192",241759,128165,"TAD",42228.5,83,6,10,100,34,9.4,13.2,11.8,12.8,18.3,0,0,0,0,NA,NA,NA,NA
"3193",241760,128165,"TAD",42228.75,83,3,10,100,53,16.2,10,10.2,6.5,3.9,0,0,0,0,NA,NA,NA,NA
"3194",241761,128165,"TAD",42229,83,1,10,100,50,22.2,22.2,2.8,1.6,1.2,0,0,0,0,NA,NA,NA,NA
"3195",241762,128165,"TAD",42229.25,83,5,10,100,41,15,11.5,11.5,13.9,6.7,0,0,0,0,NA,NA,NA,NA
"3196",241763,128165,"TAD",42229.5,83,6,10,100,68,18.7,8.9,3.4,0.6,0,0,0,0,0,NA,NA,NA,NA
"3197",241764,128165,"TAD",42229.75,83,7,10,100,59,19.7,16.4,4.2,0.3,0,0,0,0,0,NA,NA,NA,NA
"3198",241765,128165,"TAD",42230,83,6,10,100,30,17,29.9,9.9,2.9,10.2,0,0,0,0,NA,NA,NA,NA
"3199",241766,128165,"TAD",42230.25,83,5,10,100,41,26.2,19.3,3.9,0.4,8.3,0,0,0,0,NA,NA,NA,NA
"3200",241767,128165,"TAD",42230.5,83,8,10,100,54,25.9,15,3.7,0.7,0,0,0,0,0,NA,NA,NA,NA
"3201",241768,128165,"TAD",42230.75,83,6,10,100,55,22.4,15.7,4.8,1.6,0.5,0,0,0,0,NA,NA,NA,NA
"3202",241769,128165,"TAD",42231,83,4,10,100,24,12.3,14.5,10.4,7.1,14.6,17,0,0,0,NA,NA,NA,NA
"3203",241770,128165,"TAD",42231.25,83,8,10,100,28,16.3,19.4,9.9,3.1,6.4,16,0,0,0,NA,NA,NA,NA
"3204",241771,128165,"TAD",42231.5,83,3,10,100,26,14.7,19.1,8.2,5.8,22.2,3,0,0,0,NA,NA,NA,NA
"3205",241772,128165,"TAD",42231.75,83,2,10,100,34,15.7,23.5,9.9,3.9,11.7,1,0,0,0,NA,NA,NA,NA
"3206",241773,128165,"TAD",42232,84,2,10,100,21,9.5,21.4,14.3,8.5,24.5,0,0,0,0,NA,NA,NA,NA
"3207",241774,128165,"TAD",42232.25,84,2,10,100,38,20,25.8,4.6,1.9,6.1,3,0,0,0,NA,NA,NA,NA
"3208",241775,128165,"TAD",42232.5,84,5,10,100,35,15.9,13.1,5.3,3.2,13.4,14,0,0,0,NA,NA,NA,NA
"3209",241776,128165,"TAD",42232.75,84,3,10,100,48,21.3,23.1,3.9,1.9,1.4,0,0,0,0,NA,NA,NA,NA
"3210",241777,128165,"TAD",42233,84,3,10,100,39,20.4,21.3,5.6,3.7,8.5,0,0,0,0,NA,NA,NA,NA
"3211",241778,128165,"TAD",42233.25,84,9,10,100,42,20.4,20.8,10.2,3.5,3,0,0,0,0,NA,NA,NA,NA
"3212",241779,128165,"TAD",42233.5,84,7,10,100,37,13,14.3,6.3,1.9,10,17,0,0,0,NA,NA,NA,NA
"3213",241780,128165,"TAD",42233.75,84,3,10,100,36,27.4,27.9,5.4,1.7,1.3,0,0,0,0,NA,NA,NA,NA
"3214",241781,128165,"TAD",42234,84,6,10,100,47,21.1,20,3.7,2.4,5.6,0,0,0,0,NA,NA,NA,NA
"3215",241782,128165,"TAD",42234.25,84,4,10,100,43,23.7,22.4,7.8,1.5,1.1,0,0,0,0,NA,NA,NA,NA
"3216",241783,128165,"TAD",42234.5,84,3,10,100,48,24.8,22.9,3.2,0.7,0.2,0,0,0,0,NA,NA,NA,NA
"3217",241784,128165,"TAD",42234.75,84,5,10,100,33,15.7,24,11.7,5.6,8.8,1,0,0,0,NA,NA,NA,NA
"3218",241785,128165,"TAD",42235,84,3,10,100,43,15,21.5,5.9,3.5,7,3,0,0,0,NA,NA,NA,NA
"3219",241786,128165,"TAD",42235.25,84,5,10,100,31,25.3,27.6,7.5,2.5,4.7,1,0,0,0,NA,NA,NA,NA
"3220",241787,128165,"TAD",42235.5,84,3,10,100,29,10.1,13.3,5,4.9,21.5,15,0,0,0,NA,NA,NA,NA
"3221",241788,128165,"TAD",42235.75,84,4,10,100,33,21.3,30.1,11.4,3.3,0.3,0,0,0,0,NA,NA,NA,NA
"3222",241789,128165,"TAD",42236,84,5,10,100,38,22.8,24.1,7,5,3,0,0,0,0,NA,NA,NA,NA
"3223",241790,128165,"TAD",42236.25,84,2,10,100,35,22.5,22.5,8.3,3.6,7.8,0,0,0,0,NA,NA,NA,NA
"3224",241791,128165,"TAD",42236.5,84,4,10,100,40,30.4,17.2,5.2,3.1,3.9,0,0,0,0,NA,NA,NA,NA
"3225",241792,128165,"TAD",42236.75,84,8,10,100,39,20.4,23.3,14.1,2.4,0.2,0,0,0,0,NA,NA,NA,NA
"3226",241793,128165,"TAD",42237,84,6,10,100,30,20.8,32.6,11.7,2.8,1.9,0,0,0,0,NA,NA,NA,NA
"3227",241794,128165,"TAD",42237.25,84,5,10,100,28,12.5,11,5.6,4,26.9,11,0,0,0,NA,NA,NA,NA
"3228",241795,128165,"TAD",42237.5,84,2,10,100,40,11.1,16.1,5,4.8,22.4,0,0,0,0,NA,NA,NA,NA
"3229",241796,128165,"TAD",42237.75,84,4,10,100,30,13.5,18.6,9,6,18.3,4,0,0,0,NA,NA,NA,NA
"3230",241797,128165,"TAD",42238,84,5,10,100,30,12.4,8.6,4.7,3.2,20,20,0,0,0,NA,NA,NA,NA
"3231",241798,128165,"TAD",42238.25,84,6,10,100,37,15.7,12.6,9.2,5.4,12.9,6,0.9,0,0,NA,NA,NA,NA
"3232",241799,128165,"TAD",42238.5,84,4,10,100,40,10.9,13.2,7.2,4.3,14.7,9,0,0,0,NA,NA,NA,NA
"3233",241800,128165,"TAD",42238.75,84,6,10,100,28,22.4,32.8,7.4,1.5,5.4,1,0,0,0,NA,NA,NA,NA
"3234",241801,128165,"TAD",42239,84,3,10,100,28,9.5,6,1.6,1.2,4.2,48,0.2,0,0,NA,NA,NA,NA
"3235",241802,128165,"TAD",42239.25,84,1,10,100,33,10,15.4,3.6,1.9,3.2,20,11.9,0,0,NA,NA,NA,NA
"3236",241803,128165,"TAD",42239.5,84,3,10,100,28,15.1,30.8,16.8,5.4,3.5,0,0,0,0,NA,NA,NA,NA
"3237",241804,128165,"TAD",42239.75,84,3,10,100,26,11.4,16.8,10.1,7.1,23.5,5,0,0,0,NA,NA,NA,NA
"3238",241805,128165,"TAD",42240,84,3,10,100,25,14.7,25,12.2,7.6,14.2,0,0,0,0,NA,NA,NA,NA
"3239",241806,128165,"TAD",42240.25,84,4,10,100,20,10.4,11,3.3,2.4,11.5,40,0,0,0,NA,NA,NA,NA
"3240",241807,128165,"TAD",42240.5,84,2,10,100,27,17.2,23.5,10,6.1,12.4,2,0.8,0,0,NA,NA,NA,NA
"3241",241808,128165,"TAD",42240.75,84,2,10,100,23,12.5,15.4,7.4,4.3,16.6,19,0.1,0,0,NA,NA,NA,NA
"3242",241809,128165,"TAD",42241,84,8,10,100,37,13,13.2,5.9,4.6,12.8,13,0,0,0,NA,NA,NA,NA
"3243",241810,128165,"TAD",42241.25,84,5,10,100,27,16.7,17.4,7.9,5.7,19.4,5,0.4,0,0,NA,NA,NA,NA
"3244",241811,128165,"TAD",42241.5,84,2,10,100,21,10.7,13.5,6.4,4.1,22.2,22,0,0,0,NA,NA,NA,NA
"3245",241812,128165,"TAD",42241.75,84,1,10,100,53,13,16.2,4.2,1.9,7.4,3,0.9,0,0,NA,NA,NA,NA
"3246",241813,128165,"TAD",42242,84,4,10,100,46,15.7,17,8.5,4.8,7.4,0,0,0,0,NA,NA,NA,NA
"3247",241814,128165,"TAD",42242.25,84,7,10,100,36,17.8,27.6,6.1,1.9,5.2,5,0,0,0,NA,NA,NA,NA
"3248",241815,128165,"TAD",42242.5,84,5,10,100,24,7.9,10.7,7.5,8.6,31.3,9,0.3,0,0,NA,NA,NA,NA
"3249",241816,128165,"TAD",42242.75,85,9,10,100,61,20,10.6,2.5,2.5,1.9,0,0,0,0,NA,NA,NA,NA
"3250",241817,128165,"TAD",42243,85,6,10,100,28,21.1,22.4,10.7,5.6,9.6,2,0.1,0,0,NA,NA,NA,NA
"3251",241818,128165,"TAD",42243.25,85,3,10,100,36,11.5,20.2,13.9,7,8.7,2,0,0,0,NA,NA,NA,NA
"3252",241819,128165,"TAD",42243.5,85,3,10,100,49,19.3,20.2,5.3,1.2,3.5,0,0,0,0,NA,NA,NA,NA
"3253",241820,128165,"TAD",42243.75,85,4,10,100,38,16.7,18.5,7.4,8.1,7,4,0,0,0,NA,NA,NA,NA
"3254",241821,128165,"TAD",42244,85,5,10,100,37,19.5,13,5,1.5,5.8,17,0,0,0,NA,NA,NA,NA
"3255",241822,128165,"TAD",42244.25,85,2,10,100,44,11.5,10.6,5.2,2,10.2,16,0.2,0,0,NA,NA,NA,NA
"3256",241823,128165,"TAD",42244.5,85,5,10,100,61,12.8,9.2,2.2,1.1,12.8,0,0,0,0,NA,NA,NA,NA
"3257",241824,128165,"TAD",42244.75,85,9,10,100,67,15.3,15.9,1.1,0,0,0,0,0,0,NA,NA,NA,NA
"3258",241825,128165,"TAD",42245,85,5,10,100,45,33,19.6,1.7,0.2,0.2,0,0,0,0,NA,NA,NA,NA
"3259",241826,128165,"TAD",42245.25,85,3,10,100,61,18.9,13.1,4.4,1.1,0.6,0,0,0,0,NA,NA,NA,NA
"3260",241827,128165,"TAD",42245.5,85,4,10,100,52,23.4,20.4,3.9,0.2,0,0,0,0,0,NA,NA,NA,NA
"3261",241828,128165,"TAD",42245.75,85,9,10,100,29,20.8,27.4,14.7,5,2.8,0,0,0,0,NA,NA,NA,NA
"3262",241829,128165,"TAD",42246,85,3,10,100,28,16.5,37.7,12.4,2.4,3,0,0,0,0,NA,NA,NA,NA
"3263",241830,128165,"TAD",42246.25,85,4,10,100,26,17.1,24.3,13.5,6.7,11.7,0,0,0,0,NA,NA,NA,NA
"3264",241831,128165,"TAD",42246.5,85,2,10,100,31,17.4,30,18.1,2.9,0.1,0,0,0,0,NA,NA,NA,NA
"3265",241832,128165,"TAD",42246.75,85,5,10,100,29,24.2,27.4,15.4,2.9,0.4,0,0,0,0,NA,NA,NA,NA
"3266",241833,128165,"TAD",42247,85,5,10,100,29,15.8,25.6,10,6.5,12.4,0,0,0,0,NA,NA,NA,NA
"3267",241834,128165,"TAD",42247.25,85,4,10,100,31,12.9,28.2,17.5,5.4,4.4,0,0,0,0,NA,NA,NA,NA
"3268",241835,128165,"TAD",42247.5,85,2,10,100,31,19.6,29,9.2,3.1,6.1,1,0,0,0,NA,NA,NA,NA
"3269",241836,128165,"TAD",42247.75,85,9,10,100,34,15.6,28.5,13.5,5.7,2.5,0,0,0,0,NA,NA,NA,NA
"3270",241837,128165,"TAD",42248,85,5,10,100,26,15.1,22.5,19.3,8.2,7.8,0,0,0,0,NA,NA,NA,NA
"3271",241838,128165,"TAD",42248.25,85,1,10,100,26,12.6,17.8,7.9,5.1,27.7,2,0,0,0,NA,NA,NA,NA
"3272",241839,128165,"TAD",42248.5,85,3,10,100,29,9.9,13.5,7.9,6,32.1,1,0,0,0,NA,NA,NA,NA
"3273",241840,128165,"TAD",42248.75,85,3,10,100,43,15.2,19.3,12.6,3.7,5.8,0,0,0,0,NA,NA,NA,NA
"3274",241841,128165,"TAD",42249,85,6,10,100,32,21.4,27.5,6.4,3.3,8.1,0,0,0,0,NA,NA,NA,NA
"3275",241842,128165,"TAD",42249.25,85,2,10,100,40,21,20.2,6.3,3.5,8.5,0,0,0,0,NA,NA,NA,NA
"3276",241843,128165,"TAD",42249.5,85,4,10,100,40,23.6,25,7.6,1.7,2,0,0,0,0,NA,NA,NA,NA
"3277",241844,128165,"TAD",42249.75,85,5,10,100,40,18.9,20.6,8.5,5,6.9,0,0,0,0,NA,NA,NA,NA
"3278",241845,128165,"TAD",42250,85,4,10,100,40,22.3,20.8,7.8,2.8,5.8,0,0,0,0,NA,NA,NA,NA
"3279",241846,128165,"TAD",42250.25,85,2,10,100,42,9.3,7.4,5.2,3.3,25,7,0,0,0,NA,NA,NA,NA
"3280",241847,128165,"TAD",42250.5,85,2,10,100,32,14.9,20.6,10.7,3.3,8.3,9,0,0,0,NA,NA,NA,NA
"3281",241848,128165,"TAD",42250.75,85,2,10,100,46,28.6,23.4,1.9,0.2,0,0,0,0,0,NA,NA,NA,NA
"3282",241849,128165,"TAD",42251,85,3,10,100,29,16.4,23.2,7.6,2.5,12.2,8,0,0,0,NA,NA,NA,NA
"3283",241850,128165,"TAD",42251.25,85,1,10,100,32,9.7,11.1,8.2,4,20.3,14,0,0,0,NA,NA,NA,NA
"3284",241851,128165,"TAD",42251.5,85,3,10,100,30,8.3,11.1,6.5,5.4,31.1,6,0,0,0,NA,NA,NA,NA
"3285",241852,128165,"TAD",42251.75,85,8,10,100,31,25.7,24.4,7.9,5.4,5,0,0,0,0,NA,NA,NA,NA
"3286",241853,128165,"TAD",42252,85,4,10,100,23,6.7,12.2,5.9,3.9,11.3,36,0,0,0,NA,NA,NA,NA
"3287",241854,128165,"TAD",42252.25,85,6,10,100,22,13.4,19.3,15.5,6.9,14.7,8,0,0,0,NA,NA,NA,NA
"3288",241855,128165,"TAD",42252.5,85,6,10,100,21,10.8,19.8,15.2,14.6,17.7,0,0,0,0,NA,NA,NA,NA
"3289",241856,128165,"TAD",42252.75,85,9,10,100,30,18.9,24.4,11.1,8.6,6.2,0,0,0,0,NA,NA,NA,NA
"3290",241857,128165,"TAD",42253,85,3,10,100,21,6.4,18.1,7.4,3.5,27.8,15,0,0,0,NA,NA,NA,NA
"3291",241858,128165,"TAD",42253.25,85,3,10,100,27,11.5,22.3,12,5.1,16.8,4,0,0,0,NA,NA,NA,NA
"3292",241859,128165,"TAD",42253.5,86,2,10,100,28,9.9,21,11.4,8.1,20.2,1,0,0,0,NA,NA,NA,NA
"3293",241860,128165,"TAD",42253.75,86,6,10,100,24,14.3,26.4,13.9,10.8,10.1,0,0,0,0,NA,NA,NA,NA
"3294",241861,128165,"TAD",42254,86,3,10,100,38,24.6,22.8,6.5,2,5.7,0,0,0,0,NA,NA,NA,NA
"3295",241862,128165,"TAD",42254.25,86,5,10,100,24,11.9,16.7,14.3,8.9,22.2,1,0,0,0,NA,NA,NA,NA
"3296",241863,128165,"TAD",42254.5,86,3,10,100,25,17.5,33.7,15.9,4,3.9,0,0,0,0,NA,NA,NA,NA
"3297",241864,128165,"TAD",42254.75,86,4,10,100,18,8.7,37.3,28.8,6.1,0.9,0,0,0,0,NA,NA,NA,NA
"3298",241865,128165,"TAD",42255,86,5,10,100,14,6.1,7.9,7.4,3.3,27.1,33,0,0,0,NA,NA,NA,NA
"3299",241866,128165,"TAD",42255.25,86,1,10,100,21,11.4,13.3,7.8,2.8,16.9,26,0,0,0,NA,NA,NA,NA
"3300",241867,128165,"TAD",42255.5,86,4,10,100,32,15,20,7.5,7.4,18.2,0,0,0,0,NA,NA,NA,NA
"3301",241868,128165,"TAD",42255.75,86,5,10,100,23,12.5,27.5,13.9,6.5,16.4,0,0,0,0,NA,NA,NA,NA
"3302",241869,128165,"TAD",42256,86,5,10,100,17,14.6,24.5,14.4,6.1,21.1,1,0,0,0,NA,NA,NA,NA
"3303",241870,128165,"TAD",42256.25,86,5,10,100,18,11.4,25.6,19.3,10.7,14.4,0,0,0,0,NA,NA,NA,NA
"3304",241871,128165,"TAD",42256.5,86,3,10,100,36,23.7,26.9,7.4,2.6,3.2,0,0,0,0,NA,NA,NA,NA
"3305",241872,128165,"TAD",42256.75,86,8,10,100,31,20.8,30.7,12.9,2.6,1.9,0,0,0,0,NA,NA,NA,NA
"3306",241873,128165,"TAD",42257,86,7,10,100,27,17.9,16,12.5,7.1,11.3,7,0,0,0,NA,NA,NA,NA
"3307",241874,128165,"TAD",42257.25,86,7,10,100,24,13.8,20,9.4,6.3,17.2,8,0,0,0,NA,NA,NA,NA
"3308",241875,128165,"TAD",42257.5,86,6,10,100,25,8.5,8.7,4.2,3.9,20.9,28,0,0,0,NA,NA,NA,NA
"3309",241876,128165,"TAD",42257.75,86,6,10,100,32,9.7,8.2,3.9,2.8,12.5,25,4.9,0,0,NA,NA,NA,NA
"3310",241877,128165,"TAD",42258,86,2,10,100,24,12.2,18.6,11.1,7.1,22.9,3,0,0,0,NA,NA,NA,NA
"3311",241878,128165,"TAD",42258.25,86,4,10,100,22,11.5,23.6,10.7,3.5,12.2,16,0,0,0,NA,NA,NA,NA
"3312",241879,128165,"TAD",42258.5,86,1,10,100,28,14.6,18.2,8.7,4.9,14.1,11,0,0,0,NA,NA,NA,NA
"3313",241880,128165,"TAD",42258.75,86,4,10,100,22,14.2,24.6,10.6,5.1,11.4,11,0,0,0,NA,NA,NA,NA
"3314",241881,128165,"TAD",42259,86,6,10,100,23,10.3,8.9,8.2,8.2,18.4,22,0,0,0,NA,NA,NA,NA
"3315",241882,128165,"TAD",42259.25,86,4,10,100,24,11.2,18.8,9.7,9.3,22.4,4,0,0,0,NA,NA,NA,NA
"3316",241883,128165,"TAD",42259.5,86,3,10,100,40,18.9,26.3,9.6,2.6,2,0,0,0,0,NA,NA,NA,NA
"3317",241884,128165,"TAD",42259.75,86,6,10,100,22,6.5,9.3,9.3,9,26.1,17,0,0,0,NA,NA,NA,NA
"3318",241885,128165,"TAD",42260,86,1,10,100,39,16.5,20.9,13.9,3.7,5.9,0,0,0,0,NA,NA,NA,NA
"3319",241886,128165,"TAD",42260.25,86,3,10,100,26,10.8,20.7,11.9,5.6,10.8,13,0,0,0,NA,NA,NA,NA
"3320",241887,128165,"TAD",42260.5,86,4,10,100,19,6.5,10.8,11.7,10,26.7,15,0,0,0,NA,NA,NA,NA
"3321",241888,128165,"TAD",42260.75,86,3,10,100,18,11.7,18,15.3,7.9,20.5,7,0,0,0,NA,NA,NA,NA
"3322",241889,128165,"TAD",42261,86,5,10,100,20,7.2,6.7,4.4,4.1,14.6,42,0,0,0,NA,NA,NA,NA
"3323",241890,128165,"TAD",42261.25,86,4,10,100,22,10.2,15.7,12.1,4.9,11.3,23,0,0,0,NA,NA,NA,NA
"3324",241891,128165,"TAD",42261.5,86,4,10,100,22,11.1,9.9,8.6,5.6,24.2,18,0,0,0,NA,NA,NA,NA
"3325",241892,128165,"TAD",42261.75,86,7,10,100,17,9.3,17.3,12.2,7.9,23.3,12,0,0,0,NA,NA,NA,NA
"3326",241893,128165,"TAD",42262,86,6,10,100,23,8.8,6.3,3.5,2.3,7.4,48,0,0,0,NA,NA,NA,NA
"3327",241894,128165,"TAD",42262.25,86,7,10,100,29,7.1,6.3,2.2,1.7,13.7,39,0,0,0,NA,NA,NA,NA
"3328",241895,128165,"TAD",42262.5,86,3,10,100,22,6.5,3.9,1.2,1.4,11.1,53,0,0,0,NA,NA,NA,NA
"3329",241896,128165,"TAD",42262.75,86,5,10,100,39,13.2,10.9,4.8,4.3,13.7,10,2.8,0,0,NA,NA,NA,NA
"3330",241897,128165,"TAD",42263,86,1,10,100,28,12.2,15.2,6,3.9,14.5,19,0,0,0,NA,NA,NA,NA
"3331",241898,128165,"TAD",42263.25,86,5,10,100,18,7.6,8.3,5.7,3.9,19.8,35,0,0,0,NA,NA,NA,NA
"3332",241899,128165,"TAD",42263.5,86,5,10,100,18,11.1,18.5,14.2,13.3,19.6,4,0,0,0,NA,NA,NA,NA
"3333",241900,128165,"TAD",42263.75,86,6,10,100,19,11.3,15.1,10.4,7.9,29.9,5,0,0,0,NA,NA,NA,NA
"3334",241901,128165,"TAD",42264,86,6,10,100,15,7.2,4.7,2.5,1.1,7.8,60,0.3,0,0,NA,NA,NA,NA
"3335",241902,128165,"TAD",42264.25,86,3,10,100,13,6.3,3.9,2.5,1.6,17.1,54,0,0,0,NA,NA,NA,NA
"3336",241903,128165,"TAD",42264.5,87,3,10,100,19,8.1,7.8,5.7,2.9,28.2,27,0,0,0,NA,NA,NA,NA
"3337",241904,128165,"TAD",42264.75,87,3,10,100,24,16,37.3,11.7,3.9,6.5,0,0,0,0,NA,NA,NA,NA
"3338",241905,128165,"TAD",42265,87,2,10,100,17,8.6,10.6,15.6,10.1,31.8,6,0,0,0,NA,NA,NA,NA
"3339",241906,128165,"TAD",42265.5,87,7,10,100,26,9.6,15.6,12.4,10.6,24.4,1,0,0,0,NA,NA,NA,NA
"3340",241907,128165,"TAD",42265.75,87,6,10,100,26,12.1,11.9,9.2,4.2,25,11,0,0,0,NA,NA,NA,NA
"3341",241908,128165,"TAD",42266,87,4,10,100,42,17.1,23.9,9.1,3.7,3.9,0,0,0,0,NA,NA,NA,NA
"3342",241909,128165,"TAD",42266.5,87,4,10,100,27,11.4,20.4,12.2,8.2,15.8,4,0,0,0,NA,NA,NA,NA
"3343",241910,128165,"TAD",42266.75,87,7,10,100,25,13.9,20.1,11.1,7.8,21.5,0,0,0,0,NA,NA,NA,NA
"3344",241911,128165,"TAD",42267,87,6,10,100,15,8.2,11,23.4,13.6,27.6,0,0,0,0,NA,NA,NA,NA
"3345",241912,128165,"TAD",42267.25,87,2,10,100,17,7.6,14.9,8.6,5.4,28.8,17,0,0,0,NA,NA,NA,NA
"3346",241913,128165,"TAD",42267.5,87,4,10,100,24,9.4,15,9.9,6.9,26.3,7,0,0,0,NA,NA,NA,NA
"3347",241914,128165,"TAD",42267.75,87,2,10,100,22,6.7,7.2,5,2.9,14.8,34,7.2,0,0,NA,NA,NA,NA
"3348",241915,128165,"TAD",42268.25,87,1,10,100,27,8.1,7.8,7.1,6,14.9,24,4.3,0,0,NA,NA,NA,NA
"3349",241916,128165,"TAD",42268.5,87,3,10,100,24,4.3,5.8,4.6,3.9,15.6,36,5,0,0,NA,NA,NA,NA
"3350",241917,128165,"TAD",42268.75,87,7,10,100,53,6.5,4.6,1.8,1.2,5.3,14,12.9,0,0,NA,NA,NA,NA
"3351",241918,128165,"TAD",42269,87,7,10,100,24,6.4,7.9,5.7,4.2,19.2,16,15.4,0,0,NA,NA,NA,NA
"3352",241919,128165,"TAD",42269.25,87,1,10,100,24,9,23.4,16.6,8.9,10.8,7,0.1,0,0,NA,NA,NA,NA
"3353",241920,128165,"TAD",42269.5,87,5,10,100,26,6.8,13.2,6.1,3.3,18.1,19,6.3,0,0,NA,NA,NA,NA
"3354",241921,128165,"TAD",42269.75,87,4,10,100,16,5.9,3.4,1.1,0.6,2,6,63.1,1.1,0,NA,NA,NA,NA
"3355",241922,128165,"TAD",42270,87,3,10,100,17,9.3,7.9,2.9,1.9,9.4,20,29.8,0,0,NA,NA,NA,NA
"3356",241923,128165,"TAD",42270.25,87,8,10,100,25,12,6.5,4,3.1,19.2,29,0.6,0,0,NA,NA,NA,NA
"3357",241924,128165,"TAD",42270.5,87,3,10,100,18,3,3.3,1.5,2.4,26.2,42,3,0,0,NA,NA,NA,NA
"3358",241925,128165,"TAD",42270.75,87,2,10,100,40,8.2,4.5,3,1.3,8,16,17.9,0,0,NA,NA,NA,NA
"3359",241926,128165,"TAD",42271,87,7,10,100,29,8.3,6.1,2.8,2.2,12.1,22,16.5,0,0,NA,NA,NA,NA
"3360",241927,128165,"TAD",42271.25,87,4,10,100,49,3.5,1.6,0.7,0.5,2.8,5,36.4,0,0,NA,NA,NA,NA
"3361",241928,128165,"TAD",42271.5,87,2,10,100,41,10.7,4.1,2.8,1.3,5.2,12,22.2,0,0,NA,NA,NA,NA
"3362",241929,128165,"TAD",42271.75,87,2,10,100,27,10.2,6,2.1,1.8,13.6,14,24.5,0,0,NA,NA,NA,NA
"3363",241930,128165,"TAD",42272,87,4,10,100,25,4.9,3,1.4,0.7,2.3,5,56.1,0,0,NA,NA,NA,NA
"3364",241931,128165,"TAD",42272.25,87,6,10,100,27,9.3,8,1.8,1.5,6.8,14,30.5,0,0,NA,NA,NA,NA
"3365",241932,128165,"TAD",42272.5,87,4,10,100,25,7.2,3.3,0.6,0.6,3,13,45.9,0,0,NA,NA,NA,NA
"3366",241933,128165,"TAD",42272.75,87,2,10,100,21,9.5,5,1.1,0.7,4.3,16,41.8,0,0,NA,NA,NA,NA
"3367",241934,128165,"TAD",42273,87,1,10,100,20,19.6,23.6,11.9,5.2,10,8,0,0,0,NA,NA,NA,NA
"3368",241935,128165,"TAD",42273.25,87,3,10,100,22,3.9,3,1.2,0.9,12,56,0,0,0,NA,NA,NA,NA
"3369",241936,128165,"TAD",42273.5,87,5,10,100,24,4.6,3.2,1.4,1.2,6.3,57,0.7,0,0,NA,NA,NA,NA
"3370",241937,128165,"TAD",42273.75,87,1,10,100,32,6.1,9,4.9,5.1,32.8,9,0,0,0,NA,NA,NA,NA
"3371",241938,128165,"TAD",42274,87,4,10,100,27,8,9,5.8,3.6,11.4,20,14.4,0,0,NA,NA,NA,NA
"3372",241939,128165,"TAD",42274.25,87,5,10,100,21,6.1,7.1,3.5,2.1,10.6,24,25.3,0,0,NA,NA,NA,NA
"3373",241940,128165,"TAD",42274.5,87,1,10,100,21,6.1,3.5,1.5,0.7,6.3,37,22.8,0,0,NA,NA,NA,NA
"3374",241941,128165,"TAD",42274.75,87,2,10,100,35,11.5,4.6,2.4,1.5,6.7,8,23.6,5.4,0,NA,NA,NA,NA
"3375",241942,128165,"TAD",42275,87,3,10,100,26,6.5,6.1,5,1.8,5.8,25,22.9,0,0,NA,NA,NA,NA
"3376",241943,128165,"TAD",42275.25,88,3,10,100,17,7.2,7.6,7.4,8.5,35.9,13,3.1,0,0,NA,NA,NA,NA
"3377",241944,128165,"TAD",42275.5,88,5,10,100,12,3,2.2,2.8,3.5,44.5,31,0,0,0,NA,NA,NA,NA
"3378",241945,128165,"TAD",42275.75,88,3,10,100,15,3.7,4.6,3.7,4.4,53.7,14,0,0,0,NA,NA,NA,NA
"3379",241946,128165,"TAD",42276,88,2,10,100,14,6.3,6,4.4,5,32.8,31,0,0,0,NA,NA,NA,NA
"3380",241947,128165,"TAD",42276.5,88,2,10,100,17,5.6,4.1,3.2,3.5,26,38,2,0,0,NA,NA,NA,NA
"3381",241948,128165,"TAD",42277.5,88,1,10,100,24,9.9,9.4,4.4,2.9,11.4,19,18.3,0,0,NA,NA,NA,NA
"3382",241949,128165,"TAD",42277.75,88,2,10,100,16,5.2,6.1,2,1.7,7.2,24,37,0,0,NA,NA,NA,NA
"3383",241950,128165,"TAD",42278,88,1,10,100,37,16.5,13.2,8.2,3.5,15.4,6,0,0,0,NA,NA,NA,NA
"3384",241951,128165,"TAD",42278.25,88,1,10,100,26,8.7,9.4,3.6,3.2,22.3,25,0,0,0,NA,NA,NA,NA
"3385",241952,128165,"TAD",42278.5,88,7,10,100,24,21.3,25.5,7.2,5.6,15.7,0,0,0,0,NA,NA,NA,NA
"3386",241953,128165,"TAD",42278.75,88,1,10,100,21,14.1,33.4,24.5,4.7,1.7,0,0,0,0,NA,NA,NA,NA
"3387",241954,128165,"TAD",42279,88,2,10,100,26,17.4,20.1,8.1,4.3,13.3,10,0,0,0,NA,NA,NA,NA
"3388",241955,128165,"TAD",42279.25,88,1,10,100,19,5.6,4.7,2.6,3.6,24,23,17.2,0,0,NA,NA,NA,NA
"3389",241956,128165,"TAD",42279.5,88,1,10,100,32,15,18.1,8.2,6.1,19.6,0,0,0,0,NA,NA,NA,NA
"3390",241957,128165,"TAD",42279.75,88,1,10,100,37,21.5,23.6,7.4,4.8,5.2,0,0,0,0,NA,NA,NA,NA
"3391",241958,128165,"TAD",42280,88,2,10,100,24,9.3,20.6,12.4,6.4,14.6,12,0,0,0,NA,NA,NA,NA
"3392",241959,128165,"TAD",42280.25,88,1,10,100,36,11.7,11.1,9.6,7.8,17.2,6,0,0,0,NA,NA,NA,NA
"3393",241960,128165,"TAD",42280.5,88,1,10,100,66,20.8,12.7,0.3,0,0,0,0,0,0,NA,NA,NA,NA
"3394",241961,128165,"TAD",42280.75,88,4,10,100,70,23.4,6.1,0,0,0,0,0,0,0,NA,NA,NA,NA
"3395",241962,128165,"TAD",42281,88,1,10,100,23,15.9,14.7,2.6,4.6,11.4,27,0,0,0,NA,NA,NA,NA
"3396",241963,128165,"TAD",42281.25,88,2,10,100,13,6.3,5.4,3.5,3.5,29.6,38,0,0,0,NA,NA,NA,NA
"3397",241964,128165,"TAD",42281.5,88,2,10,100,21,13.8,28.9,14,7.4,13.6,0,0,0,0,NA,NA,NA,NA
"3398",241965,128165,"TAD",42281.75,88,1,10,100,32,16,25.8,12.4,5.6,7.4,0,0,0,0,NA,NA,NA,NA
"3399",241966,128165,"TAD",42282,88,1,10,100,13,5.6,7.2,5.3,3.9,11.3,53,0,0,0,NA,NA,NA,NA
"3400",241967,128165,"TAD",42283,88,2,10,100,24,9.7,14.2,10.3,3.3,7.4,31,0,0,0,NA,NA,NA,NA
"3401",241968,128165,"TAD",42284,88,1,10,100,16,8.3,9.9,6.7,5.3,27.4,25,0,0,0,NA,NA,NA,NA
"3402",241969,128165,"TAD",42284.25,88,2,10,100,16,5.9,5,5.2,7.2,39.4,20,0,0,0,NA,NA,NA,NA
"3403",241970,128165,"TAD",42284.5,88,1,10,100,24,7.4,14.7,12.2,10.8,28.1,2,0,0,0,NA,NA,NA,NA
"3404",241971,128165,"TAD",42284.75,88,2,10,100,21,6,14.6,18.1,9.8,14.2,15,0,0,0,NA,NA,NA,NA
"3405",241972,128165,"TAD",42285.25,88,3,10,100,29,21.5,28.4,9.8,4.4,6.2,0,0,0,0,NA,NA,NA,NA
"3406",241973,128165,"TAD",42285.75,88,1,10,100,19,5.5,15.8,17.9,9.2,31.2,1,0,0,0,NA,NA,NA,NA
"3407",241974,128165,"TAD",42286,89,1,10,100,17,8.9,19.4,17.2,11.4,20,6,0,0,0,NA,NA,NA,NA
"3408",241975,128165,"TAD",42286.5,89,2,10,100,38,22.1,25.8,10,2.8,1.3,0,0,0,0,NA,NA,NA,NA
"3409",241976,128165,"TAD",42286.75,89,1,10,100,39,23.9,26.2,6.7,2,1.3,0,0,0,0,NA,NA,NA,NA
"3410",241977,128165,"TAD",42288.25,89,1,10,100,14,5,4.5,3.2,2.6,23.7,44,2.4,0,0,NA,NA,NA,NA
"3411",241978,128165,"TAD",42288.5,89,1,10,100,11,3.2,2.3,1.4,1.2,16.2,54,9.7,0,0,NA,NA,NA,NA
"3412",241979,128165,"TAD",42288.75,89,1,10,100,16,3.5,3.2,3.2,4.3,22.7,40,5.9,0,0,NA,NA,NA,NA
"3413",241980,128165,"TAD",42289.5,89,1,10,100,17,1.9,2.6,1.7,0.6,4.8,43,27,0,0,NA,NA,NA,NA
"3414",241981,128165,"TAD",42289.75,89,2,10,100,16,2,1.7,1.1,0.4,3.7,19,37.8,17.1,0,NA,NA,NA,NA
"3415",241982,128165,"TAD",42290,89,1,10,100,17,3.2,4.3,5,2.8,36.2,28,3.2,0,0,NA,NA,NA,NA
"3416",241983,128165,"TAD",42290.25,89,1,10,100,19,2.1,3.6,4.5,6.1,30.7,21,12.2,0,0,NA,NA,NA,NA
"3417",241984,128165,"TAD",42290.75,89,1,10,100,22,4.3,4.1,2,2.8,20.2,35,8.3,0,0,NA,NA,NA,NA
"3418",241985,128165,"TAD",42292,89,1,10,100,10,5.3,3.5,1.6,1.2,6,15,56.1,0,0,NA,NA,NA,NA
"3419",241986,128165,"TAD",42292.5,89,1,10,100,15,1.9,1.9,1.3,0.7,5.2,38,34.9,0.7,0,NA,NA,NA,NA
"3420",241987,128165,"TAD",42292.75,89,1,10,100,16,4.6,3.2,1.8,1.2,15,47,9.9,0,0,NA,NA,NA,NA
"3421",241988,128165,"TAD",42293.5,89,1,10,100,15,1.9,1.9,0.9,1.2,4.9,21,52.1,0,0,NA,NA,NA,NA
"3422",241989,128165,"TAD",42294.5,89,1,10,100,22,3.6,2.6,1.8,0.7,4.3,15,22.3,25,2.1,NA,NA,NA,NA
"3423",241990,128165,"TAD",42294.75,89,1,10,100,20,3.6,3.6,1.7,1.1,6.1,24,24.9,12.5,1.4,NA,NA,NA,NA
"3424",241991,128165,"TAD",42295,89,1,10,100,28,8.9,10.4,3.1,1.4,7.2,25,6.8,5.3,2.5,NA,NA,NA,NA
"3425",241992,128165,"TAD",42295.25,89,1,10,100,21,3.3,3.2,2.5,1.4,8.3,31,15.4,11.3,1.4,NA,NA,NA,NA
"3426",241993,128165,"TAD",42296.25,89,1,10,100,14,5.2,2.6,0.7,0.6,1.5,8,12.1,41,13.7,NA,NA,NA,NA
"3427",241994,128165,"TAD",42296.5,89,1,10,100,16,4.1,2,0.9,0.6,3.5,9,15.4,46.8,0,NA,NA,NA,NA
"3428",241995,128165,"TAD",42296.75,90,1,10,100,19,6.8,4.2,1.9,0.7,5.4,11,13.8,12.2,24.2,NA,NA,NA,NA
"3429",241996,128165,"TAD",42297,90,1,10,100,16,5.6,5.1,2.6,2.2,6.5,8,9,14,29.9,NA,NA,NA,NA
"3430",241997,128165,"TAD",42297.25,90,2,10,100,19,3.1,3.2,1.3,1.3,4.6,13,16.3,10.3,26.9,NA,NA,NA,NA
"3431",241998,128165,"TAD",42298.25,90,1,10,100,24,2.6,2.8,0.7,0.6,3.1,6,37,22,0,NA,NA,NA,NA
"3432",241999,128165,"TAD",42298.75,90,2,10,100,20,5.8,3.3,1.5,0.9,4.1,9,13.9,40.5,0,NA,NA,NA,NA
"3433",242000,128165,"TAD",42299.25,90,1,10,100,21,5.9,3.5,1.5,0.9,4.1,8,16.9,36.7,0,NA,NA,NA,NA
"3434",242001,128165,"TAD",42299.5,90,1,10,100,20,3.8,2.5,1.5,1.3,10.1,32,9.4,18.8,0,NA,NA,NA,NA
"3435",242002,128165,"TAD",42300,90,1,10,100,15,3.3,1.9,0.8,0.8,2.8,9,63.5,1.9,0,NA,NA,NA,NA
"3436",242003,128165,"TAD",42300.25,90,1,10,100,16,3.1,1.7,1.1,1.1,3.6,10,62.3,0.3,0,NA,NA,NA,NA
"3437",242004,128165,"TAD",42300.75,90,1,10,100,23,3.2,3.1,1.7,1.7,10.1,30,21.9,4.9,0,NA,NA,NA,NA
